Program,Program_number,Space,mean_abs_loading,signed_mean_loading,max_abs_loading,Niche,Peak_space,Peak_niche,Peak_mean_abs_loading
CPVAE1,1,SI1,0.06808318160474298,-0.0020769599825143786,0.0957277342677116,small_intestine,SI1,small_intestine,0.06808318160474298
CPVAE1,1,SI2,0.051811967790126756,-0.0015805870294571204,0.0728497430682182,small_intestine,SI1,small_intestine,0.06808318160474298
CPVAE1,1,SI3,0.02438079752027984,-0.0007437657564878795,0.0342803969979286,small_intestine,SI1,small_intestine,0.06808318160474298
CPVAE1,1,SI4,0.04392984192818398,-0.0013401331380009796,0.0617671534419059,small_intestine,SI1,small_intestine,0.06808318160474298
CPVAE1,1,SI5,0.040946672670543124,-0.0012491272762418005,0.0575726926326751,small_intestine,SI1,small_intestine,0.06808318160474298
CPVAE1,1,SI6,0.02715679937973614,-0.0008284515701234201,0.038183569908142,small_intestine,SI1,small_intestine,0.06808318160474298
CPVAE1,1,SI7,0.032409732043743075,-0.000988698005676279,0.0455694086849689,small_intestine,SI1,small_intestine,0.06808318160474298
CPVAE1,1,SI8,0.02083945488557214,-0.0006357328034937405,0.0293011255562305,small_intestine,SI1,small_intestine,0.06808318160474298
CPVAE1,1,SI9,0.025430925562977758,-0.0007758010178804392,0.0357569195330143,small_intestine,SI1,small_intestine,0.06808318160474298
CPVAE1,1,ce,0.039590049721300556,-0.00120774265378716,0.0556652285158634,cecum,SI1,small_intestine,0.06808318160474298
CPVAE1,1,co,0.028077987488359164,-0.0008565523661673204,0.0394787974655628,colon,SI1,small_intestine,0.06808318160474298
CPVAE1,1,st,0.050210059806704455,-0.0015317190438509016,0.0705973953008651,stomach,SI1,small_intestine,0.06808318160474298
CPVAE10,10,SI1,0.06090391762554641,0.04170908518135546,0.166724756360054,small_intestine,SI1,small_intestine,0.06090391762554641
CPVAE10,10,SI2,0.03084433316253122,-0.02112325378693642,0.0844365060329437,small_intestine,SI1,small_intestine,0.06090391762554641
CPVAE10,10,SI3,0.03696088367141778,-0.025312076276168223,0.1011805906891822,small_intestine,SI1,small_intestine,0.06090391762554641
CPVAE10,10,SI4,0.01443454925902182,-0.0098852728959173,0.0395146459341049,small_intestine,SI1,small_intestine,0.06090391762554641
CPVAE10,10,SI5,0.04240241902880364,-0.029038625629618765,0.1160768195986747,small_intestine,SI1,small_intestine,0.06090391762554641
CPVAE10,10,SI6,0.00384229666087772,-0.00263133605476468,0.010518305003643,small_intestine,SI1,small_intestine,0.06090391762554641
CPVAE10,10,SI7,0.0045961274998262,-0.0031475852476432796,0.0125819202512502,small_intestine,SI1,small_intestine,0.06090391762554641
CPVAE10,10,SI8,0.0010404458138509186,0.0007125328542315213,0.0028482251800596,small_intestine,SI1,small_intestine,0.06090391762554641
CPVAE10,10,SI9,0.00902302961330856,0.00617927911225708,0.0247005857527256,small_intestine,SI1,small_intestine,0.06090391762554641
CPVAE10,10,ce,0.030479653598740657,0.020873508928343658,0.0834381952881813,cecum,SI1,small_intestine,0.06090391762554641
CPVAE10,10,co,0.01692888017278162,0.01159347568172962,0.0463428869843483,colon,SI1,small_intestine,0.06090391762554641
CPVAE10,10,st,0.014254886819980961,-0.00976223370525984,0.0390228182077407,stomach,SI1,small_intestine,0.06090391762554641
CPVAE2,2,SI1,0.009809426194988142,0.00748268945608286,0.0223474502563476,small_intestine,ce,cecum,0.05641017481684683
CPVAE2,2,SI2,0.001101107733848,-0.00083993160951648,0.0025085003580898,small_intestine,ce,cecum,0.05641017481684683
CPVAE2,2,SI3,0.04271659413352604,-0.032584474887698875,0.0973152667284011,small_intestine,ce,cecum,0.05641017481684683
CPVAE2,2,SI4,0.00323444536770688,-0.0024672543921042,0.0073685864917933,small_intestine,ce,cecum,0.05641017481684683
CPVAE2,2,SI5,0.00395825367886566,-0.00301937970798462,0.0090175382792949,small_intestine,ce,cecum,0.05641017481684683
CPVAE2,2,SI6,0.01646135745104396,-0.01255682262126356,0.0375016182661056,small_intestine,ce,cecum,0.05641017481684683
CPVAE2,2,SI7,0.01860547687392676,-0.01419236969668416,0.0423862673342227,small_intestine,ce,cecum,0.05641017481684683
CPVAE2,2,SI8,0.02553792190738018,-0.01948048057965934,0.0581794902682304,small_intestine,ce,cecum,0.05641017481684683
CPVAE2,2,SI9,0.033931350521743245,-0.02588303852826356,0.0773010700941085,small_intestine,ce,cecum,0.05641017481684683
CPVAE2,2,ce,0.05641017481684683,-0.0430300213396549,0.128511443734169,cecum,ce,cecum,0.05641017481684683
CPVAE2,2,co,0.04899405175819988,-0.0373729578219354,0.1116163283586502,colon,ce,cecum,0.05641017481684683
CPVAE2,2,st,0.01120879219379272,0.00855013413820416,0.0255354307591915,stomach,ce,cecum,0.05641017481684683
CPVAE3,3,SI1,0.04011533908778796,-0.039989247021730956,0.1251856684684753,small_intestine,SI2,small_intestine,0.045694047684082716
CPVAE3,3,SI2,0.045694047684082716,0.0455504204088356,0.1425948292016983,small_intestine,SI2,small_intestine,0.045694047684082716
CPVAE3,3,SI3,0.009072311427735227,-0.009043794991157452,0.0283114481717348,small_intestine,SI2,small_intestine,0.045694047684082716
CPVAE3,3,SI4,0.019880656775785578,-0.01981816713814622,0.0620404407382011,small_intestine,SI2,small_intestine,0.045694047684082716
CPVAE3,3,SI5,0.02031575534783764,-0.020251898092101282,0.0633982270956039,small_intestine,SI2,small_intestine,0.045694047684082716
CPVAE3,3,SI6,0.01932222205505238,-0.01926148771017322,0.0602977648377418,small_intestine,SI2,small_intestine,0.045694047684082716
CPVAE3,3,SI7,0.0180113572190748,-0.017954743231530283,0.0562070235610008,small_intestine,SI2,small_intestine,0.045694047684082716
CPVAE3,3,SI8,0.007406380273459889,-0.007383100256265551,0.0231126714497804,small_intestine,SI2,small_intestine,0.045694047684082716
CPVAE3,3,SI9,0.00036307779528212824,-0.0003619365553276785,0.0011330363340675,small_intestine,SI2,small_intestine,0.045694047684082716
CPVAE3,3,ce,0.0008702387264747592,0.0008675033587678407,0.0027157047297805,cecum,SI2,small_intestine,0.045694047684082716
CPVAE3,3,co,0.002978929908203963,0.0029695664223253967,0.0092961778864264,colon,SI2,small_intestine,0.045694047684082716
CPVAE3,3,st,0.04374735432793382,0.04360984598170034,0.1365198940038681,stomach,SI2,small_intestine,0.045694047684082716
CPVAE4,4,SI1,0.04405845571309324,0.012041590921580803,0.0989201962947845,small_intestine,st,stomach,0.05578257068991656
CPVAE4,4,SI2,0.045835874974727575,0.01252737492322922,0.1029108613729476,small_intestine,st,stomach,0.05578257068991656
CPVAE4,4,SI3,0.04703399855643506,0.012854833714663982,0.105600893497467,small_intestine,st,stomach,0.05578257068991656
CPVAE4,4,SI4,0.04455724162980908,0.012177913356572402,0.1000400707125663,small_intestine,st,stomach,0.05578257068991656
CPVAE4,4,SI5,0.00448638374218714,0.0012261708616279,0.0100728441029787,small_intestine,st,stomach,0.05578257068991656
CPVAE4,4,SI6,0.01216501817107196,-0.00332481376826764,0.0273129399865865,small_intestine,st,stomach,0.05578257068991656
CPVAE4,4,SI7,0.01386373434215776,-0.0037890890613198405,0.0311269033700227,small_intestine,st,stomach,0.05578257068991656
CPVAE4,4,SI8,0.01023667720146472,-0.00279778013937176,0.0229834225028753,small_intestine,st,stomach,0.05578257068991656
CPVAE4,4,SI9,0.01010497834067788,-0.0027617854299024002,0.0226877313107252,small_intestine,st,stomach,0.05578257068991656
CPVAE4,4,ce,0.0048173840041271804,0.00131663634674626,0.0108160069212317,cecum,st,stomach,0.05578257068991656
CPVAE4,4,co,0.00217895277892234,-0.00059552832390182,0.0048921923153102,colon,st,stomach,0.05578257068991656
CPVAE4,4,st,0.05578257068991656,0.015245900303125401,0.1252432167530059,stomach,st,stomach,0.05578257068991656
CPVAE5,5,SI1,0.07885711938142774,0.07885711938142774,0.1447124183177948,small_intestine,SI2,small_intestine,0.08582480624318117
CPVAE5,5,SI2,0.08582480624318117,0.08582480624318117,0.1574989706277847,small_intestine,SI2,small_intestine,0.08582480624318117
CPVAE5,5,SI3,0.02978382539004084,0.02978382539004084,0.054656945168972,small_intestine,SI2,small_intestine,0.08582480624318117
CPVAE5,5,SI4,0.00459380378015334,-0.00459380378015334,0.0084301894530653,small_intestine,SI2,small_intestine,0.08582480624318117
CPVAE5,5,SI5,0.02780285868793722,-0.02780285868793722,0.0510216318070888,small_intestine,SI2,small_intestine,0.08582480624318117
CPVAE5,5,SI6,0.03274601548910136,-0.03274601548910136,0.0600929260253906,small_intestine,SI2,small_intestine,0.08582480624318117
CPVAE5,5,SI7,0.027775206789374295,-0.027775206789374295,0.0509708859026432,small_intestine,SI2,small_intestine,0.08582480624318117
CPVAE5,5,SI8,0.0165787785314023,-0.0165787785314023,0.0304240770637989,small_intestine,SI2,small_intestine,0.08582480624318117
CPVAE5,5,SI9,0.00885758558288212,-0.00885758558288212,0.0162547472864389,small_intestine,SI2,small_intestine,0.08582480624318117
CPVAE5,5,ce,0.01107256286777552,-0.01107256286777552,0.0203195009380579,cecum,SI2,small_intestine,0.08582480624318117
CPVAE5,5,co,0.01272279066033658,-0.01272279066033658,0.023347869515419,colon,SI2,small_intestine,0.08582480624318117
CPVAE5,5,st,0.00406001058872784,0.00406001058872784,0.0074506136588752,stomach,SI2,small_intestine,0.08582480624318117
CPVAE6,6,SI1,0.044818236306309656,-0.025358659401535977,0.0877314060926437,small_intestine,SI4,small_intestine,0.06786811798810957
CPVAE6,6,SI2,0.00544636091217394,-0.00308161200955506,0.0106612164527177,small_intestine,SI4,small_intestine,0.06786811798810957
CPVAE6,6,SI3,0.02870960943400854,-0.01624421812593934,0.056198876351118,small_intestine,SI4,small_intestine,0.06786811798810957
CPVAE6,6,SI4,0.06786811798810957,-0.03840054124593732,0.1328514069318771,small_intestine,SI4,small_intestine,0.06786811798810957
CPVAE6,6,SI5,0.01388861853629346,-0.00785833578556774,0.027186881750822,small_intestine,SI4,small_intestine,0.06786811798810957
CPVAE6,6,SI6,0.006564524956047481,-0.00371428169310088,0.0128500154241919,small_intestine,SI4,small_intestine,0.06786811798810957
CPVAE6,6,SI7,0.00245221864897754,0.0013874927768483401,0.0048002023249864,small_intestine,SI4,small_intestine,0.06786811798810957
CPVAE6,6,SI8,0.00551677853800352,0.00312145506031808,0.0107990587130188,small_intestine,SI4,small_intestine,0.06786811798810957
CPVAE6,6,SI9,0.00482290736399586,0.0027288550045341,0.009440810419619,small_intestine,SI4,small_intestine,0.06786811798810957
CPVAE6,6,ce,0.00390575486235316,0.00220991983078416,0.0076454901136457,cecum,SI4,small_intestine,0.06786811798810957
CPVAE6,6,co,0.012814517319202379,0.007250597327947579,0.0250843353569507,colon,SI4,small_intestine,0.06786811798810957
CPVAE6,6,st,0.06754592359066006,-0.03821823894977566,0.1322207152843475,stomach,SI4,small_intestine,0.06786811798810957
CPVAE7,7,SI1,0.04708721234928812,-0.006349309044890122,0.096816562116146,small_intestine,st,stomach,0.0883189126383513
CPVAE7,7,SI2,0.0786798851564526,-0.010609312169253801,0.1617746204137802,small_intestine,st,stomach,0.0883189126383513
CPVAE7,7,SI3,0.02813935355516146,-0.0037943515111692207,0.0578576512634754,small_intestine,st,stomach,0.0883189126383513
CPVAE7,7,SI4,0.048878283449448626,-0.006590819195844222,0.1004992052912712,small_intestine,st,stomach,0.0883189126383513
CPVAE7,7,SI5,0.01697187515674154,-0.0022885128739289795,0.0348960682749748,small_intestine,st,stomach,0.0883189126383513
CPVAE7,7,SI6,0.001434635093028139,-0.00019344830216141902,0.002949769841507,small_intestine,st,stomach,0.0883189126383513
CPVAE7,7,SI7,8.088452165111449e-06,1.090658844304926e-06,1.663076000113506e-05,small_intestine,st,stomach,0.0883189126383513
CPVAE7,7,SI8,0.00026765267466540845,3.60906866262608e-05,0.0005503237480297,small_intestine,st,stomach,0.0883189126383513
CPVAE7,7,SI9,0.00470322887704238,-0.00063419014040846,0.0096703637391328,small_intestine,st,stomach,0.0883189126383513
CPVAE7,7,ce,0.0008857487671775552,-0.00011943567660635326,0.0018211982678622,cecum,st,stomach,0.0883189126383513
CPVAE7,7,co,0.0032433086133095796,-0.0004373324743937401,0.0066686044447124,colon,st,stomach,0.0883189126383513
CPVAE7,7,st,0.0883189126383513,0.011909052683040497,0.1815935373306274,stomach,st,stomach,0.0883189126383513
CPVAE8,8,SI1,0.00429047161014746,0.00429047161014746,0.0119160655885934,small_intestine,SI7,small_intestine,0.029364769160747484
CPVAE8,8,SI2,0.007123444532044181,-0.007123444532044181,0.0197841729968786,small_intestine,SI7,small_intestine,0.029364769160747484
CPVAE8,8,SI3,0.00445409175008532,-0.00445409175008532,0.0123704932630062,small_intestine,SI7,small_intestine,0.029364769160747484
CPVAE8,8,SI4,0.017665110132656942,-0.017665110132656942,0.0490618832409381,small_intestine,SI7,small_intestine,0.029364769160747484
CPVAE8,8,SI5,0.02267963709309692,-0.02267963709309692,0.0629888921976089,small_intestine,SI7,small_intestine,0.029364769160747484
CPVAE8,8,SI6,0.0278437984641641,-0.0278437984641641,0.0773314833641052,small_intestine,SI7,small_intestine,0.029364769160747484
CPVAE8,8,SI7,0.029364769160747484,-0.029364769160747484,0.0815557241439819,small_intestine,SI7,small_intestine,0.029364769160747484
CPVAE8,8,SI8,0.028238746756687715,-0.028238746756687715,0.0784283876419067,small_intestine,SI7,small_intestine,0.029364769160747484
CPVAE8,8,SI9,0.02591159581206734,-0.02591159581206734,0.0719651132822036,small_intestine,SI7,small_intestine,0.029364769160747484
CPVAE8,8,ce,0.011363782547414259,-0.011363782547414259,0.0315610021352767,cecum,SI7,small_intestine,0.029364769160747484
CPVAE8,8,co,0.00136641240678722,-0.00136641240678722,0.003794981399551,colon,SI7,small_intestine,0.029364769160747484
CPVAE8,8,st,0.01450111733283844,0.01450111733283844,0.0402744226157665,stomach,SI7,small_intestine,0.029364769160747484
CPVAE9,9,SI1,0.01520221051760014,0.013747014803811899,0.0350905656814575,small_intestine,st,stomach,0.06100950036197896
CPVAE9,9,SI2,0.00109537310781884,0.00099052109871988,0.0025283994618803,small_intestine,st,stomach,0.06100950036197896
CPVAE9,9,SI3,0.005586397508159239,0.0050516527611761996,0.012894825078547,small_intestine,st,stomach,0.06100950036197896
CPVAE9,9,SI4,0.0195621764287352,-0.01768963318318124,0.0451544746756553,small_intestine,st,stomach,0.06100950036197896
CPVAE9,9,SI5,0.026402677968144384,-0.02387534379959106,0.0609440915286541,small_intestine,st,stomach,0.06100950036197896
CPVAE9,9,SI6,0.020068595185875858,-0.01814757622778414,0.0463234186172485,small_intestine,st,stomach,0.06100950036197896
CPVAE9,9,SI7,0.0184260135516524,-0.01666222680360076,0.0425319224596023,small_intestine,st,stomach,0.06100950036197896
CPVAE9,9,SI8,0.01684278668835754,-0.0152305505238473,0.0388774313032627,small_intestine,st,stomach,0.06100950036197896
CPVAE9,9,SI9,0.012990652536973301,-0.01174715296365318,0.0299857277423143,small_intestine,st,stomach,0.06100950036197896
CPVAE9,9,ce,0.04892370197921988,-0.04424059595912692,0.1129283383488655,cecum,st,stomach,0.06100950036197896
CPVAE9,9,co,0.00955679328180846,-0.00864199171774086,0.0220595076680183,colon,st,stomach,0.06100950036197896
CPVAE9,9,st,0.06100950036197896,0.05516950991004703,0.1408254355192184,stomach,st,stomach,0.06100950036197896
