Program,Gene,Gene_display,Loading,Abs_loading
Program1,N900_RS00490,ubiA,6.737317085266113,6.737317085266113
Program1,N900_RS02135,rpiA,6.730844974517822,6.730844974517822
Program1,N900_RS01155,rpmE,6.73041296005249,6.73041296005249
Program1,N900_RS13425,wzt,6.727700233459473,6.727700233459473
Program1,N900_RS13970,atpD,6.724911212921143,6.724911212921143
Program1,N900_RS05330,VC_1802,6.723155975341797,6.723155975341797
Program1,N900_RS13430,wzm,6.717454433441162,6.717454433441162
Program1,N900_RS00895,gspD,6.716792106628418,6.716792106628418
Program1,N900_RS13985,atpH,6.716017723083496,6.716017723083496
Program1,N900_RS13540,wavA,6.7142333984375,6.7142333984375
Program1,N900_RS11430,secG,6.713315010070801,6.713315010070801
Program1,N900_RS04860,lrp_1,6.713225364685059,6.713225364685059
Program1,N900_RS03585,prmC,6.712380886077881,6.712380886077881
Program1,N900_RS03135,ribE_2,6.706120014190674,6.706120014190674
Program1,N900_RS00920,gspI,6.706014156341553,6.706014156341553
Program1,N900_RS01285,gpsA,6.705159664154053,6.705159664154053
Program1,N900_RS02205,rseB,6.692123889923096,6.692123889923096
Program1,N900_RS00900,gspE,6.687756061553955,6.687756061553955
Program1,N900_RS03020,apbE,6.683693885803223,6.683693885803223
Program1,N900_RS09410,ybeY,6.683363437652588,6.683363437652588
Program1,N900_RS06880,fabA,6.680649757385254,6.680649757385254
Program1,N900_RS03150,pgpA,6.675309658050537,6.675309658050537
Program1,N900_RS03995,odhB,6.672582149505615,6.672582149505615
Program1,N900_RS08175,pgsA,6.662843227386475,6.662843227386475
Program1,N900_RS02880,recC,6.662081718444824,6.662081718444824
Program1,N900_RS11670,panB,6.655584812164307,6.655584812164307
Program1,N900_RS03315,gmhA/lpcA,6.647315979003906,6.647315979003906
Program1,N900_RS03145,thiL,6.646633625030518,6.646633625030518
Program1,N900_RS09665,gmhB,6.642454624176025,6.642454624176025
Program1,N900_RS05440,N-acetylmannosamine-6-phosphate 2-epimerase,6.642348766326904,6.642348766326904
Program1,N900_RS00930,epsK,6.635562896728516,6.635562896728516
Program1,N900_RS13530,waaC,6.633454322814941,6.633454322814941
Program1,N900_RS04310,fabH1,6.617276191711426,6.617276191711426
Program1,N900_RS02200,rsea,6.603458404541016,6.603458404541016
Program1,N900_RS09420,lnt,6.600583553314209,6.600583553314209
Program1,N900_RS13465,wavL,6.5949249267578125,6.5949249267578125
Program1,N900_RS13480,waaF,6.587015151977539,6.587015151977539
Program1,N900_RS04190,sodB,6.582160949707031,6.582160949707031
Program1,N900_RS10385,rodZ,6.577499866485596,6.577499866485596
Program1,N900_RS11915,csrA,6.57426118850708,6.57426118850708
Program1,N900_RS01290,cysE,6.569716930389404,6.569716930389404
Program1,N900_RS05195,pal_1,6.5687479972839355,6.5687479972839355
Program1,N900_RS02395,pilD,6.567526817321777,6.567526817321777
Program1,N900_RS14005,F0F1 ATP synthase subunit I,6.563695430755615,6.563695430755615
Program1,N900_RS03905,fur,6.558061122894287,6.558061122894287
Program1,N900_RS02340,hldE,6.539042949676514,6.539042949676514
Program1,N900_RS04090,cheY3,6.517756938934326,6.517756938934326
Program1,N900_RS04350,holB,6.511351108551025,6.511351108551025
Program1,N900_RS16025,type II toxin-antitoxin system Phd/YefM family antitoxin_1,6.50095272064209,6.50095272064209
Program1,N900_RS04780,clpx,6.48715877532959,6.48715877532959
Program1,N900_RS13460,hldD,6.482393741607666,6.482393741607666
Program1,N900_RS04505,rrtA,6.478399753570557,6.478399753570557
Program1,N900_RS11385,pnp,6.461872100830078,6.461872100830078
Program1,N900_RS01200,tpiA,6.45940637588501,6.45940637588501
Program1,N900_RS05175,tolQ,6.4566497802734375,6.4566497802734375
Program1,N900_RS03140,nusB,6.455503463745117,6.455503463745117
Program1,N900_RS13535,wavB,6.4541826248168945,6.4541826248168945
Program1,N900_RS00905,gspF,6.446709632873535,6.446709632873535
Program1,N900_RS13475,waaL,6.433671951293945,6.433671951293945
Program1,N900_RS04845,cysB,6.424699783325195,6.424699783325195
Program1,N900_RS11740,sspA,6.410702228546143,6.410702228546143
Program1,N900_RS02225,ribonuclease III,6.40624475479126,6.40624475479126
Program1,N900_RS02990,Na(+)-translocating NADH-quinone reductase subunit A,6.363392353057861,6.363392353057861
Program1,N900_RS03990,sucA,6.358428478240967,6.358428478240967
Program1,N900_RS01400,ribulose-phosphate 3-epimerase,6.347813129425049,6.347813129425049
Program1,N900_RS01455,crp,6.347717761993408,6.347717761993408
Program1,N900_RS05150,cydA,6.331380844116211,6.331380844116211
Program1,N900_RS00910,gspG,6.329047203063965,6.329047203063965
Program1,N900_RS13375,wbeV,6.305226802825928,6.305226802825928
Program1,N900_RS13365,wbeW,6.302310466766357,6.302310466766357
Program1,N900_RS05900,sapC,6.296548366546631,6.296548366546631
Program1,N900_RS02460,aceF,6.28996467590332,6.28996467590332
Program1,N900_RS05180,tolr,6.288290023803711,6.288290023803711
Program1,N900_RS05155,cydB_1,6.272205352783203,6.272205352783203
Program1,N900_RS04305,plsX,6.271012306213379,6.271012306213379
Program1,N900_RS04675,folD,6.2691473960876465,6.2691473960876465
Program1,N900_RS02885,recB,6.268625259399414,6.268625259399414
Program1,N900_RS05190,tolB,6.264773845672607,6.264773845672607
Program1,N900_RS12145,pykF,6.250364303588867,6.250364303588867
Program1,N900_RS17515,"resolvase, putative",6.249763488769531,6.249763488769531
Program1,N900_RS05270,acoR,6.244450092315674,6.244450092315674
Program1,N900_RS08745,pta,6.221180438995361,6.221180438995361
Program1,N900_RS00610,cyaY,6.173760890960693,6.173760890960693
Program1,N900_RS04940,VC_1887,6.1683220863342285,6.1683220863342285
Program1,N900_RS02675,arcA_2,6.162561416625977,6.162561416625977
Program1,N900_RS00605,class I adenylate cyclase,6.15794563293457,6.15794563293457
Program1,N900_RS12950,rsgA,6.148323059082031,6.148323059082031
Program1,N900_RS14025,mnmG,6.142836570739746,6.142836570739746
Program1,N900_RS04100,cheA2,6.1417460441589355,6.1417460441589355
Program1,N900_RS13435,wbeG,6.133459568023682,6.133459568023682
Program1,N900_RS16215,sbcD,6.10439920425415,6.10439920425415
Program1,N900_RS04815,ihfB,6.092538833618164,6.092538833618164
Program1,N900_RS08670,bioF,6.083930492401123,6.083930492401123
Program1,N900_RS13400,wbeO,6.082099437713623,6.082099437713623
Program1,N900_RS03435,flgM,6.077362537384033,6.077362537384033
Program1,N900_RS03890,fabB,6.076117515563965,6.076117515563965
Program1,N900_RS00940,epsM,6.067898273468018,6.067898273468018
Program1,N900_RS05055,argT,6.064522743225098,6.064522743225098
Program1,N900_RS02455,aceE,6.049563407897949,6.049563407897949
Program1,N900_RS09870,tadA,6.0446696281433105,6.0446696281433105
Program2,N900_RS17025,secD_2,4.781381130218506,4.781381130218506
Program2,N900_RS11030,IS21 family transposase,4.7370710372924805,4.7370710372924805
Program2,N900_RS05100,ompT,4.727475166320801,4.727475166320801
Program2,N900_RS07935,iron-regulated protein A,4.727043628692627,4.727043628692627
Program2,N900_RS01460,cfxP,4.682487487792969,4.682487487792969
Program2,N900_RS18680,MltR family transcriptional regulator,4.654031276702881,4.654031276702881
Program2,N900_RS06425,almE,4.559879779815674,4.559879779815674
Program2,N900_RS00630,VC_0127,4.557163238525391,4.557163238525391
Program2,N900_RS06750,formate dehydrogenase subunit gamma,4.5414533615112305,4.5414533615112305
Program2,N900_RS09905,type IV pilin protein,4.511387825012207,4.511387825012207
Program2,N900_RS11590,phnT,4.507544040679932,4.507544040679932
Program2,N900_RS13685,ggt,4.499971866607666,4.499971866607666
Program2,N900_RS16875,beta-phosphoglucomutase family hydrolase,4.451101303100586,4.451101303100586
Program2,N900_RS07550,hmgA,4.447004318237305,4.447004318237305
Program2,N900_RS09005,VC_1044,4.432087421417236,4.432087421417236
Program2,N900_RS11060,TrhF,4.423715114593506,4.423715114593506
Program2,N900_RS07805,aspC,4.408764362335205,4.408764362335205
Program2,N900_RS16835,treP,4.4065775871276855,4.4065775871276855
Program2,N900_RS10565,rdgC,4.402985095977783,4.402985095977783
Program2,N900_RS05350,DDE-type integrase/transposase/recombinase,4.40189790725708,4.40189790725708
Program2,N900_RS03060,sodium-dependent transporter_2,4.383243560791016,4.383243560791016
Program2,N900_RS12850,slyx,4.380026817321777,4.380026817321777
Program2,N900_RS14390,VC_A0080,4.373684406280518,4.373684406280518
Program2,N900_RS02750,nupc,4.37164306640625,4.37164306640625
Program2,N900_RS05615,NAD-dependent succinate-semialdehyde dehydrogenase,4.370408535003662,4.370408535003662
Program2,N900_RS11065,VC_2376,4.362601280212402,4.362601280212402
Program2,N900_RS17040,diguanylate cyclase_5,4.361865043640137,4.361865043640137
Program2,N900_RS11175,brxC,4.337610244750977,4.337610244750977
Program2,N900_RS17325,lysr_5,4.3322882652282715,4.3322882652282715
Program2,N900_RS14580,tssM,4.33044958114624,4.33044958114624
Program2,N900_RS06640,tRNA-uridine aminocarboxypropyltransferase_BLAST,4.32356071472168,4.32356071472168
Program2,N900_RS05345,marR,4.323425769805908,4.323425769805908
Program2,N900_RS06050,response regulator_1,4.322323799133301,4.322323799133301
Program2,N900_RS08700,prepilin peptidase_1,4.305487155914307,4.305487155914307
Program2,N900_RS15185,tam,4.301253795623779,4.301253795623779
Program2,N900_RS18065,exbD1,4.2880120277404785,4.2880120277404785
Program2,N900_RS01525,rnr,4.287374496459961,4.287374496459961
Program2,N900_RS01110,fieF,4.2728142738342285,4.2728142738342285
Program2,N900_RS00465,ccp,4.270670413970947,4.270670413970947
Program2,N900_RS00175,ccoG,4.270168304443359,4.270168304443359
Program2,N900_RS06810,msrC_BLAST,4.263723850250244,4.263723850250244
Program2,N900_RS16245,cobW,4.258854866027832,4.258854866027832
Program2,N900_RS11135,VC_A0809,4.2575578689575195,4.2575578689575195
Program2,N900_RS17830,hapA,4.249159812927246,4.249159812927246
Program2,N900_RS16255,kup,4.242712020874023,4.242712020874023
Program2,N900_RS07765,sdaC_2,4.240739345550537,4.240739345550537
Program2,N900_RS03965,gltA,4.235514163970947,4.235514163970947
Program2,N900_RS19020,priA,4.225045204162598,4.225045204162598
Program2,N900_RS17710,yhfA,4.223077297210693,4.223077297210693
Program2,N900_RS15790,VC_A0310,4.220482349395752,4.220482349395752
Program2,N900_RS04250,ychE_BLAST,4.21517276763916,4.21517276763916
Program2,N900_RS19185,VC_0874,4.209463596343994,4.209463596343994
Program2,N900_RS00495,chorismate lyase,4.203943252563477,4.203943252563477
Program2,N900_RS19565,VC_A0423,4.201139450073242,4.201139450073242
Program2,N900_RS04585,TetR/AcrR family transcriptional regulator_4,4.200843334197998,4.200843334197998
Program2,N900_RS08820,response regulator,4.196579456329346,4.196579456329346
Program2,N900_RS12410,Probable succinate transporter subunit YjjP_BLAST,4.19471549987793,4.19471549987793
Program2,N900_RS03345,rluF,4.194142818450928,4.194142818450928
Program2,N900_RS15590,VC_A0340,4.19265604019165,4.19265604019165
Program2,N900_RS10705,anmK,4.186681747436523,4.186681747436523
Program2,N900_RS05670,yciN,4.179559707641602,4.179559707641602
Program2,N900_RS07740,ycjx,4.17711067199707,4.17711067199707
Program2,N900_RS00385,rsmJ,4.1664299964904785,4.1664299964904785
Program2,N900_RS17925,tdh,4.165464401245117,4.165464401245117
Program2,N900_RS08005,pncC_1,4.157013893127441,4.157013893127441
Program2,N900_RS00350,thiH,4.15532922744751,4.15532922744751
Program2,N900_RS02095,tetr_1,4.152541637420654,4.152541637420654
Program2,N900_RS14475,ydgJ,4.151559829711914,4.151559829711914
Program2,N900_RS01440,astA,4.1452412605285645,4.1452412605285645
Program2,N900_RS16570,VC_A0595,4.143845558166504,4.143845558166504
Program2,N900_RS17155,hydroxymethylglutaryl-CoA reductase,4.1403093338012695,4.1403093338012695
Program2,N900_RS02775,deoD_1,4.1385178565979,4.1385178565979
Program2,N900_RS17620,groS_2,4.1363911628723145,4.1363911628723145
Program2,N900_RS01090,superoxide dismutase,4.131975173950195,4.131975173950195
Program2,N900_RS07190,chromosome segregation ATPase_1,4.1216630935668945,4.1216630935668945
Program2,N900_RS11120,ompU,4.119571208953857,4.119571208953857
Program2,N900_RS16475,yhaJ,4.119129180908203,4.119129180908203
Program2,N900_RS18775,methyl-accepting chemotaxis protein_22,4.109994411468506,4.109994411468506
Program2,N900_RS10225,oadB,4.109386444091797,4.109386444091797
Program2,N900_RS02030,rpfG,4.100296497344971,4.100296497344971
Program2,N900_RS18195,VC_A0942,4.100119590759277,4.100119590759277
Program2,N900_RS07630,mglC,4.09997034072876,4.09997034072876
Program2,N900_RS02130,serA,4.09935998916626,4.09935998916626
Program2,N900_RS12160,argO,4.098635673522949,4.098635673522949
Program2,N900_RS14545,tssJ,4.097317218780518,4.097317218780518
Program2,N900_RS17225,luxp,4.096671104431152,4.096671104431152
Program2,N900_RS04935,hemolysin_2,4.0952935218811035,4.0952935218811035
Program2,N900_RS02415,nadC_1,4.094249725341797,4.094249725341797
Program2,N900_RS04235,sensor histidine kinase_2,4.093840599060059,4.093840599060059
Program2,N900_RS06035,mgtE_2,4.0929999351501465,4.0929999351501465
Program2,N900_RS10955,primase,4.091922760009766,4.091922760009766
Program2,N900_RS02665,diguanylate cyclase,4.091527938842773,4.091527938842773
Program2,N900_RS11130,VC_0282,4.085087299346924,4.085087299346924
Program2,N900_RS12080,pctB_2,4.084868431091309,4.084868431091309
Program2,N900_RS17335,artQ,4.078731536865234,4.078731536865234
Program2,N900_RS18410,aer_2,4.075286865234375,4.075286865234375
Program2,N900_RS15075,siderophore ABC transporter substrate-binding protein,4.074112415313721,4.074112415313721
Program2,N900_RS06570,mota,4.073981285095215,4.073981285095215
Program2,N900_RS14845,chromosome segregation ATPase_2,4.071879863739014,4.071879863739014
Program2,N900_RS05475,nanM_1,4.0705461502075195,4.0705461502075195
Program3,N900_RS11160,brxL,-4.973059177398682,4.973059177398682
Program3,N900_RS10495,malate synthase A,-4.742013454437256,4.742013454437256
Program3,N900_RS13800,dppA,-4.715907096862793,4.715907096862793
Program3,N900_RS11135,VC_A0809,-4.714884281158447,4.714884281158447
Program3,N900_RS13730,VC_0183,-4.692375183105469,4.692375183105469
Program3,N900_RS12655,nhaP,-4.639213562011719,4.639213562011719
Program3,N900_RS16375,VC_A0556,-4.623270511627197,4.623270511627197
Program3,N900_RS15370,intIA,-4.607670307159424,4.607670307159424
Program3,N900_RS12070,intA_4,-4.593285083770752,4.593285083770752
Program3,N900_RS12600,pilO_1,-4.572103500366211,4.572103500366211
Program3,N900_RS00720,rsmD,-4.5149993896484375,4.5149993896484375
Program3,N900_RS16265,kdpd,-4.502933502197266,4.502933502197266
Program3,N900_RS08200,nucleotidyltransferase,-4.479041576385498,4.479041576385498
Program3,N900_RS06615,VC_1539_BLAST,-4.433958053588867,4.433958053588867
Program3,N900_RS17900,VC_A0880,-4.408969879150391,4.408969879150391
Program3,N900_RS10940,AraC family transcriptional regulator_3,-4.356619358062744,4.356619358062744
Program3,N900_RS00230,VC_0047,-4.356245040893555,4.356245040893555
Program3,N900_RS04565,sutR,-4.334632396697998,4.334632396697998
Program3,N900_RS17950,dmlR_6,-4.298236846923828,4.298236846923828
Program3,N900_RS07090,VC_1443,-4.290780544281006,4.290780544281006
Program3,N900_RS14855,psuT,-4.286584854125977,4.286584854125977
Program3,N900_RS05920,pspA,-4.263833999633789,4.263833999633789
Program3,N900_RS10885,flhD,-4.253723621368408,4.253723621368408
Program3,N900_RS08845,araC_1,-4.251288414001465,4.251288414001465
Program3,N900_RS14860,pepT,-4.246934413909912,4.246934413909912
Program3,N900_RS02725,VC_2358,-4.226105213165283,4.226105213165283
Program3,N900_RS01990,hepA,-4.1909003257751465,4.1909003257751465
Program3,N900_RS18340,methyl-accepting chemotaxis protein_25,-4.179750919342041,4.179750919342041
Program3,N900_RS12985,TetR/AcrR family transcriptional regulator_1,-4.162598133087158,4.162598133087158
Program3,N900_RS11460,yhbY,-4.157975196838379,4.157975196838379
Program3,N900_RS09685,VC_0904,-4.131353855133057,4.131353855133057
Program3,N900_RS14660,Crp/Fnr family transcriptional regulator_2,-4.122771739959717,4.122771739959717
Program3,N900_RS04760,dctB,-4.119681358337402,4.119681358337402
Program3,N900_RS12235,VC_0467_BLAST,-4.116977214813232,4.116977214813232
Program3,N900_RS11360,ubiU,-4.112152099609375,4.112152099609375
Program3,N900_RS18380,dmlR,-4.111382007598877,4.111382007598877
Program3,N900_RS11610,glnK,-4.097229480743408,4.097229480743408
Program3,N900_RS11830,luxS,-4.093080997467041,4.093080997467041
Program3,N900_RS04380,pykA_1,-4.082345962524414,4.082345962524414
Program3,N900_RS10930,XRE family transcriptional regulator_7,-4.075897693634033,4.075897693634033
Program3,N900_RS10705,anmK,-4.074062347412109,4.074062347412109
Program3,N900_RS10685,aroF,-4.0738372802734375,4.0738372802734375
Program3,N900_RS14065,pctC_2,-4.07343053817749,4.07343053817749
Program3,N900_RS04855,ald,-4.066649436950684,4.066649436950684
Program3,N900_RS17695,drug/metabolite DMT transporter permease,-4.029825210571289,4.029825210571289
Program3,N900_RS10990,cobS,-4.022490501403809,4.022490501403809
Program3,N900_RS18830,transglutaminase-like cysteine peptidase,-4.021894931793213,4.021894931793213
Program3,N900_RS04375,VC_2009,-4.001265525817871,4.001265525817871
Program3,N900_RS14080,malT,-3.999422550201416,3.999422550201416
Program3,N900_RS13735,kfrA_1,-3.999417304992676,3.999417304992676
Program3,N900_RS16535,yejF,-3.983607769012451,3.983607769012451
Program3,N900_RS10970,VC_A0103,-3.9823250770568848,3.9823250770568848
Program3,N900_RS11000,bet,-3.977206230163574,3.977206230163574
Program3,N900_RS15395,catB9,-3.96714448928833,3.96714448928833
Program3,N900_RS00890,gspC,-3.9642701148986816,3.9642701148986816
Program3,N900_RS11080,pyrE,-3.9617018699646,3.9617018699646
Program3,N900_RS01850,rapZ,-3.9579639434814458,3.9579639434814458
Program3,N900_RS01040,nhaP2,-3.94852066040039,3.94852066040039
Program3,N900_RS13485,wavJ,-3.941287040710449,3.941287040710449
Program3,N900_RS17185,VC_A0729,-3.939752101898194,3.939752101898194
Program3,N900_RS07350,lysr_1,-3.93716812133789,3.93716812133789
Program3,N900_RS05935,ttgG,-3.937088012695313,3.937088012695313
Program3,N900_RS02775,deoD_1,-3.935000419616699,3.935000419616699
Program3,N900_RS03870,epmC,-3.912307024002075,3.912307024002075
Program3,N900_RS09695,queF,-3.9116015434265137,3.9116015434265137
Program3,N900_RS17550,vesA,-3.9071240425109863,3.9071240425109863
Program3,N900_RS19310,hflX,-3.9032559394836426,3.9032559394836426
Program3,N900_RS11320,DNA mismatch repair protein,-3.897695302963257,3.897695302963257
Program3,N900_RS04225,VC0395_A1625_BLAST,-3.8804149627685542,3.8804149627685542
Program3,N900_RS16680,lsrR,-3.860108613967895,3.860108613967895
Program3,N900_RS14930,VC_A0195,-3.8528854846954346,3.8528854846954346
Program3,N900_RS00540,ypeA_1,-3.850217342376709,3.850217342376709
Program3,N900_RS17800,malS,-3.849910259246826,3.849910259246826
Program3,N900_RS18730,ydfG,-3.848494291305542,3.848494291305542
Program3,N900_RS18595,VC_A1030,-3.8448410034179688,3.8448410034179688
Program3,N900_RS07545,VC_1346,-3.8345370292663574,3.8345370292663574
Program3,N900_RS12765,VC_0370,-3.827211856842041,3.827211856842041
Program3,N900_RS20100,Pseudogene_N900_RS20100,-3.81974720954895,3.81974720954895
Program3,N900_RS10960,VC_A0025,-3.818782091140747,3.818782091140747
Program3,N900_RS11090,VC_0914,-3.817481756210327,3.817481756210327
Program3,N900_RS00495,chorismate lyase,-3.806587457656861,3.806587457656861
Program3,N900_RS05080,rsmS,-3.797349452972412,3.797349452972412
Program3,N900_RS05825,yeeZ,-3.796149969100952,3.796149969100952
Program3,N900_RS11075,dsbC_2,-3.795734405517578,3.795734405517578
Program3,N900_RS00840,VC_2745,-3.790782213211059,3.790782213211059
Program3,N900_RS16875,beta-phosphoglucomutase family hydrolase,-3.790718555450439,3.790718555450439
Program3,N900_RS13340,VC_0268,-3.782174825668335,3.782174825668335
Program3,N900_RS06415,dabB,-3.781625270843506,3.781625270843506
Program3,N900_RS11720,VC_0580_BLAST,-3.775587797164917,3.775587797164917
Program3,N900_RS04030,ferrous iron transport protein A,-3.76560378074646,3.76560378074646
Program3,N900_RS06575,tolQ_3,-3.7619245052337646,3.7619245052337646
Program3,N900_RS15255,emrD3,-3.761362314224243,3.761362314224243
Program3,N900_RS18255,marr_2,-3.753976821899414,3.753976821899414
Program3,N900_RS02300,exeA,-3.749919891357422,3.749919891357422
Program3,N900_RS04445,sppA,-3.7424509525299072,3.7424509525299072
Program3,N900_RS11870,gsk,-3.740323066711426,3.740323066711426
Program3,N900_RS14770,tryptophan-specific transporter,-3.7304959297180176,3.7304959297180176
Program3,N900_RS02030,rpfG,-3.7287635803222656,3.7287635803222656
Program3,N900_RS03055,diguanylate cyclase_4,-3.727386474609375,3.727386474609375
Program3,N900_RS13845,cytochrome c5,-3.7239737510681152,3.7239737510681152
Program4,N900_RS10045,tcpB,-4.636552810668945,4.636552810668945
Program4,N900_RS13305,purD,-4.5715508460998535,4.5715508460998535
Program4,N900_RS03425,flgP,-4.494954586029053,4.494954586029053
Program4,N900_RS10545,ppx,-4.428389072418213,4.428389072418213
Program4,N900_RS14350,pstA_2,-4.374989986419678,4.374989986419678
Program4,N900_RS09995,tcpJ,-4.370429515838623,4.370429515838623
Program4,N900_RS03940,ybfF,-4.352357387542725,4.352357387542725
Program4,N900_RS10035,tcpC,-4.183050632476807,4.183050632476807
Program4,N900_RS09210,cvpA,-4.169259548187256,4.169259548187256
Program4,N900_RS03465,flgD,-4.095122337341309,4.095122337341309
Program4,N900_RS03785,fliH,-4.056063175201416,4.056063175201416
Program4,N900_RS09205,purF,-3.989483594894409,3.989483594894409
Program4,N900_RS10560,phoB,-3.988716602325439,3.988716602325439
Program4,N900_RS09740,motb,-3.9814321994781494,3.9814321994781494
Program4,N900_RS03765,flrC,-3.9745895862579346,3.9745895862579346
Program4,N900_RS00255,purE,-3.948749303817749,3.948749303817749
Program4,N900_RS08465,VC_1154,-3.9216768741607666,3.9216768741607666
Program4,N900_RS15415,VC_A0304,-3.906190872192383,3.906190872192383
Program4,N900_RS00525,VC_0101,-3.899126291275024,3.899126291275024
Program4,N900_RS10010,tcpE,-3.8807523250579834,3.8807523250579834
Program4,N900_RS16630,VC_A0609,-3.860334873199463,3.860334873199463
Program4,N900_RS10050,tcpA,-3.8017866611480713,3.8017866611480713
Program4,N900_RS04070,flhA,-3.7911062240600586,3.7911062240600586
Program4,N900_RS03420,flgO,-3.774199962615967,3.774199962615967
Program4,N900_RS10335,guaA,-3.747607946395874,3.747607946395874
Program4,N900_RS03760,flrB,-3.713273286819458,3.713273286819458
Program4,N900_RS16430,vxrB,-3.644932746887207,3.644932746887207
Program4,N900_RS03275,VC0395_A1830_BLAST,-3.6279234886169434,3.6279234886169434
Program4,N900_RS04605,minE,-3.624279260635376,3.624279260635376
Program4,N900_RS10340,guaB,-3.621217966079712,3.621217966079712
Program4,N900_RS19070,Pseudogene_N900_RS19070,-3.606462001800537,3.606462001800537
Program4,N900_RS03290,class I SAM-dependent methyltransferase_3,-3.601799488067627,3.601799488067627
Program4,N900_RS08505,grxa,-3.5853452682495117,3.5853452682495117
Program4,N900_RS03835,fliR,-3.5852692127227783,3.5852692127227783
Program4,N900_RS10005,tcpF,-3.5814387798309326,3.5814387798309326
Program4,N900_RS14945,DNA cytosine methyltransferase,-3.56270694732666,3.56270694732666
Program4,N900_RS10040,tcpQ,-3.5549538135528564,3.5549538135528564
Program4,N900_RS06460,VC_1572,-3.54956579208374,3.54956579208374
Program4,N900_RS09295,toxR_BLAST,-3.5425424575805664,3.5425424575805664
Program4,N900_RS04085,flia,-3.5300750732421875,3.5300750732421875
Program4,N900_RS09745,pomA,-3.5165629386901855,3.5165629386901855
Program4,N900_RS09185,motY,-3.4991698265075684,3.4991698265075684
Program4,N900_RS00250,purK,-3.4673094749450684,3.4673094749450684
Program4,N900_RS13300,purH,-3.4420580863952637,3.4420580863952637
Program4,N900_RS04950,pilz_2,-3.436758279800415,3.436758279800415
Program4,N900_RS15460,rppH_2,-3.427088975906372,3.427088975906372
Program4,N900_RS11660,pcnB,-3.420597553253174,3.420597553253174
Program4,N900_RS13420,wbeK,-3.419473648071289,3.419473648071289
Program4,N900_RS03330,purM,-3.4108288288116455,3.4108288288116455
Program4,N900_RS10060,tcpP,-3.3860342502593994,3.3860342502593994
Program4,N900_RS01515,motX_BLAST,-3.3748650550842285,3.3748650550842285
Program4,N900_RS00270,aroE,-3.3707275390625,3.3707275390625
Program4,N900_RS16195,fruA,-3.3332502841949463,3.3332502841949463
Program4,N900_RS05620,VC_1744,-3.3278024196624756,3.3278024196624756
Program4,N900_RS06535,glpQ_1,-3.327699899673462,3.327699899673462
Program4,N900_RS10020,tcpS,-3.326826572418213,3.326826572418213
Program4,N900_RS02435,dsbC,-3.3167576789855957,3.3167576789855957
Program4,N900_RS08655,VC_1116,-3.288299798965454,3.288299798965454
Program4,N900_RS13160,rhlB,-3.266770362854004,3.266770362854004
Program4,N900_RS03825,fliP,-3.2644197940826416,3.2644197940826416
Program4,N900_RS13405,wbeN,-3.2407376766204834,3.2407376766204834
Program4,N900_RS03775,fliF,-3.2329931259155273,3.2329931259155273
Program4,N900_RS19270,tcpR,-3.232041835784912,3.232041835784912
Program4,N900_RS07685,VC_1317,-3.231471538543701,3.231471538543701
Program4,N900_RS01865,rpoN,-3.225205183029175,3.225205183029175
Program4,N900_RS17815,long-chain fatty acid outer membrane transporter,-3.2094640731811523,3.2094640731811523
Program4,N900_RS09970,acfa,-3.2058961391448975,3.2058961391448975
Program4,N900_RS15555,toxin,-3.1974143981933594,3.1974143981933594
Program4,N900_RS09850,purL,-3.1949079036712646,3.1949079036712646
Program4,N900_RS13295,VC_A0047,-3.1888880729675293,3.1888880729675293
Program4,N900_RS09780,VC_0885,-3.1638705730438232,3.1638705730438232
Program4,N900_RS06550,ugpE,-3.162281036376953,3.162281036376953
Program4,N900_RS16690,tal,-3.1620802879333496,3.1620802879333496
Program4,N900_RS03820,fliO,-3.1499826908111572,3.1499826908111572
Program4,N900_RS13455,manC,-3.1420891284942627,3.1420891284942627
Program4,N900_RS09300,toxS,-3.127532720565796,3.127532720565796
Program4,N900_RS08310,VC_1187,-3.125333309173584,3.125333309173584
Program4,N900_RS03830,fliQ,-3.1226439476013184,3.1226439476013184
Program4,N900_RS10960,VC_A0025,-3.1076889038085938,3.1076889038085938
Program4,N900_RS19390,VC_1260,-3.0838513374328613,3.0838513374328613
Program4,N900_RS04945,mfd,-3.0777957439422607,3.0777957439422607
Program4,N900_RS17870,VC_A0874,-3.076920509338379,3.076920509338379
Program4,N900_RS03160,glnD,-3.0606682300567627,3.0606682300567627
Program4,N900_RS08435,gonadoliberin III,-3.0499839782714844,3.0499839782714844
Program4,N900_RS10905,trah,-3.0470917224884033,3.0470917224884033
Program4,N900_RS15850,VC_A0441,-3.0443766117095947,3.0443766117095947
Program4,N900_RS13450,manB,-3.0287094116210938,3.0287094116210938
Program4,N900_RS07050,rtxA,-3.028021812438965,3.028021812438965
Program4,N900_RS15920,Pseudogene_N900_RS15920,-3.0234556198120117,3.0234556198120117
Program4,N900_RS03485,flgH,-3.0220143795013428,3.0220143795013428
Program4,N900_RS17605,speA,-3.0216946601867676,3.0216946601867676
Program4,N900_RS10015,tcpT,-3.0207927227020264,3.0207927227020264
Program4,N900_RS13200,aroQ,-3.0180327892303467,3.0180327892303467
Program4,N900_RS03750,fliS,-3.012850522994995,3.012850522994995
Program4,N900_RS03840,flhB,-3.003150463104248,3.003150463104248
Program4,N900_RS07065,peptidase domain-containing ABC transporter,-3.0031440258026123,3.0031440258026123
Program4,N900_RS13410,wbeM,-3.0014755725860596,3.0014755725860596
Program4,N900_RS03755,flrA,-2.986729860305786,2.986729860305786
Program4,N900_RS06845,pyrD,-2.981987237930298,2.981987237930298
Program4,N900_RS04850,methyltransferase,-2.9815285205841064,2.9815285205841064
Program5,N900_RS01805,mpl,-3.579200267791748,3.579200267791748
Program5,N900_RS18525,nhad,-3.3929507732391357,3.3929507732391357
Program5,N900_RS09620,low molecular weight phosphotyrosine protein phosphatase_1,-3.172511339187622,3.172511339187622
Program5,N900_RS07230,tssI_1,-3.1611099243164062,3.1611099243164062
Program5,N900_RS12715,TIGR04219 family outer membrane beta-barrel protein,-3.1340219974517822,3.1340219974517822
Program5,N900_RS14040,VC_A0003,-3.1060407161712646,3.1060407161712646
Program5,N900_RS02000,holC,-3.099592685699463,3.099592685699463
Program5,N900_RS18350,VC_A0976,-3.0614333152770996,3.0614333152770996
Program5,N900_RS11155,VC_0667,-3.0185437202453613,3.0185437202453613
Program5,N900_RS04950,pilz_2,-3.0047807693481445,3.0047807693481445
Program5,N900_RS05085,prepilin peptidase_2,-2.908957004547119,2.908957004547119
Program5,N900_RS12840,fkpA,-2.887373685836792,2.887373685836792
Program5,N900_RS03970,sdhC,-2.8698129653930664,2.8698129653930664
Program5,N900_RS03495,flgJ,-2.857899904251098,2.857899904251098
Program5,N900_RS16985,HI_0131_BLAST,-2.855264902114868,2.855264902114868
Program5,N900_RS17655,4a-hydroxytetrahydrobiopterin dehydratase,-2.8504066467285156,2.8504066467285156
Program5,N900_RS06835,VC_1493,-2.8415915966033936,2.8415915966033936
Program5,N900_RS08050,alpha-ribazole-5'-phosphate phosphatase,-2.818655490875244,2.818655490875244
Program5,N900_RS13345,VC_0267,-2.770345687866211,2.770345687866211
Program5,N900_RS04015,znuC,-2.748326301574707,2.748326301574707
Program5,N900_RS15165,PTS ascorbate-specific subunit IIBC,-2.705350875854492,2.705350875854492
Program5,N900_RS02700,thrB,-2.639390468597412,2.639390468597412
Program5,N900_RS02965,ampG,-2.6340553760528564,2.6340553760528564
Program5,N900_RS11035,istB,-2.628207206726074,2.628207206726074
Program5,N900_RS05985,ABC transporter permease subunit_1,-2.624867677688598,2.624867677688598
Program5,N900_RS08300,VC_1189,-2.624399423599243,2.624399423599243
Program5,N900_RS03515,flaA,-2.6107242107391357,2.6107242107391357
Program5,N900_RS12320,mltC,-2.586317300796509,2.586317300796509
Program5,N900_RS07045,ctxB,-2.5858240127563477,2.5858240127563477
Program5,N900_RS06250,pilW,-2.5490400791168213,2.5490400791168213
Program5,N900_RS00525,VC_0101,-2.546231985092163,2.546231985092163
Program5,N900_RS04935,hemolysin_2,-2.5405385494232178,2.5405385494232178
Program5,N900_RS18620,VC_A1035,-2.537531852722168,2.537531852722168
Program5,N900_RS05820,ydcf,-2.530057430267334,2.530057430267334
Program5,N900_RS12490,tldD,-2.527423858642578,2.527423858642578
Program5,N900_RS15600,VC_A0342,-2.51928448677063,2.51928448677063
Program5,N900_RS06280,VC_1606,-2.51656723022461,2.51656723022461
Program5,N900_RS16625,yjjG,-2.5059335231781006,2.5059335231781006
Program5,N900_RS02440,recJ,-2.4944357872009277,2.4944357872009277
Program5,N900_RS16705,spoU,-2.490487575531006,2.490487575531006
Program5,N900_RS17745,VC_A0848,-2.480461359024048,2.480461359024048
Program5,N900_RS03720,flaE,-2.4759912490844727,2.4759912490844727
Program5,N900_RS01905,mlaF,-2.4703147411346436,2.4703147411346436
Program5,N900_RS15460,rppH_2,-2.4570608139038086,2.4570608139038086
Program5,N900_RS04565,sutR,-2.451939105987549,2.451939105987549
Program5,N900_RS10320,vibB,-2.44297194480896,2.44297194480896
Program5,N900_RS15440,HNH endonuclease_1,2.4375414848327637,2.4375414848327637
Program5,N900_RS01470,hydrolase,-2.419844388961792,2.419844388961792
Program5,N900_RS05025,pflA,-2.419774055480957,2.419774055480957
Program5,N900_RS13225,fis,-2.414689779281616,2.414689779281616
Program5,N900_RS00720,rsmD,-2.4119832515716553,2.4119832515716553
Program5,N900_RS17020,secF_2,-2.410299301147461,2.410299301147461
Program5,N900_RS05050,occP,-2.4032726287841797,2.4032726287841797
Program5,N900_RS10890,flhC,-2.4014275074005127,2.4014275074005127
Program5,N900_RS19880,Pseudogene_N900_RS19880,-2.3990261554718018,2.3990261554718018
Program5,N900_RS01425,rimO,-2.3979063034057617,2.3979063034057617
Program5,N900_RS16245,cobW,-2.3967764377593994,2.3967764377593994
Program5,N900_RS17585,gbpA,-2.3839101791381836,2.3839101791381836
Program5,N900_RS02075,leuD,-2.36771297454834,2.36771297454834
Program5,N900_RS10625,rluD,-2.3676884174346924,2.3676884174346924
Program5,N900_RS16820,VC_A0650,-2.3589911460876465,2.3589911460876465
Program5,N900_RS16335,terc,-2.357745885848999,2.357745885848999
Program5,N900_RS10460,secD_1,-2.3487439155578613,2.3487439155578613
Program5,N900_RS09215,dedD,-2.3440370559692383,2.3440370559692383
Program5,N900_RS09450,rlmH,-2.339350461959839,2.339350461959839
Program5,N900_RS17385,rhlE_4,-2.3307926654815674,2.3307926654815674
Program5,N900_RS05505,restriction endonuclease subunit S,-2.3285531997680664,2.3285531997680664
Program5,N900_RS14750,mrpC,-2.3264811038970947,2.3264811038970947
Program5,N900_RS16225,cqsS_BLAST,-2.3251209259033203,2.3251209259033203
Program5,N900_RS14890,VC_A0186,-2.3234755992889404,2.3234755992889404
Program5,N900_RS10170,RNA methyltransferase,-2.3174479007720947,2.3174479007720947
Program5,N900_RS10950,bamC,-2.3151440620422363,2.3151440620422363
Program5,N900_RS10640,pheA,-2.314716339111328,2.314716339111328
Program5,N900_RS14845,chromosome segregation ATPase_2,-2.3048107624053955,2.3048107624053955
Program5,N900_RS01715,cobA,-2.2936980724334717,2.2936980724334717
Program5,N900_RS18545,mhqP,-2.285698652267456,2.285698652267456
Program5,N900_RS19020,priA,-2.280463933944702,2.280463933944702
Program5,N900_RS00410,ftnA,-2.277984857559204,2.277984857559204
Program5,N900_RS03065,deacylase,-2.26903772354126,2.26903772354126
Program5,N900_RS17140,guanylate cyclase,-2.265031337738037,2.265031337738037
Program5,N900_RS10515,ppk2,-2.260241746902466,2.260241746902466
Program5,N900_RS12545,type II secretion system protein,-2.255406618118286,2.255406618118286
Program5,N900_RS11375,MarR family transcriptional regulator,-2.2512624263763428,2.2512624263763428
Program5,N900_RS03900,asd2,-2.244549512863159,2.244549512863159
Program5,N900_RS14250,VC_A0049,-2.238881349563598,2.238881349563598
Program5,N900_RS18310,VC_A0966,-2.234083652496338,2.234083652496338
Program5,N900_RS08805,sasA_7,-2.2324047088623047,2.2324047088623047
Program5,N900_RS01195,norM_1,-2.230797052383423,2.230797052383423
Program5,N900_RS17735,lyse_3,-2.22660756111145,2.22660756111145
Program5,N900_RS12850,slyx,-2.2262380123138428,2.2262380123138428
Program5,N900_RS19160,Pseudogene_N900_RS19160,-2.2241744995117188,2.2241744995117188
Program5,N900_RS14685,sensor histidine kinase_4,-2.222590208053589,2.222590208053589
Program5,N900_RS02750,nupc,-2.218184232711792,2.218184232711792
Program5,N900_RS17065,sigma-54-dependent Fis family transcriptional regulator,-2.20692777633667,2.20692777633667
Program5,N900_RS02760,deoC,-2.200181245803833,2.200181245803833
Program5,N900_RS08060,cobS_1,-2.19629168510437,2.19629168510437
Program5,N900_RS11930,recX,-2.192500591278076,2.192500591278076
Program5,N900_RS04330,fabF,-2.183544158935547,2.183544158935547
Program5,N900_RS19755,mreB,-2.1800146102905273,2.1800146102905273
Program5,N900_RS02635,VC_2378,-2.1784605979919434,2.1784605979919434
Program6,N900_RS14675,VC_A0139,-5.912495136260986,5.912495136260986
Program6,N900_RS12070,intA_4,-5.506330966949463,5.506330966949463
Program6,N900_RS11040,msbA,-5.337517261505127,5.337517261505127
Program6,N900_RS02970,peptidyl-prolyl cis-trans isomerase,-5.123937129974365,5.123937129974365
Program6,N900_RS14065,pctC_2,-4.932271480560303,4.932271480560303
Program6,N900_RS19875,VC_2547,-4.903613090515137,4.903613090515137
Program6,N900_RS01885,kdsC,-4.828309535980225,4.828309535980225
Program6,N900_RS17185,VC_A0729,-4.749318599700928,4.749318599700928
Program6,N900_RS13735,kfrA_1,-4.696101665496826,4.696101665496826
Program6,N900_RS17900,VC_A0880,-4.688809394836426,4.688809394836426
Program6,N900_RS10970,VC_A0103,-4.591548919677734,4.591548919677734
Program6,N900_RS11160,brxL,-4.579370975494385,4.579370975494385
Program6,N900_RS01250,frdD,-4.544534206390381,4.544534206390381
Program6,N900_RS15395,catB9,-4.495375633239746,4.495375633239746
Program6,N900_RS17695,drug/metabolite DMT transporter permease,-4.487715244293213,4.487715244293213
Program6,N900_RS11870,gsk,-4.469193935394287,4.469193935394287
Program6,N900_RS12690,cysH,-4.468363285064697,4.468363285064697
Program6,N900_RS13170,rcsC_8,-4.4634294509887695,4.4634294509887695
Program6,N900_RS17485,yjdF,-4.454526901245117,4.454526901245117
Program6,N900_RS17305,lipase,-4.450122356414795,4.450122356414795
Program6,N900_RS14210,VC_A0039,-4.449570178985596,4.449570178985596
Program6,N900_RS03240,rnhB,-4.4432196617126465,4.4432196617126465
Program6,N900_RS05695,VC_1724,-4.413970947265625,4.413970947265625
Program6,N900_RS00230,VC_0047,-4.369990825653076,4.369990825653076
Program6,N900_RS12195,irgB,-4.351164817810059,4.351164817810059
Program6,N900_RS02975,"lipoprotein, putative",-4.325311660766602,4.325311660766602
Program6,N900_RS11320,DNA mismatch repair protein,-4.296990871429443,4.296990871429443
Program6,N900_RS10325,satP,-4.2823896408081055,4.2823896408081055
Program6,N900_RS11460,yhbY,-4.274657249450684,4.274657249450684
Program6,N900_RS13800,dppA,-4.25836706161499,4.25836706161499
Program6,N900_RS08870,phosphatase,-4.25514030456543,4.25514030456543
Program6,N900_RS07090,VC_1443,-4.211084842681885,4.211084842681885
Program6,N900_RS10235,dpiA,-4.208664417266846,4.208664417266846
Program6,N900_RS06615,VC_1539_BLAST,-4.193057537078857,4.193057537078857
Program6,N900_RS04030,ferrous iron transport protein A,-4.187515735626221,4.187515735626221
Program6,N900_RS10940,AraC family transcriptional regulator_3,-4.186467170715332,4.186467170715332
Program6,N900_RS01990,hepA,-4.180744171142578,4.180744171142578
Program6,N900_RS16230,cqsA,-4.177326679229736,4.177326679229736
Program6,N900_RS11300,mobI,-4.171928882598877,4.171928882598877
Program6,N900_RS02555,mutT,-4.157323837280273,4.157323837280273
Program6,N900_RS14860,pepT,-4.123602390289307,4.123602390289307
Program6,N900_RS06660,VC_1529,-4.112610340118408,4.112610340118408
Program6,N900_RS01895,calcium/sodium antiporter,-4.1120500564575195,4.1120500564575195
Program6,N900_RS05670,yciN,-4.10194730758667,4.10194730758667
Program6,N900_RS10635,raiA,-4.09360933303833,4.09360933303833
Program6,N900_RS16535,yejF,-4.093583583831787,4.093583583831787
Program6,N900_RS18420,ATP-dependent helicase_2,-4.09213399887085,4.09213399887085
Program6,N900_RS18830,transglutaminase-like cysteine peptidase,-4.069437503814697,4.069437503814697
Program6,N900_RS08200,nucleotidyltransferase,-4.043056488037109,4.043056488037109
Program6,N900_RS02805,AMP-binding protein,-4.023920059204102,4.023920059204102
Program6,N900_RS05685,glgA,-3.963798522949219,3.963798522949219
Program6,N900_RS00885,hslR,-3.9523251056671143,3.9523251056671143
Program6,N900_RS01710,cpdB,-3.9522318840026855,3.9522318840026855
Program6,N900_RS01075,VC_2697,-3.9522221088409424,3.9522221088409424
Program6,N900_RS13880,ilvY,-3.947504997253418,3.947504997253418
Program6,N900_RS17950,dmlR_6,-3.939669132232666,3.939669132232666
Program6,N900_RS15400,ygfF,-3.929599285125733,3.929599285125733
Program6,N900_RS07140,uspE,3.9284181594848633,3.9284181594848633
Program6,N900_RS18130,yhaI,-3.928128242492676,3.928128242492676
Program6,N900_RS15565,VC_A0334,-3.928094148635864,3.928094148635864
Program6,N900_RS01435,aruC,-3.922100067138672,3.922100067138672
Program6,N900_RS11135,VC_A0809,-3.921820163726806,3.921820163726806
Program6,N900_RS19340,VC_1071,-3.9202256202697754,3.9202256202697754
Program6,N900_RS15370,intIA,-3.916938066482544,3.916938066482544
Program6,N900_RS04570,methyl-accepting chemotaxis protein_1,-3.912926197052002,3.912926197052002
Program6,N900_RS15430,HNH endonuclease_2,-3.90533995628357,3.90533995628357
Program6,N900_RS16240,clcA,-3.8860514163970943,3.8860514163970943
Program6,N900_RS12740,MBL fold metallo-hydrolase_2,-3.885417699813843,3.885417699813843
Program6,N900_RS11075,dsbC_2,-3.8777260780334473,3.8777260780334473
Program6,N900_RS16410,transcriptional regulator_4,-3.86677622795105,3.86677622795105
Program6,N900_RS03865,UPF0126 membrane protein HI_1240_BLAST,-3.8664798736572266,3.8664798736572266
Program6,N900_RS11210,umuD,-3.864857912063598,3.864857912063598
Program6,N900_RS08180,uvrC,-3.861763477325439,3.861763477325439
Program6,N900_RS10985,hisA,-3.861381053924561,3.861381053924561
Program6,N900_RS16440,TraF,-3.8549914360046382,3.8549914360046382
Program6,N900_RS15790,VC_A0310,-3.8456289768218994,3.8456289768218994
Program6,N900_RS05800,ycii,-3.843984603881836,3.843984603881836
Program6,N900_RS09695,queF,-3.842475175857544,3.842475175857544
Program6,N900_RS02680,VC_2367,-3.8398890495300297,3.8398890495300297
Program6,N900_RS11090,VC_0914,-3.833476066589355,3.833476066589355
Program6,N900_RS03270,glnB,-3.833261251449585,3.833261251449585
Program6,N900_RS10900,trag,-3.8287782669067383,3.8287782669067383
Program6,N900_RS12015,uppP,-3.82663893699646,3.82663893699646
Program6,N900_RS02310,VC_2443,-3.8151662349700928,3.8151662349700928
Program6,N900_RS05975,ynjF,-3.8125131130218506,3.8125131130218506
Program6,N900_RS05600,VC_1748,-3.808148860931397,3.808148860931397
Program6,N900_RS18640,fliY,-3.805734157562256,3.805734157562256
Program6,N900_RS13175,hcaT,-3.7989754676818848,3.7989754676818848
Program6,N900_RS05790,metE,-3.789908647537231,3.789908647537231
Program6,N900_RS01100,cpxR,-3.777757167816162,3.777757167816162
Program6,N900_RS12600,pilO_1,-3.748396873474121,3.748396873474121
Program6,N900_RS12985,TetR/AcrR family transcriptional regulator_1,-3.7436487674713135,3.7436487674713135
Program6,N900_RS04225,VC0395_A1625_BLAST,-3.740046501159668,3.740046501159668
Program6,N900_RS07680,ompv,-3.737786293029785,3.737786293029785
Program6,N900_RS03380,heavy metal translocating P-type ATPase,-3.735898733139038,3.735898733139038
Program6,N900_RS15315,gcvT,-3.725893974304199,3.725893974304199
Program6,N900_RS17705,HlyC/CorC family transporter_2,-3.7217557430267334,3.7217557430267334
Program6,N900_RS07345,bmr3_2,-3.716379642486572,3.716379642486572
Program6,N900_RS19050,VC_0279,-3.703944206237793,3.703944206237793
Program6,N900_RS00370,VC_0070,-3.7006003856658936,3.7006003856658936
Program7,N900_RS11295,umuC,2.3378710746765137,2.3378710746765137
Program7,N900_RS17405,pctC_3,2.268322706222534,2.268322706222534
Program7,N900_RS15140,ulaE,2.241342544555664,2.241342544555664
Program7,N900_RS16660,moeA,2.194579839706421,2.194579839706421
Program7,N900_RS18705,VC_A1052,2.1578783988952637,2.1578783988952637
Program7,N900_RS00265,hemF,2.1299610137939453,2.1299610137939453
Program7,N900_RS10925,luxP,2.07509446144104,2.07509446144104
Program7,N900_RS07080,rcsC_3,2.072171688079834,2.072171688079834
Program7,N900_RS14620,rbsA,2.069000720977783,2.069000720977783
Program7,N900_RS15400,ygfF,2.060386896133423,2.060386896133423
Program7,N900_RS03390,ompA_1,2.042043924331665,2.042043924331665
Program7,N900_RS11605,amtB,2.001312017440796,2.001312017440796
Program7,N900_RS12140,DeoR/GlpR transcriptional regulator,1.99338960647583,1.99338960647583
Program7,N900_RS00180,yihD,-1.9532877206802368,1.9532877206802368
Program7,N900_RS10165,Ferredoxin 1_BLAST,1.9298816919326784,1.9298816919326784
Program7,N900_RS04240,nhaC,1.9145498275756836,1.9145498275756836
Program7,N900_RS11150,abortive infection protein,1.8946458101272583,1.8946458101272583
Program7,N900_RS04735,ydiU_BLAST,1.878836154937744,1.878836154937744
Program7,N900_RS17760,sensor histidine kinase_6,1.8665838241577148,1.8665838241577148
Program7,N900_RS05315,VC_1806,1.8550337553024292,1.8550337553024292
Program7,N900_RS03695,ArsC family reductase,1.85411536693573,1.85411536693573
Program7,N900_RS05415,radC_2,1.8312695026397705,1.8312695026397705
Program7,N900_RS16405,VC_A0561,1.8257932662963867,1.8257932662963867
Program7,N900_RS08235,hutU,1.8249125480651855,1.8249125480651855
Program7,N900_RS11695,can,1.818777322769165,1.818777322769165
Program7,N900_RS01745,ABC transporter permease_2,1.7910696268081665,1.7910696268081665
Program7,N900_RS14190,"phosphatidylglycerophosphatase B, putative",1.7794146537780762,1.7794146537780762
Program7,N900_RS03260,cytochrome c_2,1.772412657737732,1.772412657737732
Program7,N900_RS05455,siaQ,1.770293951034546,1.770293951034546
Program7,N900_RS02650,gltD_2,1.7652710676193235,1.7652710676193235
Program7,N900_RS09795,VC_0881_BLAST,1.7642005681991575,1.7642005681991575
Program7,N900_RS06730,molecular chaperone,1.763632893562317,1.763632893562317
Program7,N900_RS16715,abrb,1.762370467185974,1.762370467185974
Program7,N900_RS13265,peptidase_3,1.75567889213562,1.75567889213562
Program7,N900_RS08010,VC_1250,1.751703143119812,1.751703143119812
Program7,N900_RS12840,fkpA,-1.7387946844100952,1.7387946844100952
Program7,N900_RS06805,ABC transporter ATP-binding protein_2,1.7294152975082395,1.7294152975082395
Program7,N900_RS03680,VC_2154,1.728063941001892,1.728063941001892
Program7,N900_RS15120,phosphoribosyl-AMP cyclohydrolase,1.7210352420806885,1.7210352420806885
Program7,N900_RS00425,eamA_1,1.7135236263275146,1.7135236263275146
Program7,N900_RS09030,asma_1,1.702144980430603,1.702144980430603
Program7,N900_RS08565,hisC,1.6868975162506104,1.6868975162506104
Program7,N900_RS03955,VC_2094,1.6673308610916138,1.6673308610916138
Program7,N900_RS15195,VC_A0254,1.655831217765808,1.655831217765808
Program7,N900_RS12865,hflK,1.650424242019653,1.650424242019653
Program7,N900_RS00215,rsmB,1.630455732345581,1.630455732345581
Program7,N900_RS06830,pepN,1.6273136138916016,1.6273136138916016
Program7,N900_RS00090,avtA,1.6138311624526978,1.6138311624526978
Program7,N900_RS07520,VC_1351,1.601069688796997,1.601069688796997
Program7,N900_RS13815,VC_0231,1.5913668870925903,1.5913668870925903
Program7,N900_RS04495,rnd,1.5908355712890625,1.5908355712890625
Program7,N900_RS03265,padC,1.583092451095581,1.583092451095581
Program7,N900_RS11220,Pseudogene_N900_RS11220,1.572242021560669,1.572242021560669
Program7,N900_RS00615,lipoprotein,1.5657005310058594,1.5657005310058594
Program7,N900_RS11080,pyrE,1.5602965354919434,1.5602965354919434
Program7,N900_RS15585,VC_A0339,1.5548073053359983,1.5548073053359983
Program7,N900_RS16435,VC_A0567,1.5535205602645874,1.5535205602645874
Program7,N900_RS14270,VC_A0054,1.5521109104156494,1.5521109104156494
Program7,N900_RS16670,glyoxalase_2,1.5499314069747925,1.5499314069747925
Program7,N900_RS01715,cobA,1.5434712171554563,1.5434712171554563
Program7,N900_RS07490,glnQ,1.5381923913955688,1.5381923913955688
Program7,N900_RS14235,tolB_2,1.5305360555648804,1.5305360555648804
Program7,N900_RS04095,cheZ,1.5293121337890625,1.5293121337890625
Program7,N900_RS18780,VC_A1070,1.528739333152771,1.528739333152771
Program7,N900_RS10660,trpR,1.528414607048035,1.528414607048035
Program7,N900_RS13785,sporulation protein,1.5247175693511963,1.5247175693511963
Program7,N900_RS08335,trxB,1.523933172225952,1.523933172225952
Program7,N900_RS01750,yknY_1,1.517662763595581,1.517662763595581
Program7,N900_RS06350,galK,1.5129032135009766,1.5129032135009766
Program7,N900_RS12725,dusA,1.5114203691482544,1.5114203691482544
Program7,N900_RS00540,ypeA_1,1.5099072456359863,1.5099072456359863
Program7,N900_RS17730,VC_A0845,1.5053881406784058,1.5053881406784058
Program7,N900_RS15440,HNH endonuclease_1,1.5037449598312378,1.5037449598312378
Program7,N900_RS09565,glycosyltransferase,1.4991562366485596,1.4991562366485596
Program7,N900_RS09525,vpsN,1.4962595701217651,1.4962595701217651
Program7,N900_RS18125,AraC family transcriptional regulator_4,-1.4955168962478638,1.4955168962478638
Program7,N900_RS04075,flhF,1.4942795038223269,1.4942795038223269
Program7,N900_RS04490,fadD,1.491396427154541,1.491396427154541
Program7,N900_RS02795,radA,1.489620566368103,1.489620566368103
Program7,N900_RS00250,purK,1.487210988998413,1.487210988998413
Program7,N900_RS01305,argE,1.4863977432250977,1.4863977432250977
Program7,N900_RS05780,VC_1707,1.4803965091705322,1.4803965091705322
Program7,N900_RS18140,rlmC,-1.4778721332550049,1.4778721332550049
Program7,N900_RS17365,NUDIX hydrolase_2,1.4761602878570557,1.4761602878570557
Program7,N900_RS01885,kdsC,1.4755463600158691,1.4755463600158691
Program7,N900_RS14260,VC_A0052,1.4747732877731323,1.4747732877731323
Program7,N900_RS06515,bglA,-1.473788499832153,1.473788499832153
Program7,N900_RS12690,cysH,1.4731624126434326,1.4731624126434326
Program7,N900_RS07195,VC_0188,1.4718053340911863,1.4718053340911863
Program7,N900_RS16865,pal_2,1.4710485935211182,1.4710485935211182
Program7,N900_RS18410,aer_2,1.4692918062210083,1.4692918062210083
Program7,N900_RS08880,arsR1,1.4685484170913696,1.4685484170913696
Program7,N900_RS04465,ATP-dependent DNA helicase,1.4652141332626345,1.4652141332626345
Program7,N900_RS04610,minD,1.461352825164795,1.461352825164795
Program7,N900_RS02755,VC_2351,1.44858717918396,1.44858717918396
Program7,N900_RS15030,VC_A0217,1.4442191123962402,1.4442191123962402
Program7,N900_RS19060,VC_0729,1.4438413381576538,1.4438413381576538
Program7,N900_RS07360,lplA,1.4428030252456665,1.4428030252456665
Program7,N900_RS14150,chiA,1.4423363208770752,1.4423363208770752
Program7,N900_RS14955,VC_A0200,1.438595414161682,1.438595414161682
Program8,N900_RS11160,brxL,4.010319232940674,4.010319232940674
Program8,N900_RS18340,methyl-accepting chemotaxis protein_25,3.842075824737549,3.842075824737549
Program8,N900_RS02295,cca,3.807096481323242,3.807096481323242
Program8,N900_RS10885,flhD,3.736274242401123,3.736274242401123
Program8,N900_RS05000,ycgB_BLAST,3.6945834159851074,3.6945834159851074
Program8,N900_RS10995,endonuclease,3.690054893493652,3.690054893493652
Program8,N900_RS10540,ppk,3.6809816360473633,3.6809816360473633
Program8,N900_RS18130,yhaI,3.6768407821655273,3.6768407821655273
Program8,N900_RS15160,ulaC,3.6754205226898193,3.6754205226898193
Program8,N900_RS17670,LysR family transcriptional regulator_7,3.62223219871521,3.62223219871521
Program8,N900_RS04750,dctM_1,3.5961263179779053,3.5961263179779053
Program8,N900_RS13360,rjg,3.5764007568359375,3.5764007568359375
Program8,N900_RS04205,acuC,3.5579311847686768,3.5579311847686768
Program8,N900_RS06770,aroH,3.511227607727051,3.511227607727051
Program8,N900_RS04975,DNA internalization-related competence protein ComEC/Rec2,3.509456157684326,3.509456157684326
Program8,N900_RS13730,VC_0183,3.4964730739593506,3.4964730739593506
Program8,N900_RS16940,mycothiol reductase,3.4926791191101074,3.4926791191101074
Program8,N900_RS13680,rarD,3.4864304065704346,3.4864304065704346
Program8,N900_RS00780,RNA-binding protein,3.4802894592285156,3.4802894592285156
Program8,N900_RS15400,ygfF,3.47068452835083,3.47068452835083
Program8,N900_RS14855,psuT,3.46455717086792,3.46455717086792
Program8,N900_RS09345,VC_0973,3.4614202976226807,3.4614202976226807
Program8,N900_RS10245,"DOPA 4,5-dioxygenase",3.4481875896453857,3.4481875896453857
Program8,N900_RS14860,pepT,3.4472639560699463,3.4472639560699463
Program8,N900_RS06070,VC_1646,3.4430441856384277,3.4430441856384277
Program8,N900_RS01850,rapZ,3.4321486949920654,3.4321486949920654
Program8,N900_RS05955,metC,3.4148194789886475,3.4148194789886475
Program8,N900_RS10940,AraC family transcriptional regulator_3,3.407886743545532,3.407886743545532
Program8,N900_RS00745,sthA,3.3895392417907715,3.3895392417907715
Program8,N900_RS10705,anmK,3.3871476650238037,3.3871476650238037
Program8,N900_RS01040,nhaP2,3.3851184844970703,3.3851184844970703
Program8,N900_RS05935,ttgG,3.3793768882751465,3.3793768882751465
Program8,N900_RS13470,wavK,3.372593402862549,3.372593402862549
Program8,N900_RS08765,oppC,3.3614156246185303,3.3614156246185303
Program8,N900_RS11135,VC_A0809,3.357715606689453,3.357715606689453
Program8,N900_RS19930,Pseudogene_N900_RS19930,3.3114964962005615,3.3114964962005615
Program8,N900_RS19185,VC_0874,3.2820229530334473,3.2820229530334473
Program8,N900_RS09705,VC_0900,3.2789366245269775,3.2789366245269775
Program8,N900_RS15120,phosphoribosyl-AMP cyclohydrolase,3.271451950073242,3.271451950073242
Program8,N900_RS15395,catB9,3.2633841037750244,3.2633841037750244
Program8,N900_RS16380,sensor domain-containing diguanylate cyclase_4,3.2545926570892334,3.2545926570892334
Program8,N900_RS07605,tripartite tricarboxylate transporter substrate binding protein,3.226029872894287,3.226029872894287
Program8,N900_RS06505,lysr_3,3.2165253162384033,3.2165253162384033
Program8,N900_RS13800,dppA,3.2132136821746826,3.2132136821746826
Program8,N900_RS10260,acp,3.205861806869507,3.205861806869507
Program8,N900_RS03595,sirB1,3.2027716636657715,3.2027716636657715
Program8,N900_RS20100,Pseudogene_N900_RS20100,3.2009453773498535,3.2009453773498535
Program8,N900_RS11360,ubiU,3.19486403465271,3.19486403465271
Program8,N900_RS15805,bar,3.1923916339874268,3.1923916339874268
Program8,N900_RS17210,VC_A0734,3.1799569129943848,3.1799569129943848
Program8,N900_RS13780,tadA_2,3.176506996154785,3.176506996154785
Program8,N900_RS11355,bifunctional diguanylate cyclase/phosphodiesterase_1,3.167597770690918,3.167597770690918
Program8,N900_RS01120,glpX,3.158134698867798,3.158134698867798
Program8,N900_RS00945,epsN,3.1578547954559326,3.1578547954559326
Program8,N900_RS01950,pyrI,3.1485910415649414,3.1485910415649414
Program8,N900_RS10495,malate synthase A,3.145542860031128,3.145542860031128
Program8,N900_RS00890,gspC,3.1444461345672607,3.1444461345672607
Program8,N900_RS17800,malS,3.139011859893799,3.139011859893799
Program8,N900_RS01435,aruC,3.1361823081970215,3.1361823081970215
Program8,N900_RS00200,VC_0041,3.1341657638549805,3.1341657638549805
Program8,N900_RS07485,yhdY,3.133012056350708,3.133012056350708
Program8,N900_RS07510,rlmI,3.1318933963775635,3.1318933963775635
Program8,N900_RS04445,sppA,3.1259326934814453,3.1259326934814453
Program8,N900_RS12510,Maf,3.122224807739258,3.122224807739258
Program8,N900_RS18785,putP,3.119344711303711,3.119344711303711
Program8,N900_RS02685,putative 4-hydroxy-4-methyl-2-oxoglutarate aldolase,3.116847276687622,3.116847276687622
Program8,N900_RS04380,pykA_1,3.110300064086914,3.110300064086914
Program8,N900_RS10445,trmJ,3.107643365859986,3.107643365859986
Program8,N900_RS05075,pctC_1,3.103214740753174,3.103214740753174
Program8,N900_RS16375,VC_A0556,3.100067615509033,3.100067615509033
Program8,N900_RS05415,radC_2,3.0945751667022705,3.0945751667022705
Program8,N900_RS08845,araC_1,3.090564250946045,3.090564250946045
Program8,N900_RS08880,arsR1,3.0861287117004395,3.0861287117004395
Program8,N900_RS13675,recQ,3.0815534591674805,3.0815534591674805
Program8,N900_RS07085,histidine kinase,3.0783419609069824,3.0783419609069824
Program8,N900_RS13510,wavF,3.078138589859009,3.078138589859009
Program8,N900_RS02890,recD,3.0752522945404053,3.0752522945404053
Program8,N900_RS17120,cytochrome b_1,3.06250524520874,3.06250524520874
Program8,N900_RS03805,fliL_1,3.055854082107544,3.055854082107544
Program8,N900_RS14770,tryptophan-specific transporter,3.051213502883911,3.051213502883911
Program8,N900_RS10990,cobS,3.051109313964844,3.051109313964844
Program8,N900_RS07515,diguanylate cyclase_1,3.049318313598633,3.049318313598633
Program8,N900_RS04225,VC0395_A1625_BLAST,3.0492987632751465,3.0492987632751465
Program8,N900_RS15305,glyA2,3.0492477416992188,3.0492477416992188
Program8,N900_RS10900,trag,3.048288106918335,3.048288106918335
Program8,N900_RS08200,nucleotidyltransferase,3.0427916049957275,3.0427916049957275
Program8,N900_RS17580,phrB_1,3.040674924850464,3.040674924850464
Program8,N900_RS18565,VC_A1024,3.0403692722320557,3.0403692722320557
Program8,N900_RS11150,abortive infection protein,3.0389840602874756,3.0389840602874756
Program8,N900_RS18730,ydfG,3.0377306938171387,3.0377306938171387
Program8,N900_RS17320,fabH2,3.037230968475342,3.037230968475342
Program8,N900_RS17725,glyceraldehyde-3-phosphate dehydrogenase,3.0342226028442383,3.0342226028442383
Program8,N900_RS07505,acyP,3.027256727218628,3.027256727218628
Program8,N900_RS16350,VC_A0550,3.025364875793457,3.025364875793457
Program8,N900_RS07715,eamA_3,3.024517774581909,3.024517774581909
Program8,N900_RS07150,VC_1431,3.023200750350952,3.023200750350952
Program8,N900_RS10275,vibriobactin biosynthesis 4\'-phosphopantetheinyl transferase VibD,3.0222103595733643,3.0222103595733643
Program8,N900_RS17180,DNA recombination protein RecF,3.0086405277252197,3.0086405277252197
Program8,N900_RS18915,ABC transporter substrate-binding protein_10,3.0078680515289307,3.0078680515289307
Program8,N900_RS18595,VC_A1030,3.000246286392212,3.000246286392212
