Model,Rank,Program,Time,Space,Value,Requested_rank
PCA,10,PC1,1h,st,0.0014188885755935,9
PCA,10,PC1,1h,SI1,0.6352595715396835,9
PCA,10,PC1,1h,SI2,-0.1499479198212338,9
PCA,10,PC1,1h,SI3,-0.7051152524446802,9
PCA,10,PC1,1h,SI4,-0.8505379156377997,9
PCA,10,PC1,1h,SI5,-0.9249141140593282,9
PCA,10,PC1,1h,SI6,-0.9660468893425526,9
PCA,10,PC1,1h,SI7,-0.8938967439015617,9
PCA,10,PC1,1h,SI8,-0.8633925737000834,9
PCA,10,PC1,1h,SI9,-0.6954921881402194,9
PCA,10,PC1,1h,ce,0.0372157832271869,9
PCA,10,PC1,1h,co,0.1427549978715273,9
PCA,10,PC1,3h,st,0.3583928077866459,9
PCA,10,PC1,3h,SI1,1.413369777184731,9
PCA,10,PC1,3h,SI2,1.3822606098079246,9
PCA,10,PC1,3h,SI3,1.3632421176407474,9
PCA,10,PC1,3h,SI4,1.1358973266459376,9
PCA,10,PC1,3h,SI5,1.1798689824679416,9
PCA,10,PC1,3h,SI6,0.1246091232133697,9
PCA,10,PC1,3h,SI7,0.2425411902491444,9
PCA,10,PC1,3h,SI8,0.0936049503062583,9
PCA,10,PC1,3h,SI9,-0.0530293080862068,9
PCA,10,PC1,3h,ce,-0.7237235816434522,9
PCA,10,PC1,3h,co,-0.810990899794297,9
PCA,10,PC1,6h,st,0.4999326085572768,9
PCA,10,PC1,6h,SI1,1.1169829077599474,9
PCA,10,PC1,6h,SI2,1.4033571210670317,9
PCA,10,PC1,6h,SI3,1.4016330241761226,9
PCA,10,PC1,6h,SI4,1.346742126233821,9
PCA,10,PC1,6h,SI5,0.4867973050942246,9
PCA,10,PC1,6h,SI6,-0.6253955239407365,9
PCA,10,PC1,6h,SI7,-0.7148684485051171,9
PCA,10,PC1,6h,SI8,-0.6393840059842055,9
PCA,10,PC1,6h,SI9,-0.6968989724321479,9
PCA,10,PC1,6h,ce,-0.2507666038030498,9
PCA,10,PC1,6h,co,-0.5137431824669247,9
PCA,10,PC1,12h,st,0.2844938293761437,9
PCA,10,PC1,12h,SI1,1.395599762428187,9
PCA,10,PC1,12h,SI2,1.3432675509484269,9
PCA,10,PC1,12h,SI3,1.113667575046009,9
PCA,10,PC1,12h,SI4,0.4032377791037874,9
PCA,10,PC1,12h,SI5,-0.4295880833868826,9
PCA,10,PC1,12h,SI6,-0.7272644914412737,9
PCA,10,PC1,12h,SI7,-0.8131624449004536,9
PCA,10,PC1,12h,SI8,-0.5837612241026043,9
PCA,10,PC1,12h,SI9,-0.6459003426072047,9
PCA,10,PC1,12h,ce,-0.4568201330949941,9
PCA,10,PC1,12h,co,-0.5374444264777755,9
PCA,10,PC1,24h,st,0.1585200267073536,9
PCA,10,PC1,24h,SI1,0.2625032942592638,9
PCA,10,PC1,24h,SI2,-0.0357143429165126,9
PCA,10,PC1,24h,SI3,-0.1368841281790396,9
PCA,10,PC1,24h,SI4,-0.339045179275614,9
PCA,10,PC1,24h,SI5,-0.4241859336250472,9
PCA,10,PC1,24h,SI6,-0.5146821539828991,9
PCA,10,PC1,24h,SI7,-0.5646686136400146,9
PCA,10,PC1,24h,SI8,-0.5719128770057188,9
PCA,10,PC1,24h,SI9,-0.4858492281659724,9
PCA,10,PC1,24h,ce,-0.532043458564394,9
PCA,10,PC1,24h,co,-0.4500998522042895,9
CP,10,CP1,1h,st,0.0156884299029289,9
CP,10,CP1,1h,SI1,0.0148233990977139,9
CP,10,CP1,1h,SI2,0.0118443733274861,9
CP,10,CP1,1h,SI3,0.0131104591083009,9
CP,10,CP1,1h,SI4,0.0030304884662523,9
CP,10,CP1,1h,SI5,-0.0046123482662561,9
CP,10,CP1,1h,SI6,-0.0114645451724564,9
CP,10,CP1,1h,SI7,-0.0112015155298874,9
CP,10,CP1,1h,SI8,-0.0091623435562882,9
CP,10,CP1,1h,SI9,-0.0084808158263834,9
CP,10,CP1,1h,ce,-0.0067259623253841,9
CP,10,CP1,1h,co,-0.0058949854112486,9
CP,10,CP1,3h,st,0.2646273887940125,9
CP,10,CP1,3h,SI1,0.2500363274432725,9
CP,10,CP1,3h,SI2,0.199787079073409,9
CP,10,CP1,3h,SI3,0.2211430067372539,9
CP,10,CP1,3h,SI4,0.0511173045713782,9
CP,10,CP1,3h,SI5,-0.0777996068096064,9
CP,10,CP1,3h,SI6,-0.19338025994123,9
CP,10,CP1,3h,SI7,-0.1889435605443397,9
CP,10,CP1,3h,SI8,-0.1545474636745867,9
CP,10,CP1,3h,SI9,-0.1430516731671018,9
CP,10,CP1,3h,ce,-0.1134513688307984,9
CP,10,CP1,3h,co,-0.0994347175599952,9
CP,10,CP1,6h,st,0.2576756147839071,9
CP,10,CP1,6h,SI1,0.2434678613044354,9
CP,10,CP1,6h,SI2,0.194538663064065,9
CP,10,CP1,6h,SI3,0.2153335694988838,9
CP,10,CP1,6h,SI4,0.0497744505644463,9
CP,10,CP1,6h,SI5,-0.0757558074618509,9
CP,10,CP1,6h,SI6,-0.1883001513732794,9
CP,10,CP1,6h,SI7,-0.1839800042792271,9
CP,10,CP1,6h,SI8,-0.1504874944998275,9
CP,10,CP1,6h,SI9,-0.1392936989522739,9
CP,10,CP1,6h,ce,-0.1104709960098175,9
CP,10,CP1,6h,co,-0.0968225628303356,9
CP,10,CP1,12h,st,0.1876010990609545,9
CP,10,CP1,12h,SI1,0.1772571238649653,9
CP,10,CP1,12h,SI2,0.1416341512613579,9
CP,10,CP1,12h,SI3,0.1567739125667236,9
CP,10,CP1,12h,SI4,0.0362383597643732,9
CP,10,CP1,12h,SI5,-0.0551541237303797,9
CP,10,CP1,12h,SI6,-0.137092193922176,9
CP,10,CP1,12h,SI7,-0.1339469046652594,9
CP,10,CP1,12h,SI8,-0.1095626351246806,9
CP,10,CP1,12h,SI9,-0.1014129763021111,9
CP,10,CP1,12h,ce,-0.0804285662932448,9
CP,10,CP1,12h,co,-0.0704918050398446,9
CP,10,CP1,24h,st,0.0610546307448886,9
CP,10,CP1,24h,SI1,0.0576881921195999,9
CP,10,CP1,24h,SI2,0.0460947235885768,9
CP,10,CP1,24h,SI3,0.0510219470467108,9
CP,10,CP1,24h,SI4,0.0117937458004729,9
CP,10,CP1,24h,SI5,-0.0179498663668388,9
CP,10,CP1,24h,SI6,-0.0446165471301719,9
CP,10,CP1,24h,SI7,-0.0435929152051557,9
CP,10,CP1,24h,SI8,-0.0356570737829253,9
CP,10,CP1,24h,SI9,-0.0330047737025983,9
CP,10,CP1,24h,ce,-0.0261754139019161,9
CP,10,CP1,24h,co,-0.0229415027352798,9
VAE,10,VAE1,1h,st,-0.0866248235106468,9
VAE,10,VAE1,1h,SI1,0.006779134273529,9
VAE,10,VAE1,1h,SI2,-0.0238719768822193,9
VAE,10,VAE1,1h,SI3,-0.0275807976722717,9
VAE,10,VAE1,1h,SI4,-0.0145439505577087,9
VAE,10,VAE1,1h,SI5,-0.0305772423744201,9
VAE,10,VAE1,1h,SI6,-0.0386187434196472,9
VAE,10,VAE1,1h,SI7,-0.0131158828735351,9
VAE,10,VAE1,1h,SI8,-0.0522310137748718,9
VAE,10,VAE1,1h,SI9,-0.0487549602985382,9
VAE,10,VAE1,1h,ce,-0.0262136459350585,9
VAE,10,VAE1,1h,co,-0.0223386883735656,9
VAE,10,VAE1,3h,st,-0.1137933582067489,9
VAE,10,VAE1,3h,SI1,0.091382086277008,9
VAE,10,VAE1,3h,SI2,0.0152189135551452,9
VAE,10,VAE1,3h,SI3,-0.0359326601028442,9
VAE,10,VAE1,3h,SI4,0.0362125635147094,9
VAE,10,VAE1,3h,SI5,0.0609353780746459,9
VAE,10,VAE1,3h,SI6,0.0389963686466217,9
VAE,10,VAE1,3h,SI7,0.0337461233139038,9
VAE,10,VAE1,3h,SI8,-0.000204399228096,9
VAE,10,VAE1,3h,SI9,-0.0406164601445198,9
VAE,10,VAE1,3h,ce,-0.0207009613513946,9
VAE,10,VAE1,3h,co,-0.0422625839710235,9
VAE,10,VAE1,6h,st,-0.0577945858240127,9
VAE,10,VAE1,6h,SI1,0.0153931379318237,9
VAE,10,VAE1,6h,SI2,0.0040894746780395,9
VAE,10,VAE1,6h,SI3,-0.0015455484390258,9
VAE,10,VAE1,6h,SI4,0.0798786878585815,9
VAE,10,VAE1,6h,SI5,0.0745840966701507,9
VAE,10,VAE1,6h,SI6,0.0298443138599395,9
VAE,10,VAE1,6h,SI7,0.0269343256950378,9
VAE,10,VAE1,6h,SI8,0.00625541806221,9
VAE,10,VAE1,6h,SI9,0.0205958485603332,9
VAE,10,VAE1,6h,ce,0.0667992681264877,9
VAE,10,VAE1,6h,co,0.0277512520551681,9
VAE,10,VAE1,12h,st,-0.0854242891073226,9
VAE,10,VAE1,12h,SI1,0.0065711736679077,9
VAE,10,VAE1,12h,SI2,0.0381177067756652,9
VAE,10,VAE1,12h,SI3,0.0118666887283325,9
VAE,10,VAE1,12h,SI4,0.0406217128038406,9
VAE,10,VAE1,12h,SI5,0.0266030430793762,9
VAE,10,VAE1,12h,SI6,0.0175963640213012,9
VAE,10,VAE1,12h,SI7,0.0005058050155639,9
VAE,10,VAE1,12h,SI8,0.0269337892532348,9
VAE,10,VAE1,12h,SI9,0.028369128704071,9
VAE,10,VAE1,12h,ce,0.0141260027885437,9
VAE,10,VAE1,12h,co,0.0031193196773529,9
VAE,10,VAE1,24h,st,-0.008195161819458,9
VAE,10,VAE1,24h,SI1,0.002468891441822,9
VAE,10,VAE1,24h,SI2,-0.0012495517730712,9
VAE,10,VAE1,24h,SI3,0.0016501545906066,9
VAE,10,VAE1,24h,SI4,-0.0049097537994384,9
VAE,10,VAE1,24h,SI5,0.0034508407115936,9
VAE,10,VAE1,24h,SI6,0.0077490210533142,9
VAE,10,VAE1,24h,SI7,0.0011890232563018,9
VAE,10,VAE1,24h,SI8,-0.0161422789096832,9
VAE,10,VAE1,24h,SI9,0.0014634728431701,9
VAE,10,VAE1,24h,ce,-0.0163569450378417,9
VAE,10,VAE1,24h,co,-0.0012235939502716,9
weighted_CPVAE,10,CPVAE1,1h,st,-0.0705973953008651,9
weighted_CPVAE,10,CPVAE1,1h,SI1,-0.0957277342677116,9
weighted_CPVAE,10,CPVAE1,1h,SI2,-0.0728497430682182,9
weighted_CPVAE,10,CPVAE1,1h,SI3,-0.0342803969979286,9
weighted_CPVAE,10,CPVAE1,1h,SI4,-0.0617671534419059,9
weighted_CPVAE,10,CPVAE1,1h,SI5,-0.0575726926326751,9
weighted_CPVAE,10,CPVAE1,1h,SI6,-0.038183569908142,9
weighted_CPVAE,10,CPVAE1,1h,SI7,-0.0455694086849689,9
weighted_CPVAE,10,CPVAE1,1h,SI8,-0.0293011255562305,9
weighted_CPVAE,10,CPVAE1,1h,SI9,-0.0357569195330143,9
weighted_CPVAE,10,CPVAE1,1h,ce,-0.0556652285158634,9
weighted_CPVAE,10,CPVAE1,1h,co,-0.0394787974655628,9
weighted_CPVAE,10,CPVAE1,3h,st,-0.0587570518255233,9
weighted_CPVAE,10,CPVAE1,3h,SI1,-0.0796726197004318,9
weighted_CPVAE,10,CPVAE1,3h,SI2,-0.0606316439807415,9
weighted_CPVAE,10,CPVAE1,3h,SI3,-0.0285310111939907,9
weighted_CPVAE,10,CPVAE1,3h,SI4,-0.0514077842235565,9
weighted_CPVAE,10,CPVAE1,3h,SI5,-0.0479168072342872,9
weighted_CPVAE,10,CPVAE1,3h,SI6,-0.0317795574665069,9
weighted_CPVAE,10,CPVAE1,3h,SI7,-0.0379266664385795,9
weighted_CPVAE,10,CPVAE1,3h,SI8,-0.0243868436664342,9
weighted_CPVAE,10,CPVAE1,3h,SI9,-0.0297598969191312,9
weighted_CPVAE,10,CPVAE1,3h,ce,-0.0463292524218559,9
weighted_CPVAE,10,CPVAE1,3h,co,-0.0328575521707534,9
weighted_CPVAE,10,CPVAE1,6h,st,0.0116925630718469,9
weighted_CPVAE,10,CPVAE1,6h,SI1,0.0158547293394804,9
weighted_CPVAE,10,CPVAE1,6h,SI2,0.0120656043291091,9
weighted_CPVAE,10,CPVAE1,6h,SI3,0.0056776273995637,9
weighted_CPVAE,10,CPVAE1,6h,SI4,0.0102300709113478,9
weighted_CPVAE,10,CPVAE1,6h,SI5,0.00953537132591,9
weighted_CPVAE,10,CPVAE1,6h,SI6,0.0063240830786526,9
weighted_CPVAE,10,CPVAE1,6h,SI7,0.0075473487377166,9
weighted_CPVAE,10,CPVAE1,6h,SI8,0.0048529445193707,9
weighted_CPVAE,10,CPVAE1,6h,SI9,0.0059221740812063,9
weighted_CPVAE,10,CPVAE1,6h,ce,0.0092194499447941,9
weighted_CPVAE,10,CPVAE1,6h,co,0.0065386029891669,9
weighted_CPVAE,10,CPVAE1,12h,st,0.0583492368459701,9
weighted_CPVAE,10,CPVAE1,12h,SI1,0.0791196376085281,9
weighted_CPVAE,10,CPVAE1,12h,SI2,0.0602108165621757,9
weighted_CPVAE,10,CPVAE1,12h,SI3,0.0283329859375953,9
weighted_CPVAE,10,CPVAE1,12h,SI4,0.0510509796440601,9
weighted_CPVAE,10,CPVAE1,12h,SI5,0.047584231942892,9
weighted_CPVAE,10,CPVAE1,12h,SI6,0.031558983027935,9
weighted_CPVAE,10,CPVAE1,12h,SI7,0.0376634299755096,9
weighted_CPVAE,10,CPVAE1,12h,SI8,0.0242175832390785,9
weighted_CPVAE,10,CPVAE1,12h,SI9,0.0295533426105976,9
weighted_CPVAE,10,CPVAE1,12h,ce,0.0460076965391635,9
weighted_CPVAE,10,CPVAE1,12h,co,0.0326295010745525,9
weighted_CPVAE,10,CPVAE1,24h,st,0.0516540519893169,9
weighted_CPVAE,10,CPVAE1,24h,SI1,0.070041187107563,9
weighted_CPVAE,10,CPVAE1,24h,SI2,0.0533020310103893,9
weighted_CPVAE,10,CPVAE1,24h,SI3,0.0250819660723209,9
weighted_CPVAE,10,CPVAE1,24h,SI4,0.0451932214200496,9
weighted_CPVAE,10,CPVAE1,24h,SI5,0.0421242602169513,9
weighted_CPVAE,10,CPVAE1,24h,SI6,0.0279378034174442,9
weighted_CPVAE,10,CPVAE1,24h,SI7,0.0333418063819408,9
weighted_CPVAE,10,CPVAE1,24h,SI8,0.0214387774467468,9
weighted_CPVAE,10,CPVAE1,24h,SI9,0.0261622946709394,9
weighted_CPVAE,10,CPVAE1,24h,ce,0.0407286211848259,9
weighted_CPVAE,10,CPVAE1,24h,co,0.0288854837417602,9
PCA,10,PC2,1h,st,0.4951475184979731,9
PCA,10,PC2,1h,SI1,0.8250354400737413,9
PCA,10,PC2,1h,SI2,0.1898519488907101,9
PCA,10,PC2,1h,SI3,-0.2698718364259952,9
PCA,10,PC2,1h,SI4,-0.3992267220469103,9
PCA,10,PC2,1h,SI5,-0.4227895670685397,9
PCA,10,PC2,1h,SI6,-0.4482353382953596,9
PCA,10,PC2,1h,SI7,-0.3920453002568268,9
PCA,10,PC2,1h,SI8,-0.3187889401963728,9
PCA,10,PC2,1h,SI9,-0.16294779340384,9
PCA,10,PC2,1h,ce,0.5883942479878246,9
PCA,10,PC2,1h,co,0.6368633325666503,9
PCA,10,PC2,3h,st,0.7834782874186179,9
PCA,10,PC2,3h,SI1,0.931904025770906,9
PCA,10,PC2,3h,SI2,0.97604508969946,9
PCA,10,PC2,3h,SI3,0.9945669398609788,9
PCA,10,PC2,3h,SI4,0.7539508223067829,9
PCA,10,PC2,3h,SI5,0.7425224016942766,9
PCA,10,PC2,3h,SI6,-0.0969504428370855,9
PCA,10,PC2,3h,SI7,0.1228217353607131,9
PCA,10,PC2,3h,SI8,0.201582175716674,9
PCA,10,PC2,3h,SI9,0.165480130825586,9
PCA,10,PC2,3h,ce,-0.33724275012602,9
PCA,10,PC2,3h,co,-0.3787215565144853,9
PCA,10,PC2,6h,st,0.7707440970640805,9
PCA,10,PC2,6h,SI1,0.7783501981040047,9
PCA,10,PC2,6h,SI2,0.8728669379701515,9
PCA,10,PC2,6h,SI3,0.9865431675860202,9
PCA,10,PC2,6h,SI4,0.4670271953294521,9
PCA,10,PC2,6h,SI5,-0.0024238338156503,9
PCA,10,PC2,6h,SI6,-0.7189196697944442,9
PCA,10,PC2,6h,SI7,-0.7342509186461316,9
PCA,10,PC2,6h,SI8,-0.6049250795752761,9
PCA,10,PC2,6h,SI9,-0.6359192823180037,9
PCA,10,PC2,6h,ce,-0.4757069984958709,9
PCA,10,PC2,6h,co,-0.3892739999258756,9
PCA,10,PC2,12h,st,0.6329521928122493,9
PCA,10,PC2,12h,SI1,0.8925803769598076,9
PCA,10,PC2,12h,SI2,0.7949989780696849,9
PCA,10,PC2,12h,SI3,0.7535909467920683,9
PCA,10,PC2,12h,SI4,-0.0612158750145618,9
PCA,10,PC2,12h,SI5,-0.5640460043723025,9
PCA,10,PC2,12h,SI6,-0.7692531974491796,9
PCA,10,PC2,12h,SI7,-0.7705129809708575,9
PCA,10,PC2,12h,SI8,-0.7009817246629041,9
PCA,10,PC2,12h,SI9,-0.7279875478897979,9
PCA,10,PC2,12h,ce,-0.5149150589731302,9
PCA,10,PC2,12h,co,-0.41917979753565,9
PCA,10,PC2,24h,st,-0.0162358949223881,9
PCA,10,PC2,24h,SI1,0.0339658304815233,9
PCA,10,PC2,24h,SI2,-0.1317389098137207,9
PCA,10,PC2,24h,SI3,-0.2384930584912948,9
PCA,10,PC2,24h,SI4,-0.3989455363254383,9
PCA,10,PC2,24h,SI5,-0.4445316855354437,9
PCA,10,PC2,24h,SI6,-0.473181404274159,9
PCA,10,PC2,24h,SI7,-0.4922198057196654,9
PCA,10,PC2,24h,SI8,-0.4883202781279961,9
PCA,10,PC2,24h,SI9,-0.4521746350973626,9
PCA,10,PC2,24h,ce,-0.4603970427152728,9
PCA,10,PC2,24h,co,-0.4786935502061272,9
CP,10,CP2,1h,st,0.2803687842384806,9
CP,10,CP2,1h,SI1,-0.0372537156988409,9
CP,10,CP2,1h,SI2,-0.2174863355315048,9
CP,10,CP2,1h,SI3,-0.3856586549860338,9
CP,10,CP2,1h,SI4,-0.4713907476329451,9
CP,10,CP2,1h,SI5,-0.4984604780739014,9
CP,10,CP2,1h,SI6,-0.395154731267016,9
CP,10,CP2,1h,SI7,-0.3969057456933902,9
CP,10,CP2,1h,SI8,-0.3757889630868522,9
CP,10,CP2,1h,SI9,-0.3155294864565888,9
CP,10,CP2,1h,ce,-0.1085372567508707,9
CP,10,CP2,1h,co,-0.0136112764870023,9
CP,10,CP2,3h,st,-0.3354150825068615,9
CP,10,CP2,3h,SI1,0.0445679363298352,9
CP,10,CP2,3h,SI2,0.2601865873711717,9
CP,10,CP2,3h,SI3,0.4613770749585169,9
CP,10,CP2,3h,SI4,0.5639414064576684,9
CP,10,CP2,3h,SI5,0.5963258814053817,9
CP,10,CP2,3h,SI6,0.4727375665265363,9
CP,10,CP2,3h,SI7,0.4748323669512278,9
CP,10,CP2,3h,SI8,0.4495696138259486,9
CP,10,CP2,3h,SI9,0.3774790728598477,9
CP,10,CP2,3h,ce,0.1298469550632845,9
CP,10,CP2,3h,co,0.0162836509717439,9
CP,10,CP2,6h,st,-0.027239992937323,9
CP,10,CP2,6h,SI1,0.0036194862251936,9
CP,10,CP2,6h,SI2,0.0211304773458775,9
CP,10,CP2,6h,SI3,0.0374697171319231,9
CP,10,CP2,6h,SI4,0.0457992521211584,9
CP,10,CP2,6h,SI5,0.0484292855181705,9
CP,10,CP2,6h,SI6,0.0383923342896385,9
CP,10,CP2,6h,SI7,0.0385624588658717,9
CP,10,CP2,6h,SI8,0.0365108003311191,9
CP,10,CP2,6h,SI9,0.0306561267365761,9
CP,10,CP2,6h,ce,0.010545232827401,9
CP,10,CP2,6h,co,0.001322440643244,9
CP,10,CP2,12h,st,0.0358537475638335,9
CP,10,CP2,12h,SI1,-0.0047640300688572,9
CP,10,CP2,12h,SI2,-0.0278122979842758,9
CP,10,CP2,12h,SI3,-0.0493182866246456,9
CP,10,CP2,12h,SI4,-0.0602817639469532,9
CP,10,CP2,12h,SI5,-0.0637434591727153,9
CP,10,CP2,12h,SI6,-0.0505326512078855,9
CP,10,CP2,12h,SI7,-0.0507565721033389,9
CP,10,CP2,12h,SI8,-0.0480561438263765,9
CP,10,CP2,12h,SI9,-0.0403501216695287,9
CP,10,CP2,12h,ce,-0.0138798169538968,9
CP,10,CP2,12h,co,-0.0017406191367275,9
CP,10,CP2,24h,st,0.0488990178791133,9
CP,10,CP2,24h,SI1,-0.0064974070311319,9
CP,10,CP2,24h,SI2,-0.0379317128278158,9
CP,10,CP2,24h,SI3,-0.0672625860136985,9
CP,10,CP2,24h,SI4,-0.0822150891696462,9
CP,10,CP2,24h,SI5,-0.086936311028957,9
CP,10,CP2,24h,SI6,-0.0689187932305839,9
CP,10,CP2,24h,SI7,-0.0692241870210318,9
CP,10,CP2,24h,SI8,-0.0655412166324734,9
CP,10,CP2,24h,SI9,-0.0550313831888798,9
CP,10,CP2,24h,ce,-0.0189299435485525,9
CP,10,CP2,24h,co,-0.0023739377909109,9
VAE,10,VAE2,1h,st,0.009868249297142,9
VAE,10,VAE2,1h,SI1,0.0188605189323425,9
VAE,10,VAE2,1h,SI2,0.007754698395729,9
VAE,10,VAE2,1h,SI3,-9.41753387451172e-06,9
VAE,10,VAE2,1h,SI4,-0.0038520395755767,9
VAE,10,VAE2,1h,SI5,0.0105617940425872,9
VAE,10,VAE2,1h,SI6,0.009713590145111,9
VAE,10,VAE2,1h,SI7,0.0061953961849212,9
VAE,10,VAE2,1h,SI8,0.0136939287185668,9
VAE,10,VAE2,1h,SI9,0.0170827507972717,9
VAE,10,VAE2,1h,ce,0.0072250962257385,9
VAE,10,VAE2,1h,co,0.0070619136095047,9
VAE,10,VAE2,3h,st,-0.0344791859388351,9
VAE,10,VAE2,3h,SI1,0.0140526890754699,9
VAE,10,VAE2,3h,SI2,-0.0140638351440429,9
VAE,10,VAE2,3h,SI3,0.0220263004302978,9
VAE,10,VAE2,3h,SI4,0.0162920951843261,9
VAE,10,VAE2,3h,SI5,-0.0106628537178039,9
VAE,10,VAE2,3h,SI6,0.0003949999809265,9
VAE,10,VAE2,3h,SI7,0.0025016963481903,9
VAE,10,VAE2,3h,SI8,0.0027565956115722,9
VAE,10,VAE2,3h,SI9,-0.0048138424754142,9
VAE,10,VAE2,3h,ce,0.0072678625583648,9
VAE,10,VAE2,3h,co,0.0012709200382232,9
VAE,10,VAE2,6h,st,-0.0505772531032562,9
VAE,10,VAE2,6h,SI1,-0.0005401372909545,9
VAE,10,VAE2,6h,SI2,-0.0093714594841003,9
VAE,10,VAE2,6h,SI3,-0.001253068447113,9
VAE,10,VAE2,6h,SI4,0.0123841166496276,9
VAE,10,VAE2,6h,SI5,-0.0023659765720367,9
VAE,10,VAE2,6h,SI6,0.0043188631534576,9
VAE,10,VAE2,6h,SI7,0.0055631697177886,9
VAE,10,VAE2,6h,SI8,-6.908178329467773e-05,9
VAE,10,VAE2,6h,SI9,0.0082583427429199,9
VAE,10,VAE2,6h,ce,0.0036432892084121,9
VAE,10,VAE2,6h,co,0.0110127925872802,9
VAE,10,VAE2,12h,st,0.0017502009868621,9
VAE,10,VAE2,12h,SI1,0.0157447457313537,9
VAE,10,VAE2,12h,SI2,0.0136739611625671,9
VAE,10,VAE2,12h,SI3,-0.0001507401466369,9
VAE,10,VAE2,12h,SI4,-0.0069154575467109,9
VAE,10,VAE2,12h,SI5,-0.0047037750482559,9
VAE,10,VAE2,12h,SI6,0.0044472813606262,9
VAE,10,VAE2,12h,SI7,0.0014520287513732,9
VAE,10,VAE2,12h,SI8,0.0024691820144653,9
VAE,10,VAE2,12h,SI9,-0.0041788220405578,9
VAE,10,VAE2,12h,ce,-0.0014115273952484,9
VAE,10,VAE2,12h,co,0.0027341246604919,9
VAE,10,VAE2,24h,st,-0.0061164051294326,9
VAE,10,VAE2,24h,SI1,-0.002041608095169,9
VAE,10,VAE2,24h,SI2,-0.0011449009180068,9
VAE,10,VAE2,24h,SI3,-0.002993568778038,9
VAE,10,VAE2,24h,SI4,0.0044309198856353,9
VAE,10,VAE2,24h,SI5,-0.0015471279621124,9
VAE,10,VAE2,24h,SI6,-0.0103794932365417,9
VAE,10,VAE2,24h,SI7,-0.010568767786026,9
VAE,10,VAE2,24h,SI8,-0.0004045367240905,9
VAE,10,VAE2,24h,SI9,-0.0077293813228607,9
VAE,10,VAE2,24h,ce,-0.002099871635437,9
VAE,10,VAE2,24h,co,-0.0078292191028594,9
weighted_CPVAE,10,CPVAE2,1h,st,0.0255354307591915,9
weighted_CPVAE,10,CPVAE2,1h,SI1,0.0223474502563476,9
weighted_CPVAE,10,CPVAE2,1h,SI2,-0.0025085003580898,9
weighted_CPVAE,10,CPVAE2,1h,SI3,-0.0973152667284011,9
weighted_CPVAE,10,CPVAE2,1h,SI4,-0.0073685864917933,9
weighted_CPVAE,10,CPVAE2,1h,SI5,-0.0090175382792949,9
weighted_CPVAE,10,CPVAE2,1h,SI6,-0.0375016182661056,9
weighted_CPVAE,10,CPVAE2,1h,SI7,-0.0423862673342227,9
weighted_CPVAE,10,CPVAE2,1h,SI8,-0.0581794902682304,9
weighted_CPVAE,10,CPVAE2,1h,SI9,-0.0773010700941085,9
weighted_CPVAE,10,CPVAE2,1h,ce,-0.128511443734169,9
weighted_CPVAE,10,CPVAE2,1h,co,-0.1116163283586502,9
weighted_CPVAE,10,CPVAE2,3h,st,0.0150129739195108,9
weighted_CPVAE,10,CPVAE2,3h,SI1,0.0131386732682585,9
weighted_CPVAE,10,CPVAE2,3h,SI2,-0.001474815653637,9
weighted_CPVAE,10,CPVAE2,3h,SI3,-0.057214293628931,9
weighted_CPVAE,10,CPVAE2,3h,SI4,-0.0043321922421455,9
weighted_CPVAE,10,CPVAE2,3h,SI5,-0.0053016557358205,9
weighted_CPVAE,10,CPVAE2,3h,SI6,-0.0220482219010591,9
weighted_CPVAE,10,CPVAE2,3h,SI7,-0.0249200388789176,9
weighted_CPVAE,10,CPVAE2,3h,SI8,-0.0342053063213825,9
weighted_CPVAE,10,CPVAE2,3h,SI9,-0.045447401702404,9
weighted_CPVAE,10,CPVAE2,3h,ce,-0.0755553767085075,9
weighted_CPVAE,10,CPVAE2,3h,co,-0.0656222701072692,9
weighted_CPVAE,10,CPVAE2,6h,st,0.0088489111512899,9
weighted_CPVAE,10,CPVAE2,6h,SI1,0.0077441656030714,9
weighted_CPVAE,10,CPVAE2,6h,SI2,-0.0008692823466844,9
weighted_CPVAE,10,CPVAE2,6h,SI3,-0.0337231121957302,9
weighted_CPVAE,10,CPVAE2,6h,SI4,-0.0025534706655889,9
weighted_CPVAE,10,CPVAE2,6h,SI5,-0.0031248894520103,9
weighted_CPVAE,10,CPVAE2,6h,SI6,-0.0129956100136041,9
weighted_CPVAE,10,CPVAE2,6h,SI7,-0.014688310213387,9
weighted_CPVAE,10,CPVAE2,6h,SI8,-0.0201612096279859,9
weighted_CPVAE,10,CPVAE2,6h,SI9,-0.0267875008285045,9
weighted_CPVAE,10,CPVAE2,6h,ce,-0.0445336699485778,9
weighted_CPVAE,10,CPVAE2,6h,co,-0.0386789254844188,9
weighted_CPVAE,10,CPVAE2,12h,st,-0.0010952715529128,9
weighted_CPVAE,10,CPVAE2,12h,SI1,-0.0009585319785401,9
weighted_CPVAE,10,CPVAE2,12h,SI2,0.0001075951804523,9
weighted_CPVAE,10,CPVAE2,12h,SI3,0.0041740690357983,9
weighted_CPVAE,10,CPVAE2,12h,SI4,0.0003160551132168,9
weighted_CPVAE,10,CPVAE2,12h,SI5,0.000386782339774,9
weighted_CPVAE,10,CPVAE2,12h,SI6,0.0016085280803963,9
weighted_CPVAE,10,CPVAE2,12h,SI7,0.0018180416664108,9
weighted_CPVAE,10,CPVAE2,12h,SI8,0.0024954483378678,9
weighted_CPVAE,10,CPVAE2,12h,SI9,0.0033156154677271,9
weighted_CPVAE,10,CPVAE2,12h,ce,0.0055121425539255,9
weighted_CPVAE,10,CPVAE2,12h,co,0.0047874734736979,9
weighted_CPVAE,10,CPVAE2,24h,st,-0.0055513735860586,9
weighted_CPVAE,10,CPVAE2,24h,SI1,-0.0048583098687231,9
weighted_CPVAE,10,CPVAE2,24h,SI2,0.0005453451303765,9
weighted_CPVAE,10,CPVAE2,24h,SI3,0.0211562290787696,9
weighted_CPVAE,10,CPVAE2,24h,SI4,0.0016019223257899,9
weighted_CPVAE,10,CPVAE2,24h,SI5,0.0019604025874286,9
weighted_CPVAE,10,CPVAE2,24h,SI6,0.0081528089940547,9
weighted_CPVAE,10,CPVAE2,24h,SI7,0.0092147262766957,9
weighted_CPVAE,10,CPVAE2,24h,SI8,0.0126481549814343,9
weighted_CPVAE,10,CPVAE2,24h,SI9,0.0168051645159721,9
weighted_CPVAE,10,CPVAE2,24h,ce,0.0279382411390543,9
weighted_CPVAE,10,CPVAE2,24h,co,0.0242652613669633,9
PCA,10,PC3,1h,st,0.1039347240092776,9
PCA,10,PC3,1h,SI1,0.9802185860076884,9
PCA,10,PC3,1h,SI2,-0.0108694729671507,9
PCA,10,PC3,1h,SI3,-0.4553589116214393,9
PCA,10,PC3,1h,SI4,-0.4970120289570834,9
PCA,10,PC3,1h,SI5,-0.5375034151674929,9
PCA,10,PC3,1h,SI6,-0.5905755340706572,9
PCA,10,PC3,1h,SI7,-0.5352345012837427,9
PCA,10,PC3,1h,SI8,-0.5182928790034456,9
PCA,10,PC3,1h,SI9,-0.3615280739433608,9
PCA,10,PC3,1h,ce,0.3029211250382546,9
PCA,10,PC3,1h,co,0.2497306724539333,9
PCA,10,PC3,3h,st,1.1120195237860524,9
PCA,10,PC3,3h,SI1,1.3156484598850628,9
PCA,10,PC3,3h,SI2,1.1369707174149282,9
PCA,10,PC3,3h,SI3,0.9086134394360856,9
PCA,10,PC3,3h,SI4,1.0210250299534074,9
PCA,10,PC3,3h,SI5,1.3458055636656503,9
PCA,10,PC3,3h,SI6,0.2989695191386283,9
PCA,10,PC3,3h,SI7,0.4628656769938232,9
PCA,10,PC3,3h,SI8,0.056938698184934,9
PCA,10,PC3,3h,SI9,-0.235870496675327,9
PCA,10,PC3,3h,ce,-0.6232365383676152,9
PCA,10,PC3,3h,co,-0.6836718134970723,9
PCA,10,PC3,6h,st,-0.0597489471264996,9
PCA,10,PC3,6h,SI1,0.5613978846563086,9
PCA,10,PC3,6h,SI2,0.7694653411700438,9
PCA,10,PC3,6h,SI3,0.747081791298455,9
PCA,10,PC3,6h,SI4,1.049488387691971,9
PCA,10,PC3,6h,SI5,0.6017969464323152,9
PCA,10,PC3,6h,SI6,-0.3852917222147036,9
PCA,10,PC3,6h,SI7,-0.4346295194243445,9
PCA,10,PC3,6h,SI8,-0.4191703533995675,9
PCA,10,PC3,6h,SI9,-0.5394620496573238,9
PCA,10,PC3,6h,ce,-0.0248879409383513,9
PCA,10,PC3,6h,co,-0.3392036901119866,9
PCA,10,PC3,12h,st,-0.144752750198669,9
PCA,10,PC3,12h,SI1,0.5632952348701648,9
PCA,10,PC3,12h,SI2,0.5447199107743896,9
PCA,10,PC3,12h,SI3,0.4722167454819997,9
PCA,10,PC3,12h,SI4,0.0335353770112605,9
PCA,10,PC3,12h,SI5,-0.3801162670794516,9
PCA,10,PC3,12h,SI6,-0.5770970861879743,9
PCA,10,PC3,12h,SI7,-0.6428785568056246,9
PCA,10,PC3,12h,SI8,-0.3848681563383909,9
PCA,10,PC3,12h,SI9,-0.5190582449188839,9
PCA,10,PC3,12h,ce,-0.3542774228369064,9
PCA,10,PC3,12h,co,-0.4824903871933972,9
PCA,10,PC3,24h,st,0.0734682215604743,9
PCA,10,PC3,24h,SI1,0.0064111368762536,9
PCA,10,PC3,24h,SI2,-0.165584256572321,9
PCA,10,PC3,24h,SI3,-0.2202089664416977,9
PCA,10,PC3,24h,SI4,-0.4176816093452209,9
PCA,10,PC3,24h,SI5,-0.4576832065465463,9
PCA,10,PC3,24h,SI6,-0.498896059885054,9
PCA,10,PC3,24h,SI7,-0.5315554494985463,9
PCA,10,PC3,24h,SI8,-0.5546498860609482,9
PCA,10,PC3,24h,SI9,-0.3780512023288384,9
PCA,10,PC3,24h,ce,-0.3982885943902293,9
PCA,10,PC3,24h,co,-0.358852722735497,9
CP,10,CP3,1h,st,0.4285117868666624,9
CP,10,CP3,1h,SI1,-0.1924778392699849,9
CP,10,CP3,1h,SI2,-0.0738000746397346,9
CP,10,CP3,1h,SI3,-0.048482689399326,9
CP,10,CP3,1h,SI4,0.0008328981508184,9
CP,10,CP3,1h,SI5,-0.0154967070724959,9
CP,10,CP3,1h,SI6,-0.0071400113395022,9
CP,10,CP3,1h,SI7,-0.0140596200189592,9
CP,10,CP3,1h,SI8,-0.006451883558843,9
CP,10,CP3,1h,SI9,0.0037903767946197,9
CP,10,CP3,1h,ce,0.0002542873100278,9
CP,10,CP3,1h,co,0.0243290207461717,9
CP,10,CP3,3h,st,2.079890773654963,9
CP,10,CP3,3h,SI1,-0.9342400706360356,9
CP,10,CP3,3h,SI2,-0.3582074030229515,9
CP,10,CP3,3h,SI3,-0.2353230446727825,9
CP,10,CP3,3h,SI4,0.0040426826807929,9
CP,10,CP3,3h,SI5,-0.075217203003443,9
CP,10,CP3,3h,SI6,-0.0346558581676622,9
CP,10,CP3,3h,SI7,-0.0682419360558388,9
CP,10,CP3,3h,SI8,-0.0313158552413619,9
CP,10,CP3,3h,SI9,0.018397556299329,9
CP,10,CP3,3h,ce,0.0012342480328297,9
CP,10,CP3,3h,co,0.1180870802925386,9
CP,10,CP3,6h,st,-0.3304566275476093,9
CP,10,CP3,6h,SI1,0.1484336711200007,9
CP,10,CP3,6h,SI2,0.0569126090008747,9
CP,10,CP3,6h,SI3,0.0373885305477601,9
CP,10,CP3,6h,SI4,-0.0006423083855467,9
CP,10,CP3,6h,SI5,0.0119506387320534,9
CP,10,CP3,6h,SI6,0.0055061824206898,9
CP,10,CP3,6h,SI7,0.0108423963084867,9
CP,10,CP3,6h,SI8,0.0049755170045032,9
CP,10,CP3,6h,SI9,-0.0029230354241679,9
CP,10,CP3,6h,ce,-0.0001960994527464,9
CP,10,CP3,6h,co,-0.0187618786547344,9
CP,10,CP3,12h,st,0.1209689389398374,9
CP,10,CP3,12h,SI1,-0.0543365216536453,9
CP,10,CP3,12h,SI2,-0.0208337716638525,9
CP,10,CP3,12h,SI3,-0.0136866701764988,9
CP,10,CP3,12h,SI4,0.0002351272675278,9
CP,10,CP3,12h,SI5,-0.0043747226309194,9
CP,10,CP3,12h,SI6,-0.0020156262259986,9
CP,10,CP3,12h,SI7,-0.0039690327494305,9
CP,10,CP3,12h,SI8,-0.0018213676547466,9
CP,10,CP3,12h,SI9,0.0010700239131811,9
CP,10,CP3,12h,ce,7.17853441205592e-05,9
CP,10,CP3,12h,co,0.0068680860487636,9
CP,10,CP3,24h,st,0.1032601461739377,9
CP,10,CP3,24h,SI1,-0.0463821309644554,9
CP,10,CP3,24h,SI2,-0.0177838900317525,9
CP,10,CP3,24h,SI3,-0.0116830615813091,9
CP,10,CP3,24h,SI4,0.0002007066956789,9
CP,10,CP3,24h,SI5,-0.0037343015678085,9
CP,10,CP3,24h,SI6,-0.001720556206847,9
CP,10,CP3,24h,SI7,-0.0033880011304321,9
CP,10,CP3,24h,SI8,-0.0015547353883888,9
CP,10,CP3,24h,SI9,0.0009133817875318,9
CP,10,CP3,24h,ce,6.127659870375426e-05,9
CP,10,CP3,24h,co,0.0058626584274102,9
VAE,10,VAE3,1h,st,-0.0222119092941284,9
VAE,10,VAE3,1h,SI1,-0.0617318153381347,9
VAE,10,VAE3,1h,SI2,-0.0604221485555172,9
VAE,10,VAE3,1h,SI3,-0.0384909808635711,9
VAE,10,VAE3,1h,SI4,-0.0445286333560943,9
VAE,10,VAE3,1h,SI5,-0.0607081353664398,9
VAE,10,VAE3,1h,SI6,-0.0335502028465271,9
VAE,10,VAE3,1h,SI7,-0.0708370804786682,9
VAE,10,VAE3,1h,SI8,-0.0626955032348632,9
VAE,10,VAE3,1h,SI9,-0.0610029101371765,9
VAE,10,VAE3,1h,ce,-0.0800022482872009,9
VAE,10,VAE3,1h,co,-0.0426064282655715,9
VAE,10,VAE3,3h,st,0.1708874404430389,9
VAE,10,VAE3,3h,SI1,-0.1438503563404083,9
VAE,10,VAE3,3h,SI2,0.0414046049118042,9
VAE,10,VAE3,3h,SI3,0.0155527591705322,9
VAE,10,VAE3,3h,SI4,-0.0438220500946044,9
VAE,10,VAE3,3h,SI5,0.0379519462585449,9
VAE,10,VAE3,3h,SI6,0.0270859226584434,9
VAE,10,VAE3,3h,SI7,0.0241176784038543,9
VAE,10,VAE3,3h,SI8,-0.0191929936408996,9
VAE,10,VAE3,3h,SI9,-0.0256139561533927,9
VAE,10,VAE3,3h,ce,-0.0283802151679992,9
VAE,10,VAE3,3h,co,-0.0470082759857177,9
VAE,10,VAE3,6h,st,-0.083770602941513,9
VAE,10,VAE3,6h,SI1,-0.0583837628364563,9
VAE,10,VAE3,6h,SI2,0.0406804680824279,9
VAE,10,VAE3,6h,SI3,0.0777286887168884,9
VAE,10,VAE3,6h,SI4,0.0584567189216613,9
VAE,10,VAE3,6h,SI5,0.063275933265686,9
VAE,10,VAE3,6h,SI6,0.0424503684043884,9
VAE,10,VAE3,6h,SI7,0.0287395119667053,9
VAE,10,VAE3,6h,SI8,0.0319075286388397,9
VAE,10,VAE3,6h,SI9,0.0225964188575744,9
VAE,10,VAE3,6h,ce,0.027262806892395,9
VAE,10,VAE3,6h,co,-4.249811172485352e-05,9
VAE,10,VAE3,12h,st,-0.0825715065002441,9
VAE,10,VAE3,12h,SI1,0.0247177481651306,9
VAE,10,VAE3,12h,SI2,0.0133052468299865,9
VAE,10,VAE3,12h,SI3,0.0373071432113647,9
VAE,10,VAE3,12h,SI4,0.0612770467996597,9
VAE,10,VAE3,12h,SI5,0.0395438969135284,9
VAE,10,VAE3,12h,SI6,0.0460501611232757,9
VAE,10,VAE3,12h,SI7,0.0275673866271972,9
VAE,10,VAE3,12h,SI8,0.0744341313838958,9
VAE,10,VAE3,12h,SI9,0.0433849692344665,9
VAE,10,VAE3,12h,ce,0.042977750301361,9
VAE,10,VAE3,12h,co,0.0027936697006225,9
VAE,10,VAE3,24h,st,0.0183693021535873,9
VAE,10,VAE3,24h,SI1,0.0243737548589706,9
VAE,10,VAE3,24h,SI2,0.0003676563501358,9
VAE,10,VAE3,24h,SI3,0.0321800857782363,9
VAE,10,VAE3,24h,SI4,-0.007803589105606,9
VAE,10,VAE3,24h,SI5,0.0229085683822631,9
VAE,10,VAE3,24h,SI6,0.0208768248558044,9
VAE,10,VAE3,24h,SI7,0.0118835866451263,9
VAE,10,VAE3,24h,SI8,0.0131158530712127,9
VAE,10,VAE3,24h,SI9,0.0237439274787902,9
VAE,10,VAE3,24h,ce,0.013437807559967,9
VAE,10,VAE3,24h,co,0.022222876548767,9
weighted_CPVAE,10,CPVAE3,1h,st,0.0086484132334589,9
weighted_CPVAE,10,CPVAE3,1h,SI1,-0.0079304007813334,9
weighted_CPVAE,10,CPVAE3,1h,SI2,0.0090332552790641,9
weighted_CPVAE,10,CPVAE3,1h,SI3,-0.00179350504186,9
weighted_CPVAE,10,CPVAE3,1h,SI4,-0.0039302064105868,9
weighted_CPVAE,10,CPVAE3,1h,SI5,-0.0040162210352718,9
weighted_CPVAE,10,CPVAE3,1h,SI6,-0.0038198095280677,9
weighted_CPVAE,10,CPVAE3,1h,SI7,-0.0035606648307293,9
weighted_CPVAE,10,CPVAE3,1h,SI8,-0.0014641671441495,9
weighted_CPVAE,10,CPVAE3,1h,SI9,-7.177684165071696e-05,9
weighted_CPVAE,10,CPVAE3,1h,ce,0.0001720374712022,9
weighted_CPVAE,10,CPVAE3,1h,co,0.0005889046005904,9
weighted_CPVAE,10,CPVAE3,3h,st,0.1365198940038681,9
weighted_CPVAE,10,CPVAE3,3h,SI1,-0.1251856684684753,9
weighted_CPVAE,10,CPVAE3,3h,SI2,0.1425948292016983,9
weighted_CPVAE,10,CPVAE3,3h,SI3,-0.0283114481717348,9
weighted_CPVAE,10,CPVAE3,3h,SI4,-0.0620404407382011,9
weighted_CPVAE,10,CPVAE3,3h,SI5,-0.0633982270956039,9
weighted_CPVAE,10,CPVAE3,3h,SI6,-0.0602977648377418,9
weighted_CPVAE,10,CPVAE3,3h,SI7,-0.0562070235610008,9
weighted_CPVAE,10,CPVAE3,3h,SI8,-0.0231126714497804,9
weighted_CPVAE,10,CPVAE3,3h,SI9,-0.0011330363340675,9
weighted_CPVAE,10,CPVAE3,3h,ce,0.0027157047297805,9
weighted_CPVAE,10,CPVAE3,3h,co,0.0092961778864264,9
weighted_CPVAE,10,CPVAE3,6h,st,0.0420810766518116,9
weighted_CPVAE,10,CPVAE3,6h,SI1,-0.0385873988270759,9
weighted_CPVAE,10,CPVAE3,6h,SI2,0.0439536236226558,9
weighted_CPVAE,10,CPVAE3,6h,SI3,-0.0087267598137259,9
weighted_CPVAE,10,CPVAE3,6h,SI4,-0.0191234294325113,9
weighted_CPVAE,10,CPVAE3,6h,SI5,-0.0195419564843177,9
weighted_CPVAE,10,CPVAE3,6h,SI6,-0.0185862649232149,9
weighted_CPVAE,10,CPVAE3,6h,SI7,-0.0173253286629915,9
weighted_CPVAE,10,CPVAE3,6h,SI8,-0.0071242814883589,9
weighted_CPVAE,10,CPVAE3,6h,SI9,-0.0003492486430332,9
weighted_CPVAE,10,CPVAE3,6h,ce,0.0008370925206691,9
weighted_CPVAE,10,CPVAE3,6h,co,0.0028654665220528,9
weighted_CPVAE,10,CPVAE3,12h,st,0.0311436168849468,9
weighted_CPVAE,10,CPVAE3,12h,SI1,-0.0285579971969127,9
weighted_CPVAE,10,CPVAE3,12h,SI2,0.0325294621288776,9
weighted_CPVAE,10,CPVAE3,12h,SI3,-0.006458553019911,9
weighted_CPVAE,10,CPVAE3,12h,SI4,-0.0141529832035303,9
weighted_CPVAE,10,CPVAE3,12h,SI5,-0.0144627289846539,9
weighted_CPVAE,10,CPVAE3,12h,SI6,-0.0137554351240396,9
weighted_CPVAE,10,CPVAE3,12h,SI7,-0.0128222340717911,9
weighted_CPVAE,10,CPVAE3,12h,SI8,-0.0052725812420248,9
weighted_CPVAE,10,CPVAE3,12h,SI9,-0.0002584740577731,9
weighted_CPVAE,10,CPVAE3,12h,ce,0.0006195204914547,9
weighted_CPVAE,10,CPVAE3,12h,co,0.0021206918172538,9
weighted_CPVAE,10,CPVAE3,24h,st,-0.0003437708655837,9
weighted_CPVAE,10,CPVAE3,24h,SI1,0.0003152301651425,9
weighted_CPVAE,10,CPVAE3,24h,SI2,-0.0003590681881178,9
weighted_CPVAE,10,CPVAE3,24h,SI3,7.129109144443646e-05,9
weighted_CPVAE,10,CPVAE3,24h,SI4,0.0001562240940984,9
weighted_CPVAE,10,CPVAE3,24h,SI5,0.0001596431393409,9
weighted_CPVAE,10,CPVAE3,24h,SI6,0.0001518358621979,9
weighted_CPVAE,10,CPVAE3,24h,SI7,0.0001415349688613,9
weighted_CPVAE,10,CPVAE3,24h,SI8,5.820004298584536e-05,9
weighted_CPVAE,10,CPVAE3,24h,SI9,2.853099886124255e-06,9
weighted_CPVAE,10,CPVAE3,24h,ce,-6.838419267296558e-06,9
weighted_CPVAE,10,CPVAE3,24h,co,-2.34087146964157e-05,9
PCA,10,PC4,1h,st,-0.1028536694593913,9
PCA,10,PC4,1h,SI1,1.2748760531494394,9
PCA,10,PC4,1h,SI2,0.2682583842852238,9
PCA,10,PC4,1h,SI3,-0.3058552614790017,9
PCA,10,PC4,1h,SI4,-0.3372306714919965,9
PCA,10,PC4,1h,SI5,-0.3994541031313702,9
PCA,10,PC4,1h,SI6,-0.4494487221749311,9
PCA,10,PC4,1h,SI7,-0.3755036633643178,9
PCA,10,PC4,1h,SI8,-0.4085487620814524,9
PCA,10,PC4,1h,SI9,-0.219924234357392,9
PCA,10,PC4,1h,ce,0.646735182515936,9
PCA,10,PC4,1h,co,0.6656846502764999,9
PCA,10,PC4,3h,st,-0.2526876734668844,9
PCA,10,PC4,3h,SI1,1.4729984571705148,9
PCA,10,PC4,3h,SI2,1.2962570320214268,9
PCA,10,PC4,3h,SI3,1.252233500483292,9
PCA,10,PC4,3h,SI4,1.1906409401047946,9
PCA,10,PC4,3h,SI5,1.1868436556792694,9
PCA,10,PC4,3h,SI6,0.204207443134826,9
PCA,10,PC4,3h,SI7,0.4301790001321052,9
PCA,10,PC4,3h,SI8,0.1880672585510639,9
PCA,10,PC4,3h,SI9,0.0312590161406558,9
PCA,10,PC4,3h,ce,-0.4842046415724559,9
PCA,10,PC4,3h,co,-0.5502435069411805,9
PCA,10,PC4,6h,st,-0.1979801039827732,9
PCA,10,PC4,6h,SI1,0.6763777445848183,9
PCA,10,PC4,6h,SI2,0.8731531509444174,9
PCA,10,PC4,6h,SI3,1.0265873628892124,9
PCA,10,PC4,6h,SI4,0.8383384299963303,9
PCA,10,PC4,6h,SI5,0.4056670349034212,9
PCA,10,PC4,6h,SI6,-0.5722897014100962,9
PCA,10,PC4,6h,SI7,-0.6138171783116647,9
PCA,10,PC4,6h,SI8,-0.5126107426186379,9
PCA,10,PC4,6h,SI9,-0.5796274953715288,9
PCA,10,PC4,6h,ce,-0.1460981823076296,9
PCA,10,PC4,6h,co,-0.3523246024950418,9
PCA,10,PC4,12h,st,0.0409009637478186,9
PCA,10,PC4,12h,SI1,0.9533579807979168,9
PCA,10,PC4,12h,SI2,0.8904148165615224,9
PCA,10,PC4,12h,SI3,0.8486863292340348,9
PCA,10,PC4,12h,SI4,0.1255879180622459,9
PCA,10,PC4,12h,SI5,-0.4863115225668839,9
PCA,10,PC4,12h,SI6,-0.7179250292945066,9
PCA,10,PC4,12h,SI7,-0.7489323477764123,9
PCA,10,PC4,12h,SI8,-0.5405711032228042,9
PCA,10,PC4,12h,SI9,-0.638455203095259,9
PCA,10,PC4,12h,ce,-0.3972554596611804,9
PCA,10,PC4,12h,co,-0.4043353956745005,9
PCA,10,PC4,24h,st,-0.155446654477718,9
PCA,10,PC4,24h,SI1,-0.1232946191475232,9
PCA,10,PC4,24h,SI2,-0.3059346680090919,9
PCA,10,PC4,24h,SI3,-0.3809794227935111,9
PCA,10,PC4,24h,SI4,-0.5597969655863876,9
PCA,10,PC4,24h,SI5,-0.5982012904476639,9
PCA,10,PC4,24h,SI6,-0.6440019880379588,9
PCA,10,PC4,24h,SI7,-0.680480434960225,9
PCA,10,PC4,24h,SI8,-0.6942018698386669,9
PCA,10,PC4,24h,SI9,-0.6206140281658648,9
PCA,10,PC4,24h,ce,-0.6373944548388752,9
PCA,10,PC4,24h,co,-0.5924769317540062,9
CP,10,CP4,1h,st,-0.2654247037747586,9
CP,10,CP4,1h,SI1,-0.552300976735156,9
CP,10,CP4,1h,SI2,-0.404271625869732,9
CP,10,CP4,1h,SI3,-0.3448646402246217,9
CP,10,CP4,1h,SI4,-0.4245353916433134,9
CP,10,CP4,1h,SI5,-0.4109017704526361,9
CP,10,CP4,1h,SI6,-0.3389220185415093,9
CP,10,CP4,1h,SI7,-0.3716690027707514,9
CP,10,CP4,1h,SI8,-0.3441019378566325,9
CP,10,CP4,1h,SI9,-0.3752100324976636,9
CP,10,CP4,1h,ce,-0.5131028185552423,9
CP,10,CP4,1h,co,-0.4652704092998677,9
CP,10,CP4,3h,st,-0.0304810752823161,9
CP,10,CP4,3h,SI1,-0.0634256247099257,9
CP,10,CP4,3h,SI2,-0.0464261000856075,9
CP,10,CP4,3h,SI3,-0.0396038684847361,9
CP,10,CP4,3h,SI4,-0.0487531682192952,9
CP,10,CP4,3h,SI5,-0.0471874984531672,9
CP,10,CP4,3h,SI6,-0.0389214244758657,9
CP,10,CP4,3h,SI7,-0.0426820514158788,9
CP,10,CP4,3h,SI8,-0.0395162806002398,9
CP,10,CP4,3h,SI9,-0.0430886992981141,9
CP,10,CP4,3h,ce,-0.0589241521890257,9
CP,10,CP4,3h,co,-0.0534311319587578,9
CP,10,CP4,6h,st,0.0562584200231056,9
CP,10,CP4,6h,SI1,0.1170636338157335,9
CP,10,CP4,6h,SI2,0.0856878904192115,9
CP,10,CP4,6h,SI3,0.0730962096027741,9
CP,10,CP4,6h,SI4,0.0899829218534649,9
CP,10,CP4,6h,SI5,0.0870931908809028,9
CP,10,CP4,6h,SI6,0.0718366339041584,9
CP,10,CP4,6h,SI7,0.078777561282275,9
CP,10,CP4,6h,SI8,0.072934550082915,9
CP,10,CP4,6h,SI9,0.0795281045996747,9
CP,10,CP4,6h,ce,0.108755339916726,9
CP,10,CP4,6h,co,0.0986169626958568,9
CP,10,CP4,12h,st,0.0832535247438562,9
CP,10,CP4,12h,SI1,0.1732355819889927,9
CP,10,CP4,12h,SI2,0.1268044659330066,9
CP,10,CP4,12h,SI3,0.1081707785669648,9
CP,10,CP4,12h,SI4,0.1331604301716111,9
CP,10,CP4,12h,SI5,0.1288840873783283,9
CP,10,CP4,12h,SI6,0.1063068066219938,9
CP,10,CP4,12h,SI7,0.1165782765456428,9
CP,10,CP4,12h,SI8,0.1079315481578787,9
CP,10,CP4,12h,SI9,0.1176889614283823,9
CP,10,CP4,12h,ce,0.1609406268264379,9
CP,10,CP4,12h,co,0.1459374390640813,9
CP,10,CP4,24h,st,0.1485531836982734,9
CP,10,CP4,24h,SI1,0.3091124047115763,9
CP,10,CP4,24h,SI2,0.2262631783995124,9
CP,10,CP4,24h,SI3,0.1930142127757708,9
CP,10,CP4,24h,SI4,0.2376044246232857,9
CP,10,CP4,24h,SI5,0.2299739448510258,9
CP,10,CP4,24h,SI6,0.1896882398803092,9
CP,10,CP4,24h,SI7,0.2080161072362403,9
CP,10,CP4,24h,SI8,0.1925873426940953,9
CP,10,CP4,24h,SI9,0.2099979545625142,9
CP,10,CP4,24h,ce,0.2871739373800797,9
CP,10,CP4,24h,co,0.2604030431197076,9
VAE,10,VAE4,1h,st,-0.1120627149939537,9
VAE,10,VAE4,1h,SI1,-0.0898500680923461,9
VAE,10,VAE4,1h,SI2,-0.0743684247136116,9
VAE,10,VAE4,1h,SI3,-0.045816421508789,9
VAE,10,VAE4,1h,SI4,-0.0548310577869415,9
VAE,10,VAE4,1h,SI5,-0.0580057799816131,9
VAE,10,VAE4,1h,SI6,-0.0495058298110961,9
VAE,10,VAE4,1h,SI7,-0.0584896504878997,9
VAE,10,VAE4,1h,SI8,-0.0651824474334716,9
VAE,10,VAE4,1h,SI9,-0.0724058449268341,9
VAE,10,VAE4,1h,ce,-0.0921481251716613,9
VAE,10,VAE4,1h,co,-0.0954811125993728,9
VAE,10,VAE4,3h,st,0.0838069170713424,9
VAE,10,VAE4,3h,SI1,-0.1143986582756042,9
VAE,10,VAE4,3h,SI2,0.0231536030769348,9
VAE,10,VAE4,3h,SI3,-0.1253318786621093,9
VAE,10,VAE4,3h,SI4,-0.0936040580272674,9
VAE,10,VAE4,3h,SI5,0.0630465745925903,9
VAE,10,VAE4,3h,SI6,0.0446017980575561,9
VAE,10,VAE4,3h,SI7,0.0538365244865417,9
VAE,10,VAE4,3h,SI8,-0.0117277950048446,9
VAE,10,VAE4,3h,SI9,-0.0485834628343582,9
VAE,10,VAE4,3h,ce,-0.034492939710617,9
VAE,10,VAE4,3h,co,-0.040842205286026,9
VAE,10,VAE4,6h,st,-0.0943193435668945,9
VAE,10,VAE4,6h,SI1,-0.0587719976902008,9
VAE,10,VAE4,6h,SI2,0.001836359500885,9
VAE,10,VAE4,6h,SI3,-0.0054589509963989,9
VAE,10,VAE4,6h,SI4,0.085896611213684,9
VAE,10,VAE4,6h,SI5,0.1328962743282318,9
VAE,10,VAE4,6h,SI6,0.0813056230545044,9
VAE,10,VAE4,6h,SI7,0.0721940398216247,9
VAE,10,VAE4,6h,SI8,0.0667071938514709,9
VAE,10,VAE4,6h,SI9,0.0492495894432067,9
VAE,10,VAE4,6h,ce,0.0709101036190986,9
VAE,10,VAE4,6h,co,0.0280858129262924,9
VAE,10,VAE4,12h,st,-0.1329777240753173,9
VAE,10,VAE4,12h,SI1,-0.0297549962997436,9
VAE,10,VAE4,12h,SI2,-0.0366266965866088,9
VAE,10,VAE4,12h,SI3,-0.0135040283203125,9
VAE,10,VAE4,12h,SI4,0.0856029093265533,9
VAE,10,VAE4,12h,SI5,0.0665942281484603,9
VAE,10,VAE4,12h,SI6,0.072081059217453,9
VAE,10,VAE4,12h,SI7,0.0725262761116027,9
VAE,10,VAE4,12h,SI8,0.1122132539749145,9
VAE,10,VAE4,12h,SI9,0.079085886478424,9
VAE,10,VAE4,12h,ce,0.0682805031538009,9
VAE,10,VAE4,12h,co,0.0209395289421081,9
VAE,10,VAE4,24h,st,0.032624028623104,9
VAE,10,VAE4,24h,SI1,0.0221722796559333,9
VAE,10,VAE4,24h,SI2,0.0136924088001251,9
VAE,10,VAE4,24h,SI3,0.0455892980098724,9
VAE,10,VAE4,24h,SI4,0.0151511132717132,9
VAE,10,VAE4,24h,SI5,0.0156528949737548,9
VAE,10,VAE4,24h,SI6,0.0178512334823608,9
VAE,10,VAE4,24h,SI7,0.0269093811511993,9
VAE,10,VAE4,24h,SI8,0.0136414170265197,9
VAE,10,VAE4,24h,SI9,0.0417146980762481,9
VAE,10,VAE4,24h,ce,0.0274959206581115,9
VAE,10,VAE4,24h,co,0.0471837520599365,9
weighted_CPVAE,10,CPVAE4,1h,st,-0.0091680642217397,9
weighted_CPVAE,10,CPVAE4,1h,SI1,-0.0072411643341183,9
weighted_CPVAE,10,CPVAE4,1h,SI2,-0.0075332894921302,9
weighted_CPVAE,10,CPVAE4,1h,SI3,-0.0077302055433392,9
weighted_CPVAE,10,CPVAE4,1h,SI4,-0.0073231416754424,9
weighted_CPVAE,10,CPVAE4,1h,SI5,-0.0007373531698249,9
weighted_CPVAE,10,CPVAE4,1h,SI6,0.001999364234507,9
weighted_CPVAE,10,CPVAE4,1h,SI7,0.0022785542532801,9
weighted_CPVAE,10,CPVAE4,1h,SI8,0.0016824344638735,9
weighted_CPVAE,10,CPVAE4,1h,SI9,0.0016607892466709,9
weighted_CPVAE,10,CPVAE4,1h,ce,-0.0007917542825452,9
weighted_CPVAE,10,CPVAE4,1h,co,0.0003581186465453,9
weighted_CPVAE,10,CPVAE4,3h,st,-0.069453977048397,9
weighted_CPVAE,10,CPVAE4,3h,SI1,-0.0548564679920673,9
weighted_CPVAE,10,CPVAE4,3h,SI2,-0.057069506496191,9
weighted_CPVAE,10,CPVAE4,3h,SI3,-0.0585612691938877,9
weighted_CPVAE,10,CPVAE4,3h,SI4,-0.055477499961853,9
weighted_CPVAE,10,CPVAE4,3h,SI5,-0.0055859237909317,9
weighted_CPVAE,10,CPVAE4,3h,SI6,0.0151464669033885,9
weighted_CPVAE,10,CPVAE4,3h,SI7,0.0172615107148885,9
weighted_CPVAE,10,CPVAE4,3h,SI8,0.01274552103132,9
weighted_CPVAE,10,CPVAE4,3h,SI9,0.0125815449282526,9
weighted_CPVAE,10,CPVAE4,3h,ce,-0.0059980466030538,9
weighted_CPVAE,10,CPVAE4,3h,co,0.0027129787486046,9
weighted_CPVAE,10,CPVAE4,6h,st,0.1252432167530059,9
weighted_CPVAE,10,CPVAE4,6h,SI1,0.0989201962947845,9
weighted_CPVAE,10,CPVAE4,6h,SI2,0.1029108613729476,9
weighted_CPVAE,10,CPVAE4,6h,SI3,0.105600893497467,9
weighted_CPVAE,10,CPVAE4,6h,SI4,0.1000400707125663,9
weighted_CPVAE,10,CPVAE4,6h,SI5,0.0100728441029787,9
weighted_CPVAE,10,CPVAE4,6h,SI6,-0.0273129399865865,9
weighted_CPVAE,10,CPVAE4,6h,SI7,-0.0311269033700227,9
weighted_CPVAE,10,CPVAE4,6h,SI8,-0.0229834225028753,9
weighted_CPVAE,10,CPVAE4,6h,SI9,-0.0226877313107252,9
weighted_CPVAE,10,CPVAE4,6h,ce,0.0108160069212317,9
weighted_CPVAE,10,CPVAE4,6h,co,-0.0048921923153102,9
weighted_CPVAE,10,CPVAE4,12h,st,0.052327960729599,9
weighted_CPVAE,10,CPVAE4,12h,SI1,0.0413299202919006,9
weighted_CPVAE,10,CPVAE4,12h,SI2,0.0429972633719444,9
weighted_CPVAE,10,CPVAE4,12h,SI3,0.0441211871802806,9
weighted_CPVAE,10,CPVAE4,12h,SI4,0.0417978167533874,9
weighted_CPVAE,10,CPVAE4,12h,SI5,0.0042085424065589,9
weighted_CPVAE,10,CPVAE4,12h,SI6,-0.0114116398617625,9
weighted_CPVAE,10,CPVAE4,12h,SI7,-0.0130051551386713,9
weighted_CPVAE,10,CPVAE4,12h,SI8,-0.0096027208492159,9
weighted_CPVAE,10,CPVAE4,12h,SI9,-0.0094791781157255,9
weighted_CPVAE,10,CPVAE4,12h,ce,0.0045190439559519,9
weighted_CPVAE,10,CPVAE4,12h,co,-0.0020440104417502,9
weighted_CPVAE,10,CPVAE4,24h,st,-0.0227196346968412,9
weighted_CPVAE,10,CPVAE4,24h,SI1,-0.0179445296525955,9
weighted_CPVAE,10,CPVAE4,24h,SI2,-0.0186684541404247,9
weighted_CPVAE,10,CPVAE4,24h,SI3,-0.0191564373672008,9
weighted_CPVAE,10,CPVAE4,24h,SI4,-0.0181476790457963,9
weighted_CPVAE,10,CPVAE4,24h,SI5,-0.0018272552406415,9
weighted_CPVAE,10,CPVAE4,24h,SI6,0.0049546798691153,9
weighted_CPVAE,10,CPVAE4,24h,SI7,0.0056465482339262,9
weighted_CPVAE,10,CPVAE4,24h,SI8,0.0041692871600389,9
weighted_CPVAE,10,CPVAE4,24h,SI9,0.0041156481020152,9
weighted_CPVAE,10,CPVAE4,24h,ce,-0.0019620682578533,9
weighted_CPVAE,10,CPVAE4,24h,co,0.0008874637424014,9
PCA,10,PC5,1h,st,0.0136321565739543,9
PCA,10,PC5,1h,SI1,1.03018400473661,9
PCA,10,PC5,1h,SI2,0.0790653728192033,9
PCA,10,PC5,1h,SI3,-0.3986576584205667,9
PCA,10,PC5,1h,SI4,-0.4667922127708235,9
PCA,10,PC5,1h,SI5,-0.5172737656768259,9
PCA,10,PC5,1h,SI6,-0.5611595436474247,9
PCA,10,PC5,1h,SI7,-0.5096875446704804,9
PCA,10,PC5,1h,SI8,-0.4851095104375031,9
PCA,10,PC5,1h,SI9,-0.3258677483575609,9
PCA,10,PC5,1h,ce,0.3752140292500622,9
PCA,10,PC5,1h,co,0.4109431601144377,9
PCA,10,PC5,3h,st,-0.2180224127330505,9
PCA,10,PC5,3h,SI1,1.635452628623068,9
PCA,10,PC5,3h,SI2,0.6673606588874536,9
PCA,10,PC5,3h,SI3,0.2086152615566477,9
PCA,10,PC5,3h,SI4,0.649854872888472,9
PCA,10,PC5,3h,SI5,1.1456716795011264,9
PCA,10,PC5,3h,SI6,0.189217525044676,9
PCA,10,PC5,3h,SI7,0.3887869736314816,9
PCA,10,PC5,3h,SI8,0.1535070170713119,9
PCA,10,PC5,3h,SI9,-0.0545977157456111,9
PCA,10,PC5,3h,ce,-0.5241230999613057,9
PCA,10,PC5,3h,co,-0.581167216032509,9
PCA,10,PC5,6h,st,0.7024154666093795,9
PCA,10,PC5,6h,SI1,0.887795271433453,9
PCA,10,PC5,6h,SI2,1.164890582211563,9
PCA,10,PC5,6h,SI3,0.9885758805912028,9
PCA,10,PC5,6h,SI4,1.1290538190865538,9
PCA,10,PC5,6h,SI5,0.5205982335433106,9
PCA,10,PC5,6h,SI6,-0.4618700872301796,9
PCA,10,PC5,6h,SI7,-0.5251381746305958,9
PCA,10,PC5,6h,SI8,-0.4492714050847644,9
PCA,10,PC5,6h,SI9,-0.5300559378484639,9
PCA,10,PC5,6h,ce,-0.1343773295551586,9
PCA,10,PC5,6h,co,-0.2950113059688073,9
PCA,10,PC5,12h,st,0.0312654900587206,9
PCA,10,PC5,12h,SI1,0.6719243966885344,9
PCA,10,PC5,12h,SI2,0.7335182100029,9
PCA,10,PC5,12h,SI3,0.6014690080062943,9
PCA,10,PC5,12h,SI4,0.0640181951664385,9
PCA,10,PC5,12h,SI5,-0.4302588840510834,9
PCA,10,PC5,12h,SI6,-0.6235381615355587,9
PCA,10,PC5,12h,SI7,-0.6740630280433222,9
PCA,10,PC5,12h,SI8,-0.4871597387440983,9
PCA,10,PC5,12h,SI9,-0.5704383253677583,9
PCA,10,PC5,12h,ce,-0.3937205010783478,9
PCA,10,PC5,12h,co,-0.4610257086403593,9
PCA,10,PC5,24h,st,0.0452123732166291,9
PCA,10,PC5,24h,SI1,0.0784950959832041,9
PCA,10,PC5,24h,SI2,-0.1123292897007382,9
PCA,10,PC5,24h,SI3,-0.2014846588560417,9
PCA,10,PC5,24h,SI4,-0.3900537071722486,9
PCA,10,PC5,24h,SI5,-0.4326219369985887,9
PCA,10,PC5,24h,SI6,-0.473038156370589,9
PCA,10,PC5,24h,SI7,-0.5082307280695165,9
PCA,10,PC5,24h,SI8,-0.5252119795507446,9
PCA,10,PC5,24h,SI9,-0.4112469956643671,9
PCA,10,PC5,24h,ce,-0.4362717437037907,9
PCA,10,PC5,24h,co,-0.3978611509779026,9
CP,10,CP5,1h,st,0.0131050079956456,9
CP,10,CP5,1h,SI1,0.0182727332937862,9
CP,10,CP5,1h,SI2,0.0218362834096917,9
CP,10,CP5,1h,SI3,0.0157912101548816,9
CP,10,CP5,1h,SI4,0.0106246286955285,9
CP,10,CP5,1h,SI5,0.0024522351781302,9
CP,10,CP5,1h,SI6,0.0023168318759392,9
CP,10,CP5,1h,SI7,0.0008174354829353,9
CP,10,CP5,1h,SI8,0.0008882050229757,9
CP,10,CP5,1h,SI9,-5.375294706699752e-05,9
CP,10,CP5,1h,ce,0.0014833897373971,9
CP,10,CP5,1h,co,0.0012854700024038,9
CP,10,CP5,3h,st,0.7191772320977066,9
CP,10,CP5,3h,SI1,1.0027718989146168,9
CP,10,CP5,3h,SI2,1.1983325662297315,9
CP,10,CP5,3h,SI3,0.8665907578564199,9
CP,10,CP5,3h,SI4,0.5830588626771466,9
CP,10,CP5,3h,SI5,0.134573874998497,9
CP,10,CP5,3h,SI6,0.1271432063473279,9
CP,10,CP5,3h,SI7,0.0448592620646437,9
CP,10,CP5,3h,SI8,0.0487429561409805,9
CP,10,CP5,3h,SI9,-0.0029498567037564,9
CP,10,CP5,3h,ce,0.081405530299403,9
CP,10,CP5,3h,co,0.0705440819708462,9
CP,10,CP5,6h,st,-0.4284162915391776,9
CP,10,CP5,6h,SI1,-0.5973545866289794,9
CP,10,CP5,6h,SI2,-0.7138507326731104,9
CP,10,CP5,6h,SI3,-0.5162310237214707,9
CP,10,CP5,6h,SI4,-0.3473301219069422,9
CP,10,CP5,6h,SI5,-0.0801661091199285,9
CP,10,CP5,6h,SI6,-0.075739634858633,9
CP,10,CP5,6h,SI7,-0.0267228130107264,9
CP,10,CP5,6h,SI8,-0.0290363426101045,9
CP,10,CP5,6h,SI9,0.0017572395415093,9
CP,10,CP5,6h,ce,-0.0484935476891073,9
CP,10,CP5,6h,co,-0.0420233464563846,9
CP,10,CP5,12h,st,-0.2924780170495927,9
CP,10,CP5,12h,SI1,-0.4078114871519679,9
CP,10,CP5,12h,SI2,-0.487342920624057,9
CP,10,CP5,12h,SI3,-0.3524287687918836,9
CP,10,CP5,12h,SI4,-0.2371208269227221,9
CP,10,CP5,12h,SI5,-0.054729068648954,9
CP,10,CP5,12h,SI6,-0.0517071331156122,9
CP,10,CP5,12h,SI7,-0.018243553090113,9
CP,10,CP5,12h,SI8,-0.0198229901072736,9
CP,10,CP5,12h,SI9,0.0011996601126798,9
CP,10,CP5,12h,ce,-0.033106342937738,9
CP,10,CP5,12h,co,-0.0286891635170868,9
CP,10,CP5,24h,st,0.0098047618543723,9
CP,10,CP5,24h,SI1,0.0136710941674788,9
CP,10,CP5,24h,SI2,0.0163372322006783,9
CP,10,CP5,24h,SI3,0.0118144952687098,9
CP,10,CP5,24h,SI4,0.0079490187404235,9
CP,10,CP5,24h,SI5,0.001834686551925,9
CP,10,CP5,24h,SI6,0.0017333819870809,9
CP,10,CP5,24h,SI7,0.0006115799581471,9
CP,10,CP5,24h,SI8,0.0006645275402371,9
CP,10,CP5,24h,SI9,-4.021629327793675e-05,9
CP,10,CP5,24h,ce,0.0011098263440382,9
CP,10,CP5,24h,co,0.0009617489168031,9
VAE,10,VAE5,1h,st,0.0867854207754135,9
VAE,10,VAE5,1h,SI1,-0.0061858892440795,9
VAE,10,VAE5,1h,SI2,0.0093077421188354,9
VAE,10,VAE5,1h,SI3,0.089706540107727,9
VAE,10,VAE5,1h,SI4,0.0628034472465515,9
VAE,10,VAE5,1h,SI5,0.0710706114768982,9
VAE,10,VAE5,1h,SI6,0.0518212914466857,9
VAE,10,VAE5,1h,SI7,0.0835790932178497,9
VAE,10,VAE5,1h,SI8,0.1157483160495758,9
VAE,10,VAE5,1h,SI9,0.0939063429832458,9
VAE,10,VAE5,1h,ce,0.0310021340847015,9
VAE,10,VAE5,1h,co,0.0443680435419082,9
VAE,10,VAE5,3h,st,0.0835223793983459,9
VAE,10,VAE5,3h,SI1,-0.0313207507133483,9
VAE,10,VAE5,3h,SI2,-0.0529178977012634,9
VAE,10,VAE5,3h,SI3,-0.0645117163658142,9
VAE,10,VAE5,3h,SI4,-0.121038794517517,9
VAE,10,VAE5,3h,SI5,-0.138013482093811,9
VAE,10,VAE5,3h,SI6,-0.0451814383268356,9
VAE,10,VAE5,3h,SI7,-0.0535049438476562,9
VAE,10,VAE5,3h,SI8,0.0261233299970626,9
VAE,10,VAE5,3h,SI9,0.0500295907258987,9
VAE,10,VAE5,3h,ce,0.070628821849823,9
VAE,10,VAE5,3h,co,0.0659709870815277,9
VAE,10,VAE5,6h,st,0.1024331152439117,9
VAE,10,VAE5,6h,SI1,-0.0040810108184814,9
VAE,10,VAE5,6h,SI2,-0.0899515748023986,9
VAE,10,VAE5,6h,SI3,-0.0985524654388427,9
VAE,10,VAE5,6h,SI4,-0.1297944784164428,9
VAE,10,VAE5,6h,SI5,-0.1143322139978408,9
VAE,10,VAE5,6h,SI6,-0.0120671391487121,9
VAE,10,VAE5,6h,SI7,-0.0071661472320556,9
VAE,10,VAE5,6h,SI8,-0.0064276754856109,9
VAE,10,VAE5,6h,SI9,0.0309184789657592,9
VAE,10,VAE5,6h,ce,-0.0842058509588241,9
VAE,10,VAE5,6h,co,0.030485600233078,9
VAE,10,VAE5,12h,st,0.1170835644006729,9
VAE,10,VAE5,12h,SI1,-0.0963828563690185,9
VAE,10,VAE5,12h,SI2,-0.0998885035514831,9
VAE,10,VAE5,12h,SI3,-0.067942202091217,9
VAE,10,VAE5,12h,SI4,-0.1176061034202575,9
VAE,10,VAE5,12h,SI5,-0.0392437577247619,9
VAE,10,VAE5,12h,SI6,-0.0052858293056488,9
VAE,10,VAE5,12h,SI7,-0.0147314667701721,9
VAE,10,VAE5,12h,SI8,-0.0281382203102111,9
VAE,10,VAE5,12h,SI9,-0.0127587914466857,9
VAE,10,VAE5,12h,ce,-0.0352349281311035,9
VAE,10,VAE5,12h,co,0.0106184482574462,9
VAE,10,VAE5,24h,st,-0.0037902146577835,9
VAE,10,VAE5,24h,SI1,0.0003091543912887,9
VAE,10,VAE5,24h,SI2,0.0329206772148609,9
VAE,10,VAE5,24h,SI3,0.0287647247314453,9
VAE,10,VAE5,24h,SI4,0.0159470736980438,9
VAE,10,VAE5,24h,SI5,0.0342400968074798,9
VAE,10,VAE5,24h,SI6,0.0595292150974273,9
VAE,10,VAE5,24h,SI7,0.0410761535167694,9
VAE,10,VAE5,24h,SI8,0.0412279367446899,9
VAE,10,VAE5,24h,SI9,0.071203202009201,9
VAE,10,VAE5,24h,ce,0.0675538182258606,9
VAE,10,VAE5,24h,co,0.0266402065753936,9
weighted_CPVAE,10,CPVAE5,1h,st,0.0011537134414538,9
weighted_CPVAE,10,CPVAE5,1h,SI1,0.0224084425717592,9
weighted_CPVAE,10,CPVAE5,1h,SI2,0.0243884176015853,9
weighted_CPVAE,10,CPVAE5,1h,SI3,0.0084635242819786,9
weighted_CPVAE,10,CPVAE5,1h,SI4,-0.0013053987640887,9
weighted_CPVAE,10,CPVAE5,1h,SI5,-0.0079006031155586,9
weighted_CPVAE,10,CPVAE5,1h,SI6,-0.0093052759766578,9
weighted_CPVAE,10,CPVAE5,1h,SI7,-0.0078927455469965,9
weighted_CPVAE,10,CPVAE5,1h,SI8,-0.0047111106105148,9
weighted_CPVAE,10,CPVAE5,1h,SI9,-0.0025170168373733,9
weighted_CPVAE,10,CPVAE5,1h,ce,-0.003146436298266,9
weighted_CPVAE,10,CPVAE5,1h,co,-0.00361537351273,9
weighted_CPVAE,10,CPVAE5,3h,st,0.0074506136588752,9
weighted_CPVAE,10,CPVAE5,3h,SI1,0.1447124183177948,9
weighted_CPVAE,10,CPVAE5,3h,SI2,0.1574989706277847,9
weighted_CPVAE,10,CPVAE5,3h,SI3,0.054656945168972,9
weighted_CPVAE,10,CPVAE5,3h,SI4,-0.0084301894530653,9
weighted_CPVAE,10,CPVAE5,3h,SI5,-0.0510216318070888,9
weighted_CPVAE,10,CPVAE5,3h,SI6,-0.0600929260253906,9
weighted_CPVAE,10,CPVAE5,3h,SI7,-0.0509708859026432,9
weighted_CPVAE,10,CPVAE5,3h,SI8,-0.0304240770637989,9
weighted_CPVAE,10,CPVAE5,3h,SI9,-0.0162547472864389,9
weighted_CPVAE,10,CPVAE5,3h,ce,-0.0203195009380579,9
weighted_CPVAE,10,CPVAE5,3h,co,-0.023347869515419,9
weighted_CPVAE,10,CPVAE5,6h,st,0.0030083165038377,9
weighted_CPVAE,10,CPVAE5,6h,SI1,0.0584301836788654,9
weighted_CPVAE,10,CPVAE5,6h,SI2,0.0635929778218269,9
weighted_CPVAE,10,CPVAE5,6h,SI3,0.02206870354712,9
weighted_CPVAE,10,CPVAE5,6h,SI4,-0.003403837326914,9
weighted_CPVAE,10,CPVAE5,6h,SI5,-0.0206008814275264,9
weighted_CPVAE,10,CPVAE5,6h,SI6,-0.0242635756731033,9
weighted_CPVAE,10,CPVAE5,6h,SI7,-0.0205803923308849,9
weighted_CPVAE,10,CPVAE5,6h,SI8,-0.0122842565178871,9
weighted_CPVAE,10,CPVAE5,6h,SI9,-0.0065631405450403,9
weighted_CPVAE,10,CPVAE5,6h,ce,-0.0082043558359146,9
weighted_CPVAE,10,CPVAE5,6h,co,-0.0094271134585142,9
weighted_CPVAE,10,CPVAE5,12h,st,0.00720487954095,9
weighted_CPVAE,10,CPVAE5,12h,SI1,0.139939546585083,9
weighted_CPVAE,10,CPVAE5,12h,SI2,0.1523043811321258,9
weighted_CPVAE,10,CPVAE5,12h,SI3,0.0528542660176754,9
weighted_CPVAE,10,CPVAE5,12h,SI4,-0.0081521468237042,9
weighted_CPVAE,10,CPVAE5,12h,SI5,-0.0493388473987579,9
weighted_CPVAE,10,CPVAE5,12h,SI6,-0.0581109561026096,9
weighted_CPVAE,10,CPVAE5,12h,SI7,-0.0492897778749465,9
weighted_CPVAE,10,CPVAE5,12h,SI8,-0.0294206384569406,9
weighted_CPVAE,10,CPVAE5,12h,SI9,-0.0157186388969421,9
weighted_CPVAE,10,CPVAE5,12h,ce,-0.0196493286639451,9
weighted_CPVAE,10,CPVAE5,12h,co,-0.022577816620469,9
weighted_CPVAE,10,CPVAE5,24h,st,0.0014825297985225,9
weighted_CPVAE,10,CPVAE5,24h,SI1,0.0287950057536363,9
weighted_CPVAE,10,CPVAE5,24h,SI2,0.0313392840325832,9
weighted_CPVAE,10,CPVAE5,24h,SI3,0.0108756879344582,9
weighted_CPVAE,10,CPVAE5,24h,SI4,-0.0016774465329945,9
weighted_CPVAE,10,CPVAE5,24h,SI5,-0.0101523296907544,9
weighted_CPVAE,10,CPVAE5,24h,SI6,-0.0119573436677455,9
weighted_CPVAE,10,CPVAE5,24h,SI7,-0.0101422322914004,9
weighted_CPVAE,10,CPVAE5,24h,SI8,-0.0060538100078701,9
weighted_CPVAE,10,CPVAE5,24h,SI9,-0.003234384348616,9
weighted_CPVAE,10,CPVAE5,24h,ce,-0.004043192602694,9
weighted_CPVAE,10,CPVAE5,24h,co,-0.0046457801945507,9
PCA,10,PC6,1h,st,-0.1028351336899783,9
PCA,10,PC6,1h,SI1,0.5846134070458003,9
PCA,10,PC6,1h,SI2,0.0342819480566509,9
PCA,10,PC6,1h,SI3,-0.4362395537701821,9
PCA,10,PC6,1h,SI4,-0.5717335173545199,9
PCA,10,PC6,1h,SI5,-0.6321495706913905,9
PCA,10,PC6,1h,SI6,-0.6625237143953485,9
PCA,10,PC6,1h,SI7,-0.6020773854130466,9
PCA,10,PC6,1h,SI8,-0.5975836274048315,9
PCA,10,PC6,1h,SI9,-0.4367808429872068,9
PCA,10,PC6,1h,ce,0.2924265545626482,9
PCA,10,PC6,1h,co,0.4654064454602568,9
PCA,10,PC6,3h,st,0.2457641590032837,9
PCA,10,PC6,3h,SI1,1.661451724235689,9
PCA,10,PC6,3h,SI2,0.6416504265655667,9
PCA,10,PC6,3h,SI3,0.8647805137082837,9
PCA,10,PC6,3h,SI4,0.4804571394249781,9
PCA,10,PC6,3h,SI5,0.8334372855282701,9
PCA,10,PC6,3h,SI6,0.1832850081489703,9
PCA,10,PC6,3h,SI7,0.4535412192548776,9
PCA,10,PC6,3h,SI8,0.2719521542713345,9
PCA,10,PC6,3h,SI9,0.1622841039099377,9
PCA,10,PC6,3h,ce,-0.4655576465579164,9
PCA,10,PC6,3h,co,-0.5401338189655593,9
PCA,10,PC6,6h,st,-0.2340307223436394,9
PCA,10,PC6,6h,SI1,0.4704138482127381,9
PCA,10,PC6,6h,SI2,0.6351093511121796,9
PCA,10,PC6,6h,SI3,0.8681467111984748,9
PCA,10,PC6,6h,SI4,0.4469021599614404,9
PCA,10,PC6,6h,SI5,0.3677145251900838,9
PCA,10,PC6,6h,SI6,-0.4601317351214603,9
PCA,10,PC6,6h,SI7,-0.5171043866606813,9
PCA,10,PC6,6h,SI8,-0.3828927866655011,9
PCA,10,PC6,6h,SI9,-0.4477313325669375,9
PCA,10,PC6,6h,ce,-0.0746920449134085,9
PCA,10,PC6,6h,co,-0.3013487361388208,9
PCA,10,PC6,12h,st,0.2287919501308313,9
PCA,10,PC6,12h,SI1,1.0765140599274725,9
PCA,10,PC6,12h,SI2,1.096864507087776,9
PCA,10,PC6,12h,SI3,0.996522923850662,9
PCA,10,PC6,12h,SI4,0.2859753233487082,9
PCA,10,PC6,12h,SI5,-0.2985146187136384,9
PCA,10,PC6,12h,SI6,-0.5192100266567612,9
PCA,10,PC6,12h,SI7,-0.5568555262275895,9
PCA,10,PC6,12h,SI8,-0.4043160594728061,9
PCA,10,PC6,12h,SI9,-0.4562822373412529,9
PCA,10,PC6,12h,ce,-0.251957326295041,9
PCA,10,PC6,12h,co,-0.3181477743827658,9
PCA,10,PC6,24h,st,0.0548228051716412,9
PCA,10,PC6,24h,SI1,0.1090187216926987,9
PCA,10,PC6,24h,SI2,-0.0811558128629521,9
PCA,10,PC6,24h,SI3,-0.1566247759042703,9
PCA,10,PC6,24h,SI4,-0.3302048277964092,9
PCA,10,PC6,24h,SI5,-0.3627109928168414,9
PCA,10,PC6,24h,SI6,-0.406709167295773,9
PCA,10,PC6,24h,SI7,-0.45191452885851,9
PCA,10,PC6,24h,SI8,-0.4725434984669587,9
PCA,10,PC6,24h,SI9,-0.4295945889370684,9
PCA,10,PC6,24h,ce,-0.4512256456444091,9
PCA,10,PC6,24h,co,-0.3986150127477813,9
CP,10,CP6,1h,st,-0.2994897416471148,9
CP,10,CP6,1h,SI1,-0.019080936847081,9
CP,10,CP6,1h,SI2,0.1095770572975441,9
CP,10,CP6,1h,SI3,0.1068419114891964,9
CP,10,CP6,1h,SI4,-0.0728171025883682,9
CP,10,CP6,1h,SI5,-0.0663061523206245,9
CP,10,CP6,1h,SI6,0.005426108167784,9
CP,10,CP6,1h,SI7,0.0143038306453124,9
CP,10,CP6,1h,SI8,0.0508737524775306,9
CP,10,CP6,1h,SI9,0.0603779878392149,9
CP,10,CP6,1h,ce,0.0240425006608075,9
CP,10,CP6,1h,co,0.018831489900426,9
CP,10,CP6,3h,st,-2.058546338535575,9
CP,10,CP6,3h,SI1,-0.1311530487367047,9
CP,10,CP6,3h,SI2,0.7531792202523857,9
CP,10,CP6,3h,SI3,0.7343791626672105,9
CP,10,CP6,3h,SI4,-0.5005092297708049,9
CP,10,CP6,3h,SI5,-0.455756134855642,9
CP,10,CP6,3h,SI6,0.0372964197032537,9
CP,10,CP6,3h,SI7,0.0983175518466861,9
CP,10,CP6,3h,SI8,0.3496813490646475,9
CP,10,CP6,3h,SI9,0.4150088250468752,9
CP,10,CP6,3h,ce,0.1652564172393627,9
CP,10,CP6,3h,co,0.1294384721509713,9
CP,10,CP6,6h,st,-1.0348156754843674,9
CP,10,CP6,6h,SI1,-0.0659296456823295,9
CP,10,CP6,6h,SI2,0.3786174976856331,9
CP,10,CP6,6h,SI3,0.3691668509234194,9
CP,10,CP6,6h,SI4,-0.2516022044273672,9
CP,10,CP6,6h,SI5,-0.2291051620835958,9
CP,10,CP6,6h,SI6,0.0187486281099831,9
CP,10,CP6,6h,SI7,0.0494234897323587,9
CP,10,CP6,6h,SI8,0.1757821695158137,9
CP,10,CP6,6h,SI9,0.20862179761684,9
CP,10,CP6,6h,ce,0.0830731511029924,9
CP,10,CP6,6h,co,0.0650677410001169,9
CP,10,CP6,12h,st,0.0845472254775965,9
CP,10,CP6,12h,SI1,0.0053866294753921,9
CP,10,CP6,12h,SI2,-0.0309340684577542,9
CP,10,CP6,12h,SI3,-0.0301619251846636,9
CP,10,CP6,12h,SI4,0.0205565771879364,9
CP,10,CP6,12h,SI5,0.0187185082867018,9
CP,10,CP6,12h,SI6,-0.0015318133709835,9
CP,10,CP6,12h,SI7,-0.0040380321145942,9
CP,10,CP6,12h,SI8,-0.0143618762965087,9
CP,10,CP6,12h,SI9,-0.0170449622870241,9
CP,10,CP6,12h,ce,-0.0067873000031156,9
CP,10,CP6,12h,co,-0.0053162095433853,9
CP,10,CP6,24h,st,-0.0937246271887234,9
CP,10,CP6,24h,SI1,-0.0059713353872114,9
CP,10,CP6,24h,SI2,0.0342918885540687,9
CP,10,CP6,24h,SI3,0.0334359309517004,9
CP,10,CP6,24h,SI4,-0.0227879451079809,9
CP,10,CP6,24h,SI5,-0.0207503581671646,9
CP,10,CP6,24h,SI6,0.0016980880958202,9
CP,10,CP6,24h,SI7,0.0044763509669128,9
CP,10,CP6,24h,SI8,0.0159208240603652,9
CP,10,CP6,24h,SI9,0.0188951527004337,9
CP,10,CP6,24h,ce,0.0075240453937616,9
CP,10,CP6,24h,co,0.0058932715378454,9
VAE,10,VAE6,1h,st,0.0247414708137512,9
VAE,10,VAE6,1h,SI1,-0.1728449165821075,9
VAE,10,VAE6,1h,SI2,-0.19119793176651,9
VAE,10,VAE6,1h,SI3,-0.1784144043922424,9
VAE,10,VAE6,1h,SI4,-0.2859279215335846,9
VAE,10,VAE6,1h,SI5,-0.3332376182079315,9
VAE,10,VAE6,1h,SI6,-0.3152095079421997,9
VAE,10,VAE6,1h,SI7,-0.2337945103645324,9
VAE,10,VAE6,1h,SI8,-0.2168391346931457,9
VAE,10,VAE6,1h,SI9,-0.2201994657516479,9
VAE,10,VAE6,1h,ce,-0.2716267108917236,9
VAE,10,VAE6,1h,co,-0.1885038316249847,9
VAE,10,VAE6,3h,st,0.257381796836853,9
VAE,10,VAE6,3h,SI1,0.3773753046989441,9
VAE,10,VAE6,3h,SI2,0.3526378870010376,9
VAE,10,VAE6,3h,SI3,0.2140601873397827,9
VAE,10,VAE6,3h,SI4,0.1853705644607544,9
VAE,10,VAE6,3h,SI5,-0.0331648588180542,9
VAE,10,VAE6,3h,SI6,-0.1157752722501754,9
VAE,10,VAE6,3h,SI7,-0.1874527633190155,9
VAE,10,VAE6,3h,SI8,-0.0814930200576782,9
VAE,10,VAE6,3h,SI9,-0.0087839365005493,9
VAE,10,VAE6,3h,ce,-0.1365639567375183,9
VAE,10,VAE6,3h,co,-0.1553574502468109,9
VAE,10,VAE6,6h,st,0.4641592800617218,9
VAE,10,VAE6,6h,SI1,0.3666814565658569,9
VAE,10,VAE6,6h,SI2,0.3512361049652099,9
VAE,10,VAE6,6h,SI3,0.241127073764801,9
VAE,10,VAE6,6h,SI4,0.2536894679069519,9
VAE,10,VAE6,6h,SI5,-0.0637317150831222,9
VAE,10,VAE6,6h,SI6,-0.1407792866230011,9
VAE,10,VAE6,6h,SI7,-0.1573871374130249,9
VAE,10,VAE6,6h,SI8,-0.1723083853721618,9
VAE,10,VAE6,6h,SI9,-0.1292453408241272,9
VAE,10,VAE6,6h,ce,-0.1517029851675033,9
VAE,10,VAE6,6h,co,-0.1602954268455505,9
VAE,10,VAE6,12h,st,0.2225895673036575,9
VAE,10,VAE6,12h,SI1,0.312078595161438,9
VAE,10,VAE6,12h,SI2,0.2712478637695312,9
VAE,10,VAE6,12h,SI3,0.2153231501579284,9
VAE,10,VAE6,12h,SI4,0.1077964156866073,9
VAE,10,VAE6,12h,SI5,-0.0543085932731628,9
VAE,10,VAE6,12h,SI6,-0.0862196087837219,9
VAE,10,VAE6,12h,SI7,-0.152057945728302,9
VAE,10,VAE6,12h,SI8,-0.101098895072937,9
VAE,10,VAE6,12h,SI9,-0.1111675500869751,9
VAE,10,VAE6,12h,ce,-0.1594129204750061,9
VAE,10,VAE6,12h,co,-0.1183318495750427,9
VAE,10,VAE6,24h,st,0.1092523783445358,9
VAE,10,VAE6,24h,SI1,0.1949359774589538,9
VAE,10,VAE6,24h,SI2,0.1051738560199737,9
VAE,10,VAE6,24h,SI3,0.0970667451620101,9
VAE,10,VAE6,24h,SI4,0.0626201927661895,9
VAE,10,VAE6,24h,SI5,0.021413654088974,9
VAE,10,VAE6,24h,SI6,0.0550937354564666,9
VAE,10,VAE6,24h,SI7,-0.0075037777423858,9
VAE,10,VAE6,24h,SI8,0.0143546164035797,9
VAE,10,VAE6,24h,SI9,0.0307888388633728,9
VAE,10,VAE6,24h,ce,0.0267101526260375,9
VAE,10,VAE6,24h,co,0.0247257053852081,9
weighted_CPVAE,10,CPVAE6,1h,st,0.073319211602211,9
weighted_CPVAE,10,CPVAE6,1h,SI1,0.0486489422619342,9
weighted_CPVAE,10,CPVAE6,1h,SI2,0.0059118722565472,9
weighted_CPVAE,10,CPVAE6,1h,SI3,0.031163478270173,9
weighted_CPVAE,10,CPVAE6,1h,SI4,0.0736689418554306,9
weighted_CPVAE,10,CPVAE6,1h,SI5,0.0150757068768143,9
weighted_CPVAE,10,CPVAE6,1h,SI6,0.0071256081573665,9
weighted_CPVAE,10,CPVAE6,1h,SI7,-0.002661814680323,9
weighted_CPVAE,10,CPVAE6,1h,SI8,-0.0059883086942136,9
weighted_CPVAE,10,CPVAE6,1h,SI9,-0.0052351308986544,9
weighted_CPVAE,10,CPVAE6,1h,ce,-0.0042395875789225,9
weighted_CPVAE,10,CPVAE6,1h,co,-0.013909799978137,9
weighted_CPVAE,10,CPVAE6,3h,st,-0.1322207152843475,9
weighted_CPVAE,10,CPVAE6,3h,SI1,-0.0877314060926437,9
weighted_CPVAE,10,CPVAE6,3h,SI2,-0.0106612164527177,9
weighted_CPVAE,10,CPVAE6,3h,SI3,-0.056198876351118,9
weighted_CPVAE,10,CPVAE6,3h,SI4,-0.1328514069318771,9
weighted_CPVAE,10,CPVAE6,3h,SI5,-0.027186881750822,9
weighted_CPVAE,10,CPVAE6,3h,SI6,-0.0128500154241919,9
weighted_CPVAE,10,CPVAE6,3h,SI7,0.0048002023249864,9
weighted_CPVAE,10,CPVAE6,3h,SI8,0.0107990587130188,9
weighted_CPVAE,10,CPVAE6,3h,SI9,0.009440810419619,9
weighted_CPVAE,10,CPVAE6,3h,ce,0.0076454901136457,9
weighted_CPVAE,10,CPVAE6,3h,co,0.0250843353569507,9
weighted_CPVAE,10,CPVAE6,6h,st,-0.0490265488624572,9
weighted_CPVAE,10,CPVAE6,6h,SI1,-0.0325302183628082,9
weighted_CPVAE,10,CPVAE6,6h,SI2,-0.0039531076326966,9
weighted_CPVAE,10,CPVAE6,6h,SI3,-0.0208381656557321,9
weighted_CPVAE,10,CPVAE6,6h,SI4,-0.0492604076862335,9
weighted_CPVAE,10,CPVAE6,6h,SI5,-0.0100807128474116,9
weighted_CPVAE,10,CPVAE6,6h,SI6,-0.0047646993771195,9
weighted_CPVAE,10,CPVAE6,6h,SI7,0.0017798827029764,9
weighted_CPVAE,10,CPVAE6,6h,SI8,0.0040042181499302,9
weighted_CPVAE,10,CPVAE6,6h,SI9,0.0035005889367312,9
weighted_CPVAE,10,CPVAE6,6h,ce,0.0028348963242024,9
weighted_CPVAE,10,CPVAE6,6h,co,0.009301102720201,9
weighted_CPVAE,10,CPVAE6,12h,st,-0.0484739020466804,9
weighted_CPVAE,10,CPVAE6,12h,SI1,-0.0321635231375694,9
weighted_CPVAE,10,CPVAE6,12h,SI2,-0.0039085461758077,9
weighted_CPVAE,10,CPVAE6,12h,SI3,-0.0206032674759626,9
weighted_CPVAE,10,CPVAE6,12h,SI4,-0.0487051233649253,9
weighted_CPVAE,10,CPVAE6,12h,SI5,-0.0099670784547925,9
weighted_CPVAE,10,CPVAE6,12h,SI6,-0.0047109895385801,9
weighted_CPVAE,10,CPVAE6,12h,SI7,0.0017598191043362,9
weighted_CPVAE,10,CPVAE6,12h,SI8,0.0039590811356902,9
weighted_CPVAE,10,CPVAE6,12h,SI9,0.0034611287992447,9
weighted_CPVAE,10,CPVAE6,12h,ce,0.0028029400855302,9
weighted_CPVAE,10,CPVAE6,12h,co,0.0091962572187185,9
weighted_CPVAE,10,CPVAE6,24h,st,-0.0346892401576042,9
weighted_CPVAE,10,CPVAE6,24h,SI1,-0.0230170916765928,9
weighted_CPVAE,10,CPVAE6,24h,SI2,-0.0027970620431005,9
weighted_CPVAE,10,CPVAE6,24h,SI3,-0.014744259417057,9
weighted_CPVAE,10,CPVAE6,24h,SI4,-0.0348547101020813,9
weighted_CPVAE,10,CPVAE6,24h,SI5,-0.0071327127516269,9
weighted_CPVAE,10,CPVAE6,24h,SI6,-0.0033713122829794,9
weighted_CPVAE,10,CPVAE6,24h,SI7,0.0012593744322657,9
weighted_CPVAE,10,CPVAE6,24h,SI8,0.0028332259971648,9
weighted_CPVAE,10,CPVAE6,24h,SI9,0.00247687776573,9
weighted_CPVAE,10,CPVAE6,24h,ce,0.002005860209465,9
weighted_CPVAE,10,CPVAE6,24h,co,0.0065810913220047,9
PCA,10,PC7,1h,st,-0.0079131030285051,9
PCA,10,PC7,1h,SI1,0.5989945125390037,9
PCA,10,PC7,1h,SI2,0.0201830005374565,9
PCA,10,PC7,1h,SI3,-0.453689183802708,9
PCA,10,PC7,1h,SI4,-0.5532141071510743,9
PCA,10,PC7,1h,SI5,-0.5987760018073846,9
PCA,10,PC7,1h,SI6,-0.6415028068927514,9
PCA,10,PC7,1h,SI7,-0.5882617350291067,9
PCA,10,PC7,1h,SI8,-0.555801643976091,9
PCA,10,PC7,1h,SI9,-0.3901760285761595,9
PCA,10,PC7,1h,ce,0.3458226670801956,9
PCA,10,PC7,1h,co,0.3984732873978892,9
PCA,10,PC7,3h,st,-0.2188033470481388,9
PCA,10,PC7,3h,SI1,0.9391485663894658,9
PCA,10,PC7,3h,SI2,1.8725494614760327,9
PCA,10,PC7,3h,SI3,0.8363138728574393,9
PCA,10,PC7,3h,SI4,0.6732459781486186,9
PCA,10,PC7,3h,SI5,1.129543840406383,9
PCA,10,PC7,3h,SI6,0.1904772787319583,9
PCA,10,PC7,3h,SI7,0.4562486696923875,9
PCA,10,PC7,3h,SI8,0.2179608839940252,9
PCA,10,PC7,3h,SI9,-0.0169833113029572,9
PCA,10,PC7,3h,ce,-0.5346443729084167,9
PCA,10,PC7,3h,co,-0.6072920071133648,9
PCA,10,PC7,6h,st,0.5439860779037455,9
PCA,10,PC7,6h,SI1,0.3820298130227569,9
PCA,10,PC7,6h,SI2,0.5213873075413923,9
PCA,10,PC7,6h,SI3,0.8421970406831938,9
PCA,10,PC7,6h,SI4,0.7105911059941059,9
PCA,10,PC7,6h,SI5,0.5074636774915265,9
PCA,10,PC7,6h,SI6,-0.4308884733312348,9
PCA,10,PC7,6h,SI7,-0.471620176654174,9
PCA,10,PC7,6h,SI8,-0.3972004526647887,9
PCA,10,PC7,6h,SI9,-0.4707350151828685,9
PCA,10,PC7,6h,ce,-0.0007533104407662,9
PCA,10,PC7,6h,co,-0.309024066032167,9
PCA,10,PC7,12h,st,0.2082622874472887,9
PCA,10,PC7,12h,SI1,0.7633554624524993,9
PCA,10,PC7,12h,SI2,0.783714802227073,9
PCA,10,PC7,12h,SI3,0.6874492118904921,9
PCA,10,PC7,12h,SI4,0.0935864390364423,9
PCA,10,PC7,12h,SI5,-0.3543919121658729,9
PCA,10,PC7,12h,SI6,-0.5607423836809897,9
PCA,10,PC7,12h,SI7,-0.5983107010433582,9
PCA,10,PC7,12h,SI8,-0.4085630360466191,9
PCA,10,PC7,12h,SI9,-0.5092457709442025,9
PCA,10,PC7,12h,ce,-0.3138670998338976,9
PCA,10,PC7,12h,co,-0.4008169647431305,9
PCA,10,PC7,24h,st,0.0720999222654768,9
PCA,10,PC7,24h,SI1,0.0928080413794261,9
PCA,10,PC7,24h,SI2,-0.0840895462547779,9
PCA,10,PC7,24h,SI3,-0.1562375722318087,9
PCA,10,PC7,24h,SI4,-0.3514219646271102,9
PCA,10,PC7,24h,SI5,-0.3795658597912611,9
PCA,10,PC7,24h,SI6,-0.424160929486875,9
PCA,10,PC7,24h,SI7,-0.4645071752538602,9
PCA,10,PC7,24h,SI8,-0.4899452758636853,9
PCA,10,PC7,24h,SI9,-0.3782222091375208,9
PCA,10,PC7,24h,ce,-0.4013782974697236,9
PCA,10,PC7,24h,co,-0.3651473670689227,9
CP,10,CP7,1h,st,-0.7316637763957734,9
CP,10,CP7,1h,SI1,0.0071853511322292,9
CP,10,CP7,1h,SI2,0.1038859659287556,9
CP,10,CP7,1h,SI3,0.1121925692990927,9
CP,10,CP7,1h,SI4,0.1927371278874875,9
CP,10,CP7,1h,SI5,0.1638015082596372,9
CP,10,CP7,1h,SI6,0.0564993339553196,9
CP,10,CP7,1h,SI7,0.0484549226242124,9
CP,10,CP7,1h,SI8,0.0699835044178146,9
CP,10,CP7,1h,SI9,0.0492498717317244,9
CP,10,CP7,1h,ce,0.116304556659952,9
CP,10,CP7,1h,co,0.0168026792539242,9
CP,10,CP7,3h,st,2.922954506256091,9
CP,10,CP7,3h,SI1,-0.0287050625554286,9
CP,10,CP7,3h,SI2,-0.4150184306568291,9
CP,10,CP7,3h,SI3,-0.4482028311100166,9
CP,10,CP7,3h,SI4,-0.769973688265323,9
CP,10,CP7,3h,SI5,-0.6543775599464225,9
CP,10,CP7,3h,SI6,-0.2257115742406779,9
CP,10,CP7,3h,SI7,-0.1935746158329975,9
CP,10,CP7,3h,SI8,-0.27958005603245,9
CP,10,CP7,3h,SI9,-0.1967503915800115,9
CP,10,CP7,3h,ce,-0.464629982998414,9
CP,10,CP7,3h,co,-0.0671257326478153,9
CP,10,CP7,6h,st,-2.930932258745557,9
CP,10,CP7,6h,SI1,0.0287834085863954,9
CP,10,CP7,6h,SI2,0.4161511593090405,9
CP,10,CP7,6h,SI3,0.449426131453563,9
CP,10,CP7,6h,SI4,0.7720752124235795,9
CP,10,CP7,6h,SI5,0.6561635823414819,9
CP,10,CP7,6h,SI6,0.2263276190916825,9
CP,10,CP7,6h,SI7,0.1941029478238149,9
CP,10,CP7,6h,SI8,0.2803431265774223,9
CP,10,CP7,6h,SI9,0.1972873913598135,9
CP,10,CP7,6h,ce,0.4658981187137023,9
CP,10,CP7,6h,co,0.0673089419586657,9
CP,10,CP7,12h,st,-0.6761649031666117,9
CP,10,CP7,12h,SI1,0.0066403208813686,9
CP,10,CP7,12h,SI2,0.0960059064815454,9
CP,10,CP7,12h,SI3,0.1036824292844308,9
CP,10,CP7,12h,SI4,0.1781174435840318,9
CP,10,CP7,12h,SI5,0.1513766767524264,9
CP,10,CP7,12h,SI6,0.0522136914595755,9
CP,10,CP7,12h,SI7,0.0447794726500492,9
CP,10,CP7,12h,SI8,0.0646750474938575,9
CP,10,CP7,12h,SI9,0.0455141225037717,9
CP,10,CP7,12h,ce,0.1074825101759219,9
CP,10,CP7,12h,co,0.0155281460654459,9
CP,10,CP7,24h,st,0.0245364133437474,9
CP,10,CP7,24h,SI1,-0.0002409614239327,9
CP,10,CP7,24h,SI2,-0.0034838256079847,9
CP,10,CP7,24h,SI3,-0.0037623883308533,9
CP,10,CP7,24h,SI4,-0.0064634576551402,9
CP,10,CP7,24h,SI5,-0.0054930989378565,9
CP,10,CP7,24h,SI6,-0.0018947104616865,9
CP,10,CP7,24h,SI7,-0.0016249403734371,9
CP,10,CP7,24h,SI8,-0.0023469033824501,9
CP,10,CP7,24h,SI9,-0.0016515990662936,9
CP,10,CP7,24h,ce,-0.0039002842125482,9
CP,10,CP7,24h,co,-0.0005634794242344,9
VAE,10,VAE7,1h,st,0.0381906367838382,9
VAE,10,VAE7,1h,SI1,0.1033222079277038,9
VAE,10,VAE7,1h,SI2,0.0364404171705246,9
VAE,10,VAE7,1h,SI3,0.0312086343765258,9
VAE,10,VAE7,1h,SI4,0.0384415090084075,9
VAE,10,VAE7,1h,SI5,0.0420931875705719,9
VAE,10,VAE7,1h,SI6,0.041005402803421,9
VAE,10,VAE7,1h,SI7,0.0421147644519805,9
VAE,10,VAE7,1h,SI8,0.030786246061325,9
VAE,10,VAE7,1h,SI9,0.0493777096271514,9
VAE,10,VAE7,1h,ce,0.1038151979446411,9
VAE,10,VAE7,1h,co,0.0921985059976577,9
VAE,10,VAE7,3h,st,0.1492014229297638,9
VAE,10,VAE7,3h,SI1,-0.0886687636375427,9
VAE,10,VAE7,3h,SI2,0.0080634355545043,9
VAE,10,VAE7,3h,SI3,0.0814167261123657,9
VAE,10,VAE7,3h,SI4,0.0119978785514831,9
VAE,10,VAE7,3h,SI5,0.0612841844558715,9
VAE,10,VAE7,3h,SI6,0.0146374553442001,9
VAE,10,VAE7,3h,SI7,0.0453527271747589,9
VAE,10,VAE7,3h,SI8,-0.0028913766145706,9
VAE,10,VAE7,3h,SI9,-0.0016287267208099,9
VAE,10,VAE7,3h,ce,0.018125832080841,9
VAE,10,VAE7,3h,co,0.0043876767158508,9
VAE,10,VAE7,6h,st,-0.0774093270301818,9
VAE,10,VAE7,6h,SI1,-0.0579253435134887,9
VAE,10,VAE7,6h,SI2,0.0089384317398071,9
VAE,10,VAE7,6h,SI3,0.0614203214645385,9
VAE,10,VAE7,6h,SI4,0.0073390007019042,9
VAE,10,VAE7,6h,SI5,0.0128932893276214,9
VAE,10,VAE7,6h,SI6,-0.013147622346878,9
VAE,10,VAE7,6h,SI7,-0.0117895901203155,9
VAE,10,VAE7,6h,SI8,-0.0075563192367553,9
VAE,10,VAE7,6h,SI9,-0.0048946738243103,9
VAE,10,VAE7,6h,ce,-0.0134928822517395,9
VAE,10,VAE7,6h,co,-0.0240134894847869,9
VAE,10,VAE7,12h,st,-0.0020020008087158,9
VAE,10,VAE7,12h,SI1,0.0169371366500854,9
VAE,10,VAE7,12h,SI2,-0.0330222249031066,9
VAE,10,VAE7,12h,SI3,0.0231227278709411,9
VAE,10,VAE7,12h,SI4,-0.007709577679634,9
VAE,10,VAE7,12h,SI5,-0.0229496359825134,9
VAE,10,VAE7,12h,SI6,-0.0278782844543457,9
VAE,10,VAE7,12h,SI7,0.0017118453979492,9
VAE,10,VAE7,12h,SI8,-0.0008883476257324,9
VAE,10,VAE7,12h,SI9,-0.01468425989151,9
VAE,10,VAE7,12h,ce,-0.0195435434579849,9
VAE,10,VAE7,12h,co,0.0123266875743865,9
VAE,10,VAE7,24h,st,-0.0545588806271553,9
VAE,10,VAE7,24h,SI1,-0.0679794400930404,9
VAE,10,VAE7,24h,SI2,-0.053809180855751,9
VAE,10,VAE7,24h,SI3,-0.0619831681251525,9
VAE,10,VAE7,24h,SI4,-0.0569300949573516,9
VAE,10,VAE7,24h,SI5,-0.0542370378971099,9
VAE,10,VAE7,24h,SI6,-0.0561330020427703,9
VAE,10,VAE7,24h,SI7,-0.0697477459907531,9
VAE,10,VAE7,24h,SI8,-0.0501641631126403,9
VAE,10,VAE7,24h,SI9,-0.0608215928077697,9
VAE,10,VAE7,24h,ce,-0.0384256839752197,9
VAE,10,VAE7,24h,co,-0.0398393273353576,9
weighted_CPVAE,10,CPVAE7,1h,st,-0.0094311125576496,9
weighted_CPVAE,10,CPVAE7,1h,SI1,0.005028196144849,9
weighted_CPVAE,10,CPVAE7,1h,SI2,0.0084018120542168,9
weighted_CPVAE,10,CPVAE7,1h,SI3,0.0030048538465052,9
weighted_CPVAE,10,CPVAE7,1h,SI4,0.0052194553427398,9
weighted_CPVAE,10,CPVAE7,1h,SI5,0.0018123374320566,9
weighted_CPVAE,10,CPVAE7,1h,SI6,0.0001531971356598,9
weighted_CPVAE,10,CPVAE7,1h,SI7,-8.637233008812473e-07,9
weighted_CPVAE,10,CPVAE7,1h,SI8,-2.858122206816915e-05,9
weighted_CPVAE,10,CPVAE7,1h,SI9,0.000502233102452,9
weighted_CPVAE,10,CPVAE7,1h,ce,9.458445856580512e-05,9
weighted_CPVAE,10,CPVAE7,1h,co,0.0003463359025772,9
weighted_CPVAE,10,CPVAE7,3h,st,-0.1815935373306274,9
weighted_CPVAE,10,CPVAE7,3h,SI1,0.096816562116146,9
weighted_CPVAE,10,CPVAE7,3h,SI2,0.1617746204137802,9
weighted_CPVAE,10,CPVAE7,3h,SI3,0.0578576512634754,9
weighted_CPVAE,10,CPVAE7,3h,SI4,0.1004992052912712,9
weighted_CPVAE,10,CPVAE7,3h,SI5,0.0348960682749748,9
weighted_CPVAE,10,CPVAE7,3h,SI6,0.002949769841507,9
weighted_CPVAE,10,CPVAE7,3h,SI7,-1.663076000113506e-05,9
weighted_CPVAE,10,CPVAE7,3h,SI8,-0.0005503237480297,9
weighted_CPVAE,10,CPVAE7,3h,SI9,0.0096703637391328,9
weighted_CPVAE,10,CPVAE7,3h,ce,0.0018211982678622,9
weighted_CPVAE,10,CPVAE7,3h,co,0.0066686044447124,9
weighted_CPVAE,10,CPVAE7,6h,st,0.1793988049030304,9
weighted_CPVAE,10,CPVAE7,6h,SI1,-0.0956464409828186,9
weighted_CPVAE,10,CPVAE7,6h,SI2,-0.1598194241523742,9
weighted_CPVAE,10,CPVAE7,6h,SI3,-0.0571583844721317,9
weighted_CPVAE,10,CPVAE7,6h,SI4,-0.0992845743894577,9
weighted_CPVAE,10,CPVAE7,6h,SI5,-0.034474316984415,9
weighted_CPVAE,10,CPVAE7,6h,SI6,-0.0029141190461814,9
weighted_CPVAE,10,CPVAE7,6h,SI7,1.642976167204324e-05,9
weighted_CPVAE,10,CPVAE7,6h,SI8,0.0005436725914478,9
weighted_CPVAE,10,CPVAE7,6h,SI9,-0.0095534874126315,9
weighted_CPVAE,10,CPVAE7,6h,ce,-0.0017991873901337,9
weighted_CPVAE,10,CPVAE7,6h,co,-0.0065880077891051,9
weighted_CPVAE,10,CPVAE7,12h,st,0.0682326629757881,9
weighted_CPVAE,10,CPVAE7,12h,SI1,-0.0363782308995723,9
weighted_CPVAE,10,CPVAE7,12h,SI2,-0.0607858225703239,9
weighted_CPVAE,10,CPVAE7,12h,SI3,-0.0217396579682827,9
weighted_CPVAE,10,CPVAE7,12h,SI4,-0.0377619601786136,9
weighted_CPVAE,10,CPVAE7,12h,SI5,-0.0131119843572378,9
weighted_CPVAE,10,CPVAE7,12h,SI6,-0.0011083579156547,9
weighted_CPVAE,10,CPVAE7,12h,SI7,6.248906174732838e-06,9
weighted_CPVAE,10,CPVAE7,12h,SI8,0.0002067807799903,9
weighted_CPVAE,10,CPVAE7,12h,SI9,-0.0036335797049105,9
weighted_CPVAE,10,CPVAE7,12h,ce,-0.0006843041046522,9
weighted_CPVAE,10,CPVAE7,12h,co,-0.0025056872982531,9
weighted_CPVAE,10,CPVAE7,24h,st,0.002938445424661,9
weighted_CPVAE,10,CPVAE7,24h,SI1,-0.0015666316030547,9
weighted_CPVAE,10,CPVAE7,24h,SI2,-0.0026177465915679,9
weighted_CPVAE,10,CPVAE7,24h,SI3,-0.0009362202254123,9
weighted_CPVAE,10,CPVAE7,24h,SI4,-0.0016262220451608,9
weighted_CPVAE,10,CPVAE7,24h,SI5,-0.0005646687350235,9
weighted_CPVAE,10,CPVAE7,24h,SI6,-4.77315261377953e-05,9
weighted_CPVAE,10,CPVAE7,24h,SI7,2.69109676764856e-07,9
weighted_CPVAE,10,CPVAE7,24h,SI8,8.90503179107327e-06,9
weighted_CPVAE,10,CPVAE7,24h,SI9,-0.0001564804260851,9
weighted_CPVAE,10,CPVAE7,24h,ce,-2.9469614673871547e-05,9
weighted_CPVAE,10,CPVAE7,24h,co,-0.0001079076319001,9
PCA,10,PC8,1h,st,0.0457405890240662,9
PCA,10,PC8,1h,SI1,0.8674030366898424,9
PCA,10,PC8,1h,SI2,0.0400021319915174,9
PCA,10,PC8,1h,SI3,-0.4332845966145175,9
PCA,10,PC8,1h,SI4,-0.5092211067501076,9
PCA,10,PC8,1h,SI5,-0.5647279580106193,9
PCA,10,PC8,1h,SI6,-0.6010112879284798,9
PCA,10,PC8,1h,SI7,-0.5471278266356329,9
PCA,10,PC8,1h,SI8,-0.5185991098139433,9
PCA,10,PC8,1h,SI9,-0.3485566248396561,9
PCA,10,PC8,1h,ce,0.3274502879382189,9
PCA,10,PC8,1h,co,0.3662286983330158,9
PCA,10,PC8,3h,st,-0.0628968158460712,9
PCA,10,PC8,3h,SI1,0.9307073727692162,9
PCA,10,PC8,3h,SI2,0.4649953255734224,9
PCA,10,PC8,3h,SI3,0.9976554034085804,9
PCA,10,PC8,3h,SI4,1.600980860344685,9
PCA,10,PC8,3h,SI5,1.322834110052024,9
PCA,10,PC8,3h,SI6,0.2085771495674803,9
PCA,10,PC8,3h,SI7,0.3616911360147604,9
PCA,10,PC8,3h,SI8,0.126657034937325,9
PCA,10,PC8,3h,SI9,-0.1380820498927341,9
PCA,10,PC8,3h,ce,-0.5590875927880979,9
PCA,10,PC8,3h,co,-0.6179698852039682,9
PCA,10,PC8,6h,st,0.5295009736667197,9
PCA,10,PC8,6h,SI1,0.5369820396360553,9
PCA,10,PC8,6h,SI2,0.4000328151541386,9
PCA,10,PC8,6h,SI3,0.60768030335577,9
PCA,10,PC8,6h,SI4,0.7613034531713687,9
PCA,10,PC8,6h,SI5,0.4526673026028729,9
PCA,10,PC8,6h,SI6,-0.4651474263857262,9
PCA,10,PC8,6h,SI7,-0.5302800588173623,9
PCA,10,PC8,6h,SI8,-0.4524590247774644,9
PCA,10,PC8,6h,SI9,-0.5601409016758037,9
PCA,10,PC8,6h,ce,-0.2095636907320353,9
PCA,10,PC8,6h,co,-0.3472467886303827,9
PCA,10,PC8,12h,st,0.1177568182749489,9
PCA,10,PC8,12h,SI1,0.9319432209292644,9
PCA,10,PC8,12h,SI2,1.0391319757067157,9
PCA,10,PC8,12h,SI3,0.8586163062590503,9
PCA,10,PC8,12h,SI4,0.2474357579735632,9
PCA,10,PC8,12h,SI5,-0.3513799408634045,9
PCA,10,PC8,12h,SI6,-0.5928567455473862,9
PCA,10,PC8,12h,SI7,-0.6595562324386407,9
PCA,10,PC8,12h,SI8,-0.4527910428865447,9
PCA,10,PC8,12h,SI9,-0.5340084997558953,9
PCA,10,PC8,12h,ce,-0.3687797414079585,9
PCA,10,PC8,12h,co,-0.456544744122527,9
PCA,10,PC8,24h,st,0.1075279599893165,9
PCA,10,PC8,24h,SI1,0.1620703420913054,9
PCA,10,PC8,24h,SI2,-0.0698622491032341,9
PCA,10,PC8,24h,SI3,-0.1451888227657936,9
PCA,10,PC8,24h,SI4,-0.3539970252312187,9
PCA,10,PC8,24h,SI5,-0.399231189313078,9
PCA,10,PC8,24h,SI6,-0.4482703039577156,9
PCA,10,PC8,24h,SI7,-0.4912356995130794,9
PCA,10,PC8,24h,SI8,-0.5079112379554104,9
PCA,10,PC8,24h,SI9,-0.3687889325929054,9
PCA,10,PC8,24h,ce,-0.3957244869423542,9
PCA,10,PC8,24h,co,-0.3520427657154934,9
CP,10,CP8,1h,st,0.0169145267935244,9
CP,10,CP8,1h,SI1,-0.0124399138118583,9
CP,10,CP8,1h,SI2,0.0208379026724125,9
CP,10,CP8,1h,SI3,-0.0072688434432856,9
CP,10,CP8,1h,SI4,-0.0071825701145792,9
CP,10,CP8,1h,SI5,0.0010595228596855,9
CP,10,CP8,1h,SI6,-0.0019527284397138,9
CP,10,CP8,1h,SI7,-0.0009677353149069,9
CP,10,CP8,1h,SI8,-0.0014183317746683,9
CP,10,CP8,1h,SI9,-0.0017591328806972,9
CP,10,CP8,1h,ce,-0.0011608987194034,9
CP,10,CP8,1h,co,-0.0002440203580451,9
CP,10,CP8,3h,st,0.83048122189465,9
CP,10,CP8,3h,SI1,-0.6107835559840459,9
CP,10,CP8,3h,SI2,1.02311386445243,9
CP,10,CP8,3h,SI3,-0.3568907400266056,9
CP,10,CP8,3h,SI4,-0.3526548320218676,9
CP,10,CP8,3h,SI5,0.0520211915992722,9
CP,10,CP8,3h,SI6,-0.0958764215185063,9
CP,10,CP8,3h,SI7,-0.0475145427717334,9
CP,10,CP8,3h,SI8,-0.0696382417112342,9
CP,10,CP8,3h,SI9,-0.0863711318720292,9
CP,10,CP8,3h,ce,-0.0569986141944704,9
CP,10,CP8,3h,co,-0.0119810815632213,9
CP,10,CP8,6h,st,0.1004782218105782,9
CP,10,CP8,6h,SI1,-0.0738974512589326,9
CP,10,CP8,6h,SI2,0.1237844506289991,9
CP,10,CP8,6h,SI3,-0.0431794795512952,9
CP,10,CP8,6h,SI4,-0.0426669857189864,9
CP,10,CP8,6h,SI5,0.0062939374070824,9
CP,10,CP8,6h,SI6,-0.0115998918383286,9
CP,10,CP8,6h,SI7,-0.0057486871972308,9
CP,10,CP8,6h,SI8,-0.0084253882119055,9
CP,10,CP8,6h,SI9,-0.0104498663154232,9
CP,10,CP8,6h,ce,-0.0068961455707111,9
CP,10,CP8,6h,co,-0.0014495665152952,9
CP,10,CP8,12h,st,-0.0078242921251936,9
CP,10,CP8,12h,SI1,0.0057544335034826,9
CP,10,CP8,12h,SI2,-0.0096391604551259,9
CP,10,CP8,12h,SI3,0.0033624088457703,9
CP,10,CP8,12h,SI4,0.0033225006807561,9
CP,10,CP8,12h,SI5,-0.000490112225349,9
CP,10,CP8,12h,SI6,0.0009032896953016,9
CP,10,CP8,12h,SI7,0.0004476533039397,9
CP,10,CP8,12h,SI8,0.0006560894236602,9
CP,10,CP8,12h,SI9,0.0008137366013028,9
CP,10,CP8,12h,ce,0.0005370064926589,9
CP,10,CP8,12h,co,0.0001128785090559,9
CP,10,CP8,24h,st,-0.0034835454830863,9
CP,10,CP8,24h,SI1,0.0025619992860735,9
CP,10,CP8,24h,SI2,-0.0042915644414755,9
CP,10,CP8,24h,SI3,0.0014970177441684,9
CP,10,CP8,24h,SI4,0.0014792497588033,9
CP,10,CP8,24h,SI5,-0.0002182086508915,9
CP,10,CP8,24h,SI6,0.0004021642709191,9
CP,10,CP8,24h,SI7,0.0001993050131534,9
CP,10,CP8,24h,SI8,0.0002921053191423,9
CP,10,CP8,24h,SI9,0.0003622932805337,9
CP,10,CP8,24h,ce,0.0002390870013488,9
CP,10,CP8,24h,co,5.02559738398789e-05,9
VAE,10,VAE8,1h,st,0.0103633999824523,9
VAE,10,VAE8,1h,SI1,0.044923722743988,9
VAE,10,VAE8,1h,SI2,0.018799677491188,9
VAE,10,VAE8,1h,SI3,0.0102150440216064,9
VAE,10,VAE8,1h,SI4,0.0187177956104278,9
VAE,10,VAE8,1h,SI5,0.0228265821933746,9
VAE,10,VAE8,1h,SI6,0.0073882341384887,9
VAE,10,VAE8,1h,SI7,0.019510269165039,9
VAE,10,VAE8,1h,SI8,0.0051757097244262,9
VAE,10,VAE8,1h,SI9,0.0135014355182647,9
VAE,10,VAE8,1h,ce,0.0560594797134399,9
VAE,10,VAE8,1h,co,0.0387515574693679,9
VAE,10,VAE8,3h,st,0.0104319602251052,9
VAE,10,VAE8,3h,SI1,-0.0059928297996521,9
VAE,10,VAE8,3h,SI2,-0.0067876577377319,9
VAE,10,VAE8,3h,SI3,0.0647037029266357,9
VAE,10,VAE8,3h,SI4,0.0180836915969848,9
VAE,10,VAE8,3h,SI5,0.0255439281463623,9
VAE,10,VAE8,3h,SI6,-0.0096973925828933,9
VAE,10,VAE8,3h,SI7,-0.0128529518842697,9
VAE,10,VAE8,3h,SI8,0.0056063532829284,9
VAE,10,VAE8,3h,SI9,0.0215951204299926,9
VAE,10,VAE8,3h,ce,0.0040842294692993,9
VAE,10,VAE8,3h,co,0.0113787949085235,9
VAE,10,VAE8,6h,st,0.0069752931594848,9
VAE,10,VAE8,6h,SI1,-0.0042018294334411,9
VAE,10,VAE8,6h,SI2,0.0190049409866333,9
VAE,10,VAE8,6h,SI3,0.0374770760536193,9
VAE,10,VAE8,6h,SI4,0.0131286978721618,9
VAE,10,VAE8,6h,SI5,-0.0134938210248947,9
VAE,10,VAE8,6h,SI6,-0.0367124080657959,9
VAE,10,VAE8,6h,SI7,-0.0264042019844055,9
VAE,10,VAE8,6h,SI8,-0.0278299450874328,9
VAE,10,VAE8,6h,SI9,-0.0130623579025268,9
VAE,10,VAE8,6h,ce,-0.0168052166700363,9
VAE,10,VAE8,6h,co,-0.0029008388519287,9
VAE,10,VAE8,12h,st,0.012633740901947,9
VAE,10,VAE8,12h,SI1,0.0081046819686889,9
VAE,10,VAE8,12h,SI2,0.0042883157730102,9
VAE,10,VAE8,12h,SI3,0.0135998725891113,9
VAE,10,VAE8,12h,SI4,-0.0032227486371994,9
VAE,10,VAE8,12h,SI5,-0.0252984166145324,9
VAE,10,VAE8,12h,SI6,-0.0325307846069335,9
VAE,10,VAE8,12h,SI7,-0.0183953046798706,9
VAE,10,VAE8,12h,SI8,-0.0144761800765991,9
VAE,10,VAE8,12h,SI9,-0.0218779444694519,9
VAE,10,VAE8,12h,ce,-0.0266644954681396,9
VAE,10,VAE8,12h,co,-0.0031584501266479,9
VAE,10,VAE8,24h,st,-0.0032912865281105,9
VAE,10,VAE8,24h,SI1,-0.013418897986412,9
VAE,10,VAE8,24h,SI2,-0.022852748632431,9
VAE,10,VAE8,24h,SI3,-0.0130359530448913,9
VAE,10,VAE8,24h,SI4,-0.0214979350566864,9
VAE,10,VAE8,24h,SI5,-0.0293678343296051,9
VAE,10,VAE8,24h,SI6,-0.0239247977733612,9
VAE,10,VAE8,24h,SI7,-0.0228505730628967,9
VAE,10,VAE8,24h,SI8,-0.0232417285442352,9
VAE,10,VAE8,24h,SI9,-0.0262382924556732,9
VAE,10,VAE8,24h,ce,-0.0094331204891204,9
VAE,10,VAE8,24h,co,-0.0230969488620758,9
weighted_CPVAE,10,CPVAE8,1h,st,0.0402744226157665,9
weighted_CPVAE,10,CPVAE8,1h,SI1,0.0119160655885934,9
weighted_CPVAE,10,CPVAE8,1h,SI2,-0.0197841729968786,9
weighted_CPVAE,10,CPVAE8,1h,SI3,-0.0123704932630062,9
weighted_CPVAE,10,CPVAE8,1h,SI4,-0.0490618832409381,9
weighted_CPVAE,10,CPVAE8,1h,SI5,-0.0629888921976089,9
weighted_CPVAE,10,CPVAE8,1h,SI6,-0.0773314833641052,9
weighted_CPVAE,10,CPVAE8,1h,SI7,-0.0815557241439819,9
weighted_CPVAE,10,CPVAE8,1h,SI8,-0.0784283876419067,9
weighted_CPVAE,10,CPVAE8,1h,SI9,-0.0719651132822036,9
weighted_CPVAE,10,CPVAE8,1h,ce,-0.0315610021352767,9
weighted_CPVAE,10,CPVAE8,1h,co,-0.003794981399551,9
weighted_CPVAE,10,CPVAE8,3h,st,0.0014033721527084,9
weighted_CPVAE,10,CPVAE8,3h,SI1,0.0004152182373218,9
weighted_CPVAE,10,CPVAE8,3h,SI2,-0.0006893844110891,9
weighted_CPVAE,10,CPVAE8,3h,SI3,-0.0004310528747737,9
weighted_CPVAE,10,CPVAE8,3h,SI4,-0.0017095733201131,9
weighted_CPVAE,10,CPVAE8,3h,SI5,-0.0021948632784187,9
weighted_CPVAE,10,CPVAE8,3h,SI6,-0.0026946344878524,9
weighted_CPVAE,10,CPVAE8,3h,SI7,-0.0028418293222784,9
weighted_CPVAE,10,CPVAE8,3h,SI8,-0.0027328564319759,9
weighted_CPVAE,10,CPVAE8,3h,SI9,-0.0025076421443372,9
weighted_CPVAE,10,CPVAE8,3h,ce,-0.0010997508652508,9
weighted_CPVAE,10,CPVAE8,3h,co,-0.0001322370662819,9
weighted_CPVAE,10,CPVAE8,6h,st,0.0144791984930634,9
weighted_CPVAE,10,CPVAE8,6h,SI1,0.0042839865200221,9
weighted_CPVAE,10,CPVAE8,6h,SI2,-0.0071126772090792,9
weighted_CPVAE,10,CPVAE8,6h,SI3,-0.0044473591260612,9
weighted_CPVAE,10,CPVAE8,6h,SI4,-0.0176384076476097,9
weighted_CPVAE,10,CPVAE8,6h,SI5,-0.0226453561335802,9
weighted_CPVAE,10,CPVAE8,6h,SI6,-0.0278017111122608,9
weighted_CPVAE,10,CPVAE8,6h,SI7,-0.0293203834444284,9
weighted_CPVAE,10,CPVAE8,6h,SI8,-0.0281960628926754,9
weighted_CPVAE,10,CPVAE8,6h,SI9,-0.0258724298328161,9
weighted_CPVAE,10,CPVAE8,6h,ce,-0.0113466056063771,9
weighted_CPVAE,10,CPVAE8,6h,co,-0.0013643470592796,9
weighted_CPVAE,10,CPVAE8,12h,st,0.0032366965897381,9
weighted_CPVAE,10,CPVAE8,12h,SI1,0.0009576472220942,9
weighted_CPVAE,10,CPVAE8,12h,SI2,-0.0015899760182946,9
weighted_CPVAE,10,CPVAE8,12h,SI3,-0.0009941677562892,9
weighted_CPVAE,10,CPVAE8,12h,SI4,-0.0039429101161658,9
weighted_CPVAE,10,CPVAE8,12h,SI5,-0.0050621684640645,9
weighted_CPVAE,10,CPVAE8,12h,SI6,-0.0062148263677954,9
weighted_CPVAE,10,CPVAE8,12h,SI7,-0.0065543120726943,9
weighted_CPVAE,10,CPVAE8,12h,SI8,-0.0063029797747731,9
weighted_CPVAE,10,CPVAE8,12h,SI9,-0.0057835527695715,9
weighted_CPVAE,10,CPVAE8,12h,ce,-0.0025364332832396,9
weighted_CPVAE,10,CPVAE8,12h,co,-0.0003049876831937,9
weighted_CPVAE,10,CPVAE8,24h,st,0.0131118968129158,9
weighted_CPVAE,10,CPVAE8,24h,SI1,0.0038794404827058,9
weighted_CPVAE,10,CPVAE8,24h,SI2,-0.0064410120248794,9
weighted_CPVAE,10,CPVAE8,24h,SI3,-0.0040273857302963,9
weighted_CPVAE,10,CPVAE8,24h,SI4,-0.015972776338458,9
weighted_CPVAE,10,CPVAE8,24h,SI5,-0.0205069053918123,9
weighted_CPVAE,10,CPVAE8,24h,SI6,-0.0251763369888067,9
weighted_CPVAE,10,CPVAE8,24h,SI7,-0.0265515968203544,9
weighted_CPVAE,10,CPVAE8,24h,SI8,-0.0255334470421075,9
weighted_CPVAE,10,CPVAE8,24h,SI9,-0.0234292410314083,9
weighted_CPVAE,10,CPVAE8,24h,ce,-0.0102751208469271,9
weighted_CPVAE,10,CPVAE8,24h,co,-0.0012355088256299,9
PCA,10,PC9,1h,st,-0.0231850380735366,9
PCA,10,PC9,1h,SI1,0.7576363991469013,9
PCA,10,PC9,1h,SI2,0.0569035451436595,9
PCA,10,PC9,1h,SI3,-0.418039410945708,9
PCA,10,PC9,1h,SI4,-0.5131510249015345,9
PCA,10,PC9,1h,SI5,-0.5546928051941951,9
PCA,10,PC9,1h,SI6,-0.5891371530215699,9
PCA,10,PC9,1h,SI7,-0.537696941233216,9
PCA,10,PC9,1h,SI8,-0.5078786211078725,9
PCA,10,PC9,1h,SI9,-0.3529591726485476,9
PCA,10,PC9,1h,ce,0.3389251818785581,9
PCA,10,PC9,1h,co,0.3585206485029893,9
PCA,10,PC9,3h,st,-0.1544015965910825,9
PCA,10,PC9,3h,SI1,1.0812726859882411,9
PCA,10,PC9,3h,SI2,0.6576973146663583,9
PCA,10,PC9,3h,SI3,1.7156287968126345,9
PCA,10,PC9,3h,SI4,0.6208753060649878,9
PCA,10,PC9,3h,SI5,0.9954614294167722,9
PCA,10,PC9,3h,SI6,0.1798091460169236,9
PCA,10,PC9,3h,SI7,0.3882202129036374,9
PCA,10,PC9,3h,SI8,0.1872712366469622,9
PCA,10,PC9,3h,SI9,-0.050946579064553,9
PCA,10,PC9,3h,ce,-0.5111579479354423,9
PCA,10,PC9,3h,co,-0.5802054176744668,9
PCA,10,PC9,6h,st,0.1655802096864192,9
PCA,10,PC9,6h,SI1,0.8226126742988301,9
PCA,10,PC9,6h,SI2,0.7981262271622098,9
PCA,10,PC9,6h,SI3,1.22524485057977,9
PCA,10,PC9,6h,SI4,0.9998728244682716,9
PCA,10,PC9,6h,SI5,0.4787343888293865,9
PCA,10,PC9,6h,SI6,-0.4641023503453086,9
PCA,10,PC9,6h,SI7,-0.5049400343717206,9
PCA,10,PC9,6h,SI8,-0.4226964803672497,9
PCA,10,PC9,6h,SI9,-0.5165095632994726,9
PCA,10,PC9,6h,ce,-0.1797204005937996,9
PCA,10,PC9,6h,co,-0.3151036119586086,9
PCA,10,PC9,12h,st,0.1636050961769735,9
PCA,10,PC9,12h,SI1,0.4177407581597274,9
PCA,10,PC9,12h,SI2,0.5721339034403479,9
PCA,10,PC9,12h,SI3,0.5309525308264447,9
PCA,10,PC9,12h,SI4,-0.0332833321328541,9
PCA,10,PC9,12h,SI5,-0.4189394158569214,9
PCA,10,PC9,12h,SI6,-0.6041662825383435,9
PCA,10,PC9,12h,SI7,-0.6428347104813641,9
PCA,10,PC9,12h,SI8,-0.4700624912987594,9
PCA,10,PC9,12h,SI9,-0.5583248812010364,9
PCA,10,PC9,12h,ce,-0.3821357253040384,9
PCA,10,PC9,12h,co,-0.4564923988001056,9
PCA,10,PC9,24h,st,0.1855490007327077,9
PCA,10,PC9,24h,SI1,0.1644112703195526,9
PCA,10,PC9,24h,SI2,-0.0355207798554792,9
PCA,10,PC9,24h,SI3,-0.0929036385042249,9
PCA,10,PC9,24h,SI4,-0.3053614266634332,9
PCA,10,PC9,24h,SI5,-0.3482303531918668,9
PCA,10,PC9,24h,SI6,-0.3969709835472331,9
PCA,10,PC9,24h,SI7,-0.4371604194759216,9
PCA,10,PC9,24h,SI8,-0.4563726826622495,9
PCA,10,PC9,24h,SI9,-0.3416117242213059,9
PCA,10,PC9,24h,ce,-0.3587461916423112,9
PCA,10,PC9,24h,co,-0.3271440511639352,9
CP,10,CP9,1h,st,0.0061716046431684,9
CP,10,CP9,1h,SI1,-0.0212124566351154,9
CP,10,CP9,1h,SI2,-0.0237553365135381,9
CP,10,CP9,1h,SI3,-0.0164814983110441,9
CP,10,CP9,1h,SI4,-0.0128117281898072,9
CP,10,CP9,1h,SI5,-0.0027017846808884,9
CP,10,CP9,1h,SI6,-0.0015836461373316,9
CP,10,CP9,1h,SI7,-0.0014017857748727,9
CP,10,CP9,1h,SI8,-0.0019672454780862,9
CP,10,CP9,1h,SI9,-0.0014409819635135,9
CP,10,CP9,1h,ce,-0.0021611275687332,9
CP,10,CP9,1h,co,-0.0007479418846576,9
CP,10,CP9,3h,st,0.1302907645647427,9
CP,10,CP9,3h,SI1,-0.4478231113434949,9
CP,10,CP9,3h,SI2,-0.5015066803197977,9
CP,10,CP9,3h,SI3,-0.3479463025058615,9
CP,10,CP9,3h,SI4,-0.2704725849691962,9
CP,10,CP9,3h,SI5,-0.0570382602443488,9
CP,10,CP9,3h,SI6,-0.0334328716699873,9
CP,10,CP9,3h,SI7,-0.029593558065377,9
CP,10,CP9,3h,SI8,-0.0415311628411119,9
CP,10,CP9,3h,SI9,-0.030421041626185,9
CP,10,CP9,3h,ce,-0.0456242710822183,9
CP,10,CP9,3h,co,-0.0157900458043607,9
CP,10,CP9,6h,st,-0.3537841815940958,9
CP,10,CP9,6h,SI1,1.215993577709441,9
CP,10,CP9,6h,SI2,1.3617629081664278,9
CP,10,CP9,6h,SI3,0.9447937333237412,9
CP,10,CP9,6h,SI4,0.7344259774407715,9
CP,10,CP9,6h,SI5,0.1548784696099526,9
CP,10,CP9,6h,SI6,0.0907817310123269,9
CP,10,CP9,6h,SI7,0.080356675744383,9
CP,10,CP9,6h,SI8,0.1127713733623289,9
CP,10,CP9,6h,SI9,0.0826035778584431,9
CP,10,CP9,6h,ce,0.123885568248616,9
CP,10,CP9,6h,co,0.0428753983514554,9
CP,10,CP9,12h,st,0.1893987184088178,9
CP,10,CP9,12h,SI1,-0.6509833881599553,9
CP,10,CP9,12h,SI2,-0.7290211462289145,9
CP,10,CP9,12h,SI3,-0.5057962779622065,9
CP,10,CP9,12h,SI4,-0.3931756876937396,9
CP,10,CP9,12h,SI5,-0.0829143449010938,9
CP,10,CP9,12h,SI6,-0.0486000912510999,9
CP,10,CP9,12h,SI7,-0.0430190273997063,9
CP,10,CP9,12h,SI8,-0.0603722684597944,9
CP,10,CP9,12h,SI9,-0.044221908712476,9
CP,10,CP9,12h,ce,-0.0663222639008673,9
CP,10,CP9,12h,co,-0.0229533877474207,9
CP,10,CP9,24h,st,0.0157840597555151,9
CP,10,CP9,24h,SI1,-0.0542514795500647,9
CP,10,CP9,24h,SI2,-0.0607549693671824,9
CP,10,CP9,24h,SI3,-0.0421519149788551,9
CP,10,CP9,24h,SI4,-0.0327663703382526,9
CP,10,CP9,24h,SI5,-0.0069098935066887,9
CP,10,CP9,24h,SI6,-0.0040502214105538,9
CP,10,CP9,24h,SI7,-0.0035851082035067,9
CP,10,CP9,24h,SI8,-0.0050312879672634,9
CP,10,CP9,24h,SI9,-0.0036853536047378,9
CP,10,CP9,24h,ce,-0.0055271470964905,9
CP,10,CP9,24h,co,-0.0019128832910831,9
VAE,10,VAE9,1h,st,-0.0402546674013137,9
VAE,10,VAE9,1h,SI1,0.0086920857429504,9
VAE,10,VAE9,1h,SI2,-0.0042188838124275,9
VAE,10,VAE9,1h,SI3,-0.0166630148887634,9
VAE,10,VAE9,1h,SI4,-0.0087359845638275,9
VAE,10,VAE9,1h,SI5,-0.0192215144634246,9
VAE,10,VAE9,1h,SI6,-0.0096334815025329,9
VAE,10,VAE9,1h,SI7,-0.0169516205787658,9
VAE,10,VAE9,1h,SI8,-0.0195688605308532,9
VAE,10,VAE9,1h,SI9,-0.021610140800476,9
VAE,10,VAE9,1h,ce,-0.0165212154388427,9
VAE,10,VAE9,1h,co,-0.0069534927606582,9
VAE,10,VAE9,3h,st,-0.026804506778717,9
VAE,10,VAE9,3h,SI1,-0.037302553653717,9
VAE,10,VAE9,3h,SI2,-0.0111013650894165,9
VAE,10,VAE9,3h,SI3,0.0056115388870239,9
VAE,10,VAE9,3h,SI4,0.0292279720306396,9
VAE,10,VAE9,3h,SI5,0.0407807826995849,9
VAE,10,VAE9,3h,SI6,0.0208110511302948,9
VAE,10,VAE9,3h,SI7,0.0202939808368682,9
VAE,10,VAE9,3h,SI8,0.0013816505670547,9
VAE,10,VAE9,3h,SI9,-0.0129251107573509,9
VAE,10,VAE9,3h,ce,-0.0163977742195129,9
VAE,10,VAE9,3h,co,-0.0210185348987579,9
VAE,10,VAE9,6h,st,-0.0493103861808776,9
VAE,10,VAE9,6h,SI1,-0.0251893401145935,9
VAE,10,VAE9,6h,SI2,0.0147644877433776,9
VAE,10,VAE9,6h,SI3,0.0374175310134887,9
VAE,10,VAE9,6h,SI4,0.0381146669387817,9
VAE,10,VAE9,6h,SI5,0.0395744144916534,9
VAE,10,VAE9,6h,SI6,0.0234983563423156,9
VAE,10,VAE9,6h,SI7,0.0144950151443481,9
VAE,10,VAE9,6h,SI8,0.0122440755367279,9
VAE,10,VAE9,6h,SI9,0.0069338679313659,9
VAE,10,VAE9,6h,ce,0.0395774617791175,9
VAE,10,VAE9,6h,co,0.0018312633037567,9
VAE,10,VAE9,12h,st,-0.0375950336456298,9
VAE,10,VAE9,12h,SI1,0.0124850273132324,9
VAE,10,VAE9,12h,SI2,0.0187424421310424,9
VAE,10,VAE9,12h,SI3,0.0153161287307739,9
VAE,10,VAE9,12h,SI4,0.0280969887971878,9
VAE,10,VAE9,12h,SI5,0.0168283879756927,9
VAE,10,VAE9,12h,SI6,0.0155706405639648,9
VAE,10,VAE9,12h,SI7,0.0133471488952636,9
VAE,10,VAE9,12h,SI8,0.0247068107128143,9
VAE,10,VAE9,12h,SI9,0.0045098960399627,9
VAE,10,VAE9,12h,ce,0.0170902907848358,9
VAE,10,VAE9,12h,co,0.007343590259552,9
VAE,10,VAE9,24h,st,0.00830739736557,9
VAE,10,VAE9,24h,SI1,0.0046795234084129,9
VAE,10,VAE9,24h,SI2,-0.0134538263082504,9
VAE,10,VAE9,24h,SI3,0.0004861801862716,9
VAE,10,VAE9,24h,SI4,-0.0083273947238922,9
VAE,10,VAE9,24h,SI5,-0.0056707262992858,9
VAE,10,VAE9,24h,SI6,0.0013265311717987,9
VAE,10,VAE9,24h,SI7,-0.0103335082530975,9
VAE,10,VAE9,24h,SI8,-0.0097160041332244,9
VAE,10,VAE9,24h,SI9,-0.0054925978183746,9
VAE,10,VAE9,24h,ce,-0.0108125209808349,9
VAE,10,VAE9,24h,co,0.003238558769226,9
weighted_CPVAE,10,CPVAE9,1h,st,0.0589862689375877,9
weighted_CPVAE,10,CPVAE9,1h,SI1,0.0146980658173561,9
weighted_CPVAE,10,CPVAE9,1h,SI2,0.0010590477613732,9
weighted_CPVAE,10,CPVAE9,1h,SI3,0.005401138216257,9
weighted_CPVAE,10,CPVAE9,1h,SI4,-0.0189134441316127,9
weighted_CPVAE,10,CPVAE9,1h,SI5,-0.0255270972847938,9
weighted_CPVAE,10,CPVAE9,1h,SI6,-0.0194030683487653,9
weighted_CPVAE,10,CPVAE9,1h,SI7,-0.0178149603307247,9
weighted_CPVAE,10,CPVAE9,1h,SI8,-0.0162842366844415,9
weighted_CPVAE,10,CPVAE9,1h,SI9,-0.0125598488375544,9
weighted_CPVAE,10,CPVAE9,1h,ce,-0.0473012663424015,9
weighted_CPVAE,10,CPVAE9,1h,co,-0.0092398654669523,9
weighted_CPVAE,10,CPVAE9,3h,st,0.026790902018547,9
weighted_CPVAE,10,CPVAE9,3h,SI1,0.0066756969317793,9
weighted_CPVAE,10,CPVAE9,3h,SI2,0.0004810076206922,9
weighted_CPVAE,10,CPVAE9,3h,SI3,0.0024531364906579,9
weighted_CPVAE,10,CPVAE9,3h,SI4,-0.008590274490416,9
weighted_CPVAE,10,CPVAE9,3h,SI5,-0.0115941213443875,9
weighted_CPVAE,10,CPVAE9,3h,SI6,-0.0088126566261053,9
weighted_CPVAE,10,CPVAE9,3h,SI7,-0.0080913547426462,9
weighted_CPVAE,10,CPVAE9,3h,SI8,-0.0073961177840828,9
weighted_CPVAE,10,CPVAE9,3h,SI9,-0.0057045426219701,9
weighted_CPVAE,10,CPVAE9,3h,ce,-0.0214837044477462,9
weighted_CPVAE,10,CPVAE9,3h,co,-0.0041966433636844,9
weighted_CPVAE,10,CPVAE9,6h,st,0.1408254355192184,9
weighted_CPVAE,10,CPVAE9,6h,SI1,0.0350905656814575,9
weighted_CPVAE,10,CPVAE9,6h,SI2,0.0025283994618803,9
weighted_CPVAE,10,CPVAE9,6h,SI3,0.012894825078547,9
weighted_CPVAE,10,CPVAE9,6h,SI4,-0.0451544746756553,9
weighted_CPVAE,10,CPVAE9,6h,SI5,-0.0609440915286541,9
weighted_CPVAE,10,CPVAE9,6h,SI6,-0.0463234186172485,9
weighted_CPVAE,10,CPVAE9,6h,SI7,-0.0425319224596023,9
weighted_CPVAE,10,CPVAE9,6h,SI8,-0.0388774313032627,9
weighted_CPVAE,10,CPVAE9,6h,SI9,-0.0299857277423143,9
weighted_CPVAE,10,CPVAE9,6h,ce,-0.1129283383488655,9
weighted_CPVAE,10,CPVAE9,6h,co,-0.0220595076680183,9
weighted_CPVAE,10,CPVAE9,12h,st,0.0638449192047119,9
weighted_CPVAE,10,CPVAE9,12h,SI1,0.0159087348729372,9
weighted_CPVAE,10,CPVAE9,12h,SI2,0.0011462806724011,9
weighted_CPVAE,10,CPVAE9,12h,SI3,0.0058460258878767,9
weighted_CPVAE,10,CPVAE9,12h,SI4,-0.0204713307321071,9
weighted_CPVAE,10,CPVAE9,12h,SI5,-0.0276297442615032,9
weighted_CPVAE,10,CPVAE9,12h,SI6,-0.0210012849420309,9
weighted_CPVAE,10,CPVAE9,12h,SI7,-0.0192823633551597,9
weighted_CPVAE,10,CPVAE9,12h,SI8,-0.0176255572587251,9
weighted_CPVAE,10,CPVAE9,12h,SI9,-0.0135943945497274,9
weighted_CPVAE,10,CPVAE9,12h,ce,-0.0511974357068538,9
weighted_CPVAE,10,CPVAE9,12h,co,-0.0100009460002183,9
weighted_CPVAE,10,CPVAE9,24h,st,-0.0145999761298298,9
weighted_CPVAE,10,CPVAE9,24h,SI1,-0.0036379892844706,9
weighted_CPVAE,10,CPVAE9,24h,SI2,-0.0002621300227474,9
weighted_CPVAE,10,CPVAE9,24h,SI3,-0.0013368618674576,9
weighted_CPVAE,10,CPVAE9,24h,SI4,0.0046813581138849,9
weighted_CPVAE,10,CPVAE9,24h,SI5,0.0063183354213833,9
weighted_CPVAE,10,CPVAE9,24h,SI6,0.0048025473952293,9
weighted_CPVAE,10,CPVAE9,24h,SI7,0.0044094668701291,9
weighted_CPVAE,10,CPVAE9,24h,SI8,0.0040305904112756,9
weighted_CPVAE,10,CPVAE9,24h,SI9,0.0031087489333003,9
weighted_CPVAE,10,CPVAE9,24h,ce,0.0117077650502324,9
weighted_CPVAE,10,CPVAE9,24h,co,0.002287003910169,9
