Model,Program,Component,Direction,Gene,Gene_display,Loading,Abs_loading,Driver_category
PCA,PCA1,1,Positive,N900_RS03450,cheR,4.0336201516516885,4.0336201516516885,Chemotaxis / motility regulators
PCA,PCA1,1,Positive,N900_RS04840,motV,3.9879764181391435,3.9879764181391435,Uncategorized
PCA,PCA1,1,Positive,N900_RS14650,Nicotinamide riboside transporter PnuC_BLAST,3.7351872591994857,3.7351872591994857,Transporters / nutrient uptake systems
PCA,PCA1,1,Positive,N900_RS04100,cheA2,3.725705108772308,3.725705108772308,Chemotaxis / motility regulators
PCA,PCA1,1,Positive,N900_RS04120,cheW1,3.721898091453247,3.721898091453247,Chemotaxis / motility regulators
PCA,PCA1,1,Positive,N900_RS08775,oppA,3.570903174739679,3.570903174739679,Transporters / nutrient uptake systems
PCA,PCA1,1,Positive,N900_RS14365,molybdopterin-dependent oxidoreductase,3.560556045897041,3.560556045897041,Metabolic bottleneck enzymes
PCA,PCA1,1,Positive,N900_RS17910,VC_A0882,3.534569937909798,3.534569937909798,Uncategorized
PCA,PCA1,1,Positive,N900_RS05270,acoR,3.53286277690876,3.53286277690876,Transcription factors / DNA-binding regulators
PCA,PCA1,1,Positive,N900_RS18450,VC_A0997,3.502026795662017,3.502026795662017,Uncategorized
PCA,PCA1,1,Negative,N900_RS03760,flrB,-8.060483915809789,8.060483915809789,Chemotaxis / motility regulators
PCA,PCA1,1,Negative,N900_RS13740,cap3_BLAST,-7.976760341300588,7.976760341300588,Uncategorized
PCA,PCA1,1,Negative,N900_RS09185,motY,-7.851774785897297,7.851774785897297,Chemotaxis / motility regulators
PCA,PCA1,1,Negative,N900_RS09745,pomA,-7.723419097848779,7.723419097848779,Uncategorized
PCA,PCA1,1,Negative,N900_RS18745,ribB,-7.54882539766876,7.54882539766876,Metabolic bottleneck enzymes
PCA,PCA1,1,Negative,N900_RS03470,flgE,-7.535180866856178,7.535180866856178,Uncategorized
PCA,PCA1,1,Negative,N900_RS03785,fliH,-7.431850482619817,7.431850482619817,Uncategorized
PCA,PCA1,1,Negative,N900_RS09740,motb,-7.422886770716859,7.422886770716859,Chemotaxis / motility regulators
PCA,PCA1,1,Negative,N900_RS03500,flgK,-7.421552085842495,7.421552085842495,Uncategorized
PCA,PCA1,1,Negative,N900_RS13765,vspR,-7.381959872382984,7.381959872382984,Uncategorized
PCA,PCA2,2,Positive,N900_RS05745,mukB,5.877222865361476,5.877222865361476,Uncategorized
PCA,PCA2,2,Positive,N900_RS13300,purH,5.2421353413553735,5.2421353413553735,Uncategorized
PCA,PCA2,2,Positive,N900_RS10020,tcpS,5.104683534067787,5.104683534067787,Virulence master regulators / virulence structural genes
PCA,PCA2,2,Positive,N900_RS15715,VC_A0293,4.954197627389668,4.954197627389668,Uncategorized
PCA,PCA2,2,Positive,N900_RS01865,rpoN,4.881889175551079,4.881889175551079,Transcription factors / DNA-binding regulators
PCA,PCA2,2,Positive,N900_RS10000,toxT,4.780649797278892,4.780649797278892,Virulence master regulators / virulence structural genes
PCA,PCA2,2,Positive,N900_RS09205,purF,4.765394382819014,4.765394382819014,Uncategorized
PCA,PCA2,2,Positive,N900_RS19270,tcpR,4.759282505534735,4.759282505534735,Virulence master regulators / virulence structural genes
PCA,PCA2,2,Positive,N900_RS00255,purE,4.745833225440771,4.745833225440771,Uncategorized
PCA,PCA2,2,Positive,N900_RS09545,VC_0931,4.737178484646542,4.737178484646542,Envelope / LPS / O-antigen genes
PCA,PCA2,2,Negative,N900_RS11160,brxL,-4.1683764663562926,4.1683764663562926,Uncategorized
PCA,PCA2,2,Negative,N900_RS10885,flhD,-4.156398702033664,4.156398702033664,Uncategorized
PCA,PCA2,2,Negative,N900_RS11050,trau,-4.145911769079321,4.145911769079321,Uncategorized
PCA,PCA2,2,Negative,N900_RS14860,pepT,-4.0984582815918635,4.0984582815918635,Uncategorized
PCA,PCA2,2,Negative,N900_RS10705,anmK,-3.968832361802121,3.968832361802121,Metabolic bottleneck enzymes
PCA,PCA2,2,Negative,N900_RS19185,VC_0874,-3.9378362746292415,3.9378362746292415,Uncategorized
PCA,PCA2,2,Negative,N900_RS16445,VC0395_0503_BLAST,-3.9115355147188136,3.9115355147188136,Uncategorized
PCA,PCA2,2,Negative,N900_RS10990,cobS,-3.9095564963533103,3.9095564963533103,Uncategorized
PCA,PCA2,2,Negative,N900_RS10930,XRE family transcriptional regulator_7,-3.863193418927225,3.863193418927225,Transcription factors / DNA-binding regulators
PCA,PCA2,2,Negative,N900_RS04445,sppA,-3.835096967224699,3.835096967224699,Uncategorized
PCA,PCA3,3,Positive,N900_RS15500,VC_A0322,5.773580115459733,5.773580115459733,Uncategorized
PCA,PCA3,3,Positive,N900_RS18445,vcaM,5.611297981441148,5.611297981441148,Uncategorized
PCA,PCA3,3,Positive,N900_RS16275,tata,5.505100882708694,5.505100882708694,Uncategorized
PCA,PCA3,3,Positive,N900_RS11735,sspB,5.318645699554295,5.318645699554295,Uncategorized
PCA,PCA3,3,Positive,N900_RS03430,flgN,5.2490511032363765,5.2490511032363765,Stress-response regulators
PCA,PCA3,3,Positive,N900_RS06650,VC_1531,5.1521945887068545,5.1521945887068545,Uncategorized
PCA,PCA3,3,Positive,N900_RS10195,citE,5.034624785896005,5.034624785896005,Uncategorized
PCA,PCA3,3,Positive,N900_RS12285,VC_0457,4.970509824890255,4.970509824890255,Uncategorized
PCA,PCA3,3,Positive,N900_RS12700,assimilatory sulfite reductase (NADPH) flavoprotein subunit,4.888795214966678,4.888795214966678,Metabolic bottleneck enzymes
PCA,PCA3,3,Positive,N900_RS16620,rnk,4.875585211461445,4.875585211461445,Metabolic bottleneck enzymes
PCA,PCA3,3,Negative,N900_RS12480,rraB,-3.7495188901518275,3.7495188901518275,Uncategorized
PCA,PCA3,3,Negative,N900_RS02440,recJ,-3.72097003135881,3.72097003135881,Uncategorized
PCA,PCA3,3,Negative,N900_RS02115,long-chain fatty acid--CoA ligase,-3.676088143483055,3.676088143483055,Metabolic bottleneck enzymes
PCA,PCA3,3,Negative,N900_RS18695,VC_A1050,-3.5162662479089244,3.5162662479089244,Uncategorized
PCA,PCA3,3,Negative,N900_RS09090,moaD,-3.4259664415344213,3.4259664415344213,Uncategorized
PCA,PCA3,3,Negative,N900_RS06280,VC_1606,-3.419561324819652,3.419561324819652,Secretion systems / interbacterial competition genes
PCA,PCA3,3,Negative,N900_RS18620,VC_A1035,-3.3934184703124983,3.3934184703124983,Uncategorized
PCA,PCA3,3,Negative,N900_RS06680,btuD_1,-3.3445737126263055,3.3445737126263055,Transporters / nutrient uptake systems
PCA,PCA3,3,Negative,N900_RS08470,DNA transformation protein,-3.340898522123597,3.340898522123597,Uncategorized
PCA,PCA3,3,Negative,N900_RS05085,prepilin peptidase_2,-3.3212968687779885,3.3212968687779885,Uncategorized
PCA,PCA4,4,Positive,N900_RS09930,recN,3.6217687200320583,3.6217687200320583,Uncategorized
PCA,PCA4,4,Positive,N900_RS12500,VC_0420,3.53869013983197,3.53869013983197,Uncategorized
PCA,PCA4,4,Positive,N900_RS08645,"transcriptional regulator, putative",3.449637860246302,3.449637860246302,Transcription factors / DNA-binding regulators
PCA,PCA4,4,Positive,N900_RS19965,Pseudogene_N900_RS19965,3.425117891722131,3.425117891722131,Metabolic bottleneck enzymes
PCA,PCA4,4,Positive,N900_RS01235,VC_2662,3.4170801459258087,3.4170801459258087,Uncategorized
PCA,PCA4,4,Positive,N900_RS12280,VC_0458_BLAST,3.416357281506153,3.416357281506153,Uncategorized
PCA,PCA4,4,Positive,N900_RS00165,dsba,3.41518036001989,3.41518036001989,Uncategorized
PCA,PCA4,4,Positive,N900_RS08705,dusC,3.410989135519663,3.410989135519663,Uncategorized
PCA,PCA4,4,Positive,N900_RS07770,sdaA_1,3.372084983978514,3.372084983978514,Metabolic bottleneck enzymes
PCA,PCA4,4,Positive,N900_RS13420,wbeK,3.330656452036891,3.330656452036891,Uncategorized
PCA,PCA4,4,Negative,N900_RS19435,VC_A0325,-4.985717687701125,4.985717687701125,Uncategorized
PCA,PCA4,4,Negative,N900_RS04895,hinT,-4.8258110158602,4.8258110158602,Uncategorized
PCA,PCA4,4,Negative,N900_RS11325,VC_1785,-4.587157333577724,4.587157333577724,Uncategorized
PCA,PCA4,4,Negative,N900_RS11710,rsmI,-4.55698291382361,4.55698291382361,Uncategorized
PCA,PCA4,4,Negative,N900_RS18055,TonB_2,-4.509459107923424,4.509459107923424,Transporters / nutrient uptake systems
PCA,PCA4,4,Negative,N900_RS06610,CPXCG motif-containing cysteine-rich protein,-4.387876848570722,4.387876848570722,Uncategorized
PCA,PCA4,4,Negative,N900_RS09250,nagA_1,-4.216314789081939,4.216314789081939,Uncategorized
PCA,PCA4,4,Negative,N900_RS11605,amtB,-4.083636105916355,4.083636105916355,Transporters / nutrient uptake systems
PCA,PCA4,4,Negative,N900_RS18370,VC_A0980,-4.082841446014946,4.082841446014946,Uncategorized
PCA,PCA4,4,Negative,N900_RS14150,chiA,-4.07297012204425,4.07297012204425,Uncategorized
PCA,PCA5,5,Positive,N900_RS01885,kdsC,4.6098471681780975,4.6098471681780975,Uncategorized
PCA,PCA5,5,Positive,N900_RS14675,VC_A0139,4.526460753198716,4.526460753198716,Uncategorized
PCA,PCA5,5,Positive,N900_RS07705,methyl-accepting chemotaxis protein_14,4.370407672304604,4.370407672304604,Chemotaxis / motility regulators
PCA,PCA5,5,Positive,N900_RS18705,VC_A1052,4.20573118650037,4.20573118650037,Uncategorized
PCA,PCA5,5,Positive,N900_RS14260,VC_A0052,4.122255448046739,4.122255448046739,Uncategorized
PCA,PCA5,5,Positive,N900_RS03240,rnhB,4.038700619862062,4.038700619862062,Uncategorized
PCA,PCA5,5,Positive,N900_RS01100,cpxR,4.01476962592782,4.01476962592782,Response regulators
PCA,PCA5,5,Positive,N900_RS05455,siaQ,4.008178976351548,4.008178976351548,Transporters / nutrient uptake systems
PCA,PCA5,5,Positive,N900_RS15910,VC_A0452,3.9314875794126003,3.9314875794126003,Uncategorized
PCA,PCA5,5,Positive,N900_RS00540,ypeA_1,3.8900879754139637,3.8900879754139637,Metabolic bottleneck enzymes
PCA,PCA5,5,Negative,N900_RS18125,AraC family transcriptional regulator_4,-4.397305287290312,4.397305287290312,Transcription factors / DNA-binding regulators
PCA,PCA5,5,Negative,N900_RS04180,fabG_1,-4.067503315596792,4.067503315596792,Metabolic bottleneck enzymes
PCA,PCA5,5,Negative,N900_RS03395,Fe3+-citrate ABC transporter substrate-binding protein,-4.061904685126784,4.061904685126784,Transporters / nutrient uptake systems
PCA,PCA5,5,Negative,N900_RS05775,VC_1708,-3.955200910321757,3.955200910321757,Uncategorized
PCA,PCA5,5,Negative,N900_RS09075,inosine monophosphate dehydrogenase-related protein,-3.824622246049179,3.824622246049179,Metabolic bottleneck enzymes
PCA,PCA5,5,Negative,N900_RS04620,VC_1957_BLAST,-3.7730531632255313,3.7730531632255313,Uncategorized
PCA,PCA5,5,Negative,N900_RS18930,ABC transporter ATP-binding protein_4,-3.5846109240798545,3.5846109240798545,Transporters / nutrient uptake systems
PCA,PCA5,5,Negative,N900_RS12840,fkpA,-3.5786067601277587,3.5786067601277587,Uncategorized
PCA,PCA5,5,Negative,N900_RS12150,oxidative stress defense protein,-3.544969184762021,3.544969184762021,Stress-response regulators
PCA,PCA5,5,Negative,N900_RS18140,rlmC,-3.527085527549313,3.527085527549313,Uncategorized
PCA,PCA6,6,Positive,N900_RS01325,argH,4.881633872979391,4.881633872979391,Uncategorized
PCA,PCA6,6,Positive,N900_RS00650,VC_0131,4.870443670296415,4.870443670296415,Metabolic bottleneck enzymes
PCA,PCA6,6,Positive,N900_RS09100,moaB,4.747154048828866,4.747154048828866,Uncategorized
PCA,PCA6,6,Positive,N900_RS06265,ABC transporter permease_4,4.685305208796842,4.685305208796842,Transporters / nutrient uptake systems
PCA,PCA6,6,Positive,N900_RS13340,VC_0268,4.680425568819357,4.680425568819357,Transcription factors / DNA-binding regulators
PCA,PCA6,6,Positive,N900_RS05340,IclR family transcriptional regulator,4.667656271938467,4.667656271938467,Transcription factors / DNA-binding regulators
PCA,PCA6,6,Positive,N900_RS11625,VC_0603,4.638024592261565,4.638024592261565,Uncategorized
PCA,PCA6,6,Positive,N900_RS06225,LysR family transcriptional regulator_5,4.566734567197561,4.566734567197561,Transcription factors / DNA-binding regulators
PCA,PCA6,6,Positive,N900_RS06510,katG,4.55816533265385,4.55816533265385,Stress-response regulators
PCA,PCA6,6,Positive,N900_RS16750,antibiotic biosynthesis monooxygenase,4.285161646709401,4.285161646709401,Uncategorized
PCA,PCA6,6,Negative,N900_RS11295,umuC,-3.5570612113354927,3.5570612113354927,Uncategorized
PCA,PCA6,6,Negative,N900_RS12870,hflX,-3.51393161450507,3.51393161450507,Uncategorized
PCA,PCA6,6,Negative,N900_RS05790,metE,-3.5124229180199555,3.5124229180199555,Uncategorized
PCA,PCA6,6,Negative,N900_RS07210,VC_1420,-3.33150406317108,3.33150406317108,Uncategorized
PCA,PCA6,6,Negative,N900_RS09555,VC_0929,-3.3153183733253138,3.3153183733253138,Uncategorized
PCA,PCA6,6,Negative,N900_RS07080,rcsC_3,-3.3109578168860057,3.3109578168860057,Response regulators
PCA,PCA6,6,Negative,N900_RS07190,chromosome segregation ATPase_1,-3.2965711796478305,3.2965711796478305,Uncategorized
PCA,PCA6,6,Negative,N900_RS19860,VC_0621,-3.2593082658925563,3.2593082658925563,Uncategorized
PCA,PCA6,6,Negative,N900_RS05890,sapF,-3.193296999219298,3.193296999219298,Uncategorized
PCA,PCA6,6,Negative,N900_RS06805,ABC transporter ATP-binding protein_2,-3.1746221535396564,3.1746221535396564,Transporters / nutrient uptake systems
PCA,PCA7,7,Positive,N900_RS00730,ftsE,5.211085611002515,5.211085611002515,Uncategorized
PCA,PCA7,7,Positive,N900_RS14405,soxR,4.935282883483913,4.935282883483913,Stress-response regulators
PCA,PCA7,7,Positive,N900_RS01530,rlmB,4.199512598256245,4.199512598256245,Uncategorized
PCA,PCA7,7,Positive,N900_RS16675,sseA,4.104961256851799,4.104961256851799,Uncategorized
PCA,PCA7,7,Positive,N900_RS12730,zur,4.003213523992234,4.003213523992234,Transcription factors / DNA-binding regulators
PCA,PCA7,7,Positive,N900_RS11070,traC,3.9678594560248577,3.9678594560248577,Uncategorized
PCA,PCA7,7,Positive,N900_RS06865,uup,3.9230007224770747,3.9230007224770747,Transporters / nutrient uptake systems
PCA,PCA7,7,Positive,N900_RS17005,VC_A0689,3.878476832530568,3.878476832530568,Uncategorized
PCA,PCA7,7,Positive,N900_RS09650,treC,3.845655380906271,3.845655380906271,Uncategorized
PCA,PCA7,7,Positive,N900_RS18815,PAS domain S-box protein_2,3.842777927090154,3.842777927090154,Transcription factors / DNA-binding regulators
PCA,PCA7,7,Negative,N900_RS19030,VC_0729,-4.21189267553746,4.21189267553746,Uncategorized
PCA,PCA7,7,Negative,N900_RS16790,cdr,-4.036283504232635,4.036283504232635,Metabolic bottleneck enzymes
PCA,PCA7,7,Negative,N900_RS12030,plsY,-3.8247952118080413,3.8247952118080413,Uncategorized
PCA,PCA7,7,Negative,N900_RS16120,glutathione S-transferase,-3.767003838004383,3.767003838004383,Metabolic bottleneck enzymes
PCA,PCA7,7,Negative,N900_RS12725,dusA,-3.631411607209584,3.631411607209584,Uncategorized
PCA,PCA7,7,Negative,N900_RS09305,selenoprotein W-related protein,-3.5908543448199293,3.5908543448199293,Uncategorized
PCA,PCA7,7,Negative,N900_RS18130,yhaI,-3.5825669110688363,3.5825669110688363,Uncategorized
PCA,PCA7,7,Negative,N900_RS16965,VC_A0681_BLAST,-3.556195841036698,3.556195841036698,Biofilm / matrix regulators
PCA,PCA7,7,Negative,N900_RS06770,aroH,-3.549988888061084,3.549988888061084,Metabolic bottleneck enzymes
PCA,PCA7,7,Negative,N900_RS16850,aminoimidazole riboside kinase,-3.465542277804788,3.465542277804788,Metabolic bottleneck enzymes
PCA,PCA8,8,Positive,N900_RS15480,blc_1,4.690562900730824,4.690562900730824,Uncategorized
PCA,PCA8,8,Positive,N900_RS18350,VC_A0976,4.260336414493963,4.260336414493963,Uncategorized
PCA,PCA8,8,Positive,N900_RS17305,lipase,4.2526860295637325,4.2526860295637325,Uncategorized
PCA,PCA8,8,Positive,N900_RS10695,yehT_1,4.208351052857656,4.208351052857656,Uncategorized
PCA,PCA8,8,Positive,N900_RS08300,VC_1189,3.8789470940138924,3.8789470940138924,Uncategorized
PCA,PCA8,8,Positive,N900_RS02700,thrB,3.8509468736143195,3.8509468736143195,Uncategorized
PCA,PCA8,8,Positive,N900_RS19565,VC_A0423,3.756042325378523,3.756042325378523,Uncategorized
PCA,PCA8,8,Positive,N900_RS10895,eexS,3.7411843317012403,3.7411843317012403,Uncategorized
PCA,PCA8,8,Positive,N900_RS09835,VC_0872_BLAST,3.6005145765667734,3.6005145765667734,Uncategorized
PCA,PCA8,8,Positive,N900_RS15040,hlyA,3.580176054791036,3.580176054791036,Secretion systems / interbacterial competition genes
PCA,PCA8,8,Negative,N900_RS13930,trkh,-3.9892434852747694,3.9892434852747694,Transporters / nutrient uptake systems
PCA,PCA8,8,Negative,N900_RS07340,cry2,-3.8920322789095274,3.8920322789095274,Metabolic bottleneck enzymes
PCA,PCA8,8,Negative,N900_RS00695,VC_0142,-3.5678818300640276,3.5678818300640276,Uncategorized
PCA,PCA8,8,Negative,N900_RS13245,ygbN,-3.5489267806006572,3.5489267806006572,Transporters / nutrient uptake systems
PCA,PCA8,8,Negative,N900_RS12020,folK_1,-3.4981457431094425,3.4981457431094425,Uncategorized
PCA,PCA8,8,Negative,N900_RS17320,fabH2,-3.43800040950012,3.43800040950012,Metabolic bottleneck enzymes
PCA,PCA8,8,Negative,N900_RS19060,VC_0729,-3.4032030490463807,3.4032030490463807,Uncategorized
PCA,PCA8,8,Negative,N900_RS10205,citC,-3.38484559861186,3.38484559861186,Uncategorized
PCA,PCA8,8,Negative,N900_RS15545,OsmC family peroxiredoxin,-3.3479974754875514,3.3479974754875514,Uncategorized
PCA,PCA8,8,Negative,N900_RS08460,response regulator_3,-3.323206118014676,3.323206118014676,Response regulators
CP,CP1,1,Positive,N900_RS04090,cheY3,7.224942405282474,7.224942405282474,Uncategorized
CP,CP1,1,Positive,N900_RS17515,"resolvase, putative",7.160912785238834,7.160912785238834,Uncategorized
CP,CP1,1,Positive,N900_RS04100,cheA2,7.095363956301603,7.095363956301603,Chemotaxis / motility regulators
CP,CP1,1,Positive,N900_RS03150,pgpA,6.880502500044664,6.880502500044664,Uncategorized
CP,CP1,1,Positive,N900_RS09520,vpsO,6.870268767101909,6.870268767101909,Biofilm / matrix regulators
CP,CP1,1,Positive,N900_RS00905,gspF,6.842033524912718,6.842033524912718,Uncategorized
CP,CP1,1,Positive,N900_RS02135,rpiA,6.840212823565336,6.840212823565336,Uncategorized
CP,CP1,1,Positive,N900_RS03585,prmC,6.84020527376637,6.84020527376637,Uncategorized
CP,CP1,1,Positive,N900_RS03135,ribE_2,6.834361898774918,6.834361898774918,Uncategorized
CP,CP1,1,Positive,N900_RS11430,secG,6.821259598249686,6.821259598249686,Uncategorized
CP,CP1,1,Negative,N900_RS03470,flgE,-5.149875258483615,5.149875258483615,Uncategorized
CP,CP1,1,Negative,N900_RS18745,ribB,-4.454771257601913,4.454771257601913,Metabolic bottleneck enzymes
CP,CP1,1,Negative,N900_RS06440,VCM66_1516_BLAST,-4.163434181436948,4.163434181436948,Metabolic bottleneck enzymes
CP,CP1,1,Negative,N900_RS03500,flgK,-4.134556401806681,4.134556401806681,Uncategorized
CP,CP1,1,Negative,N900_RS13740,cap3_BLAST,-4.079710343891976,4.079710343891976,Uncategorized
CP,CP1,1,Negative,N900_RS13765,vspR,-3.7698791549161332,3.7698791549161332,Uncategorized
CP,CP1,1,Negative,N900_RS03455,flgB,-3.5931841334841357,3.5931841334841357,Uncategorized
CP,CP1,1,Negative,N900_RS16290,VC_A0536,-3.4402460733672973,3.4402460733672973,Uncategorized
CP,CP1,1,Negative,N900_RS16455,VC_A0571,-3.380386852577295,3.380386852577295,Uncategorized
CP,CP1,1,Negative,N900_RS17340,artI_1,-3.364221188280918,3.364221188280918,Transporters / nutrient uptake systems
CP,CP2,2,Positive,N900_RS02750,nupc,4.227852433538106,4.227852433538106,Transporters / nutrient uptake systems
CP,CP2,2,Positive,N900_RS08560,hisB,4.161336300081878,4.161336300081878,Uncategorized
CP,CP2,2,Positive,N900_RS08820,response regulator,4.0942832932881075,4.0942832932881075,Response regulators
CP,CP2,2,Positive,N900_RS10565,rdgC,4.05977667939478,4.05977667939478,Uncategorized
CP,CP2,2,Positive,N900_RS18680,MltR family transcriptional regulator,4.04050628783252,4.04050628783252,Transcription factors / DNA-binding regulators
CP,CP2,2,Positive,N900_RS13550,mutM,4.023042944916454,4.023042944916454,Uncategorized
CP,CP2,2,Positive,N900_RS14570,tagO,3.9650006118428913,3.9650006118428913,Uncategorized
CP,CP2,2,Positive,N900_RS08875,gap3,3.9525982441569436,3.9525982441569436,Metabolic bottleneck enzymes
CP,CP2,2,Positive,N900_RS08700,prepilin peptidase_1,3.940823811276545,3.940823811276545,Uncategorized
CP,CP2,2,Positive,N900_RS11690,bicA,3.9368983055471207,3.9368983055471207,Transporters / nutrient uptake systems
CP,CP2,2,Negative,N900_RS14760,VC_A0158,-1.9072003795109622,1.9072003795109622,Uncategorized
CP,CP2,2,Negative,N900_RS19305,malK,-1.4791489124721118,1.4791489124721118,Uncategorized
CP,CP2,2,Negative,N900_RS16455,VC_A0571,-1.2634083865370072,1.2634083865370072,Uncategorized
CP,CP2,2,Negative,N900_RS11625,VC_0603,-1.2210770920613039,1.2210770920613039,Uncategorized
CP,CP2,2,Negative,N900_RS17845,VC_A0868,-1.1463404419773884,1.1463404419773884,Uncategorized
CP,CP2,2,Negative,N900_RS19250,VC_0729,-1.1435421833187447,1.1435421833187447,Uncategorized
CP,CP2,2,Negative,N900_RS03760,flrB,-1.1428538358010385,1.1428538358010385,Chemotaxis / motility regulators
CP,CP2,2,Negative,N900_RS09745,pomA,-1.0375632098224388,1.0375632098224388,Uncategorized
CP,CP2,2,Negative,N900_RS09325,YbbN,-0.9383746146635296,0.9383746146635296,Stress-response regulators
CP,CP2,2,Negative,N900_RS06440,VCM66_1516_BLAST,-0.8921742919342656,0.8921742919342656,Metabolic bottleneck enzymes
CP,CP3,3,Positive,N900_RS10195,citE,2.891035938335566,2.891035938335566,Uncategorized
CP,CP3,3,Positive,N900_RS12285,VC_0457,2.7782249247113673,2.7782249247113673,Uncategorized
CP,CP3,3,Positive,N900_RS08150,VC_1216,2.704968112641455,2.704968112641455,Biofilm / matrix regulators
CP,CP3,3,Positive,N900_RS06650,VC_1531,2.688131730329219,2.688131730329219,Uncategorized
CP,CP3,3,Positive,N900_RS03430,flgN,2.655359305254175,2.655359305254175,Stress-response regulators
CP,CP3,3,Positive,N900_RS16775,Probable transporter XF_0766_BLAST,2.613070222787092,2.613070222787092,Transporters / nutrient uptake systems
CP,CP3,3,Positive,N900_RS11735,sspB,2.581613629754325,2.581613629754325,Uncategorized
CP,CP3,3,Positive,N900_RS00570,VC_0115,2.481626009914926,2.481626009914926,Uncategorized
CP,CP3,3,Positive,N900_RS18040,hutZ,2.471912143919724,2.471912143919724,Uncategorized
CP,CP3,3,Positive,N900_RS15335,type VI secretion system PAAR protein_1,2.273751303669558,2.273751303669558,Secretion systems / interbacterial competition genes
CP,CP3,3,Negative,N900_RS10885,flhD,-4.332775366807513,4.332775366807513,Uncategorized
CP,CP3,3,Negative,N900_RS10495,malate synthase A,-4.284763571080116,4.284763571080116,Metabolic bottleneck enzymes
CP,CP3,3,Negative,N900_RS12655,nhaP,-4.257384408230364,4.257384408230364,Transporters / nutrient uptake systems
CP,CP3,3,Negative,N900_RS16375,VC_A0556,-4.195588326853051,4.195588326853051,Uncategorized
CP,CP3,3,Negative,N900_RS12985,TetR/AcrR family transcriptional regulator_1,-4.166940142921182,4.166940142921182,Transcription factors / DNA-binding regulators
CP,CP3,3,Negative,N900_RS06615,VC_1539_BLAST,-4.103783352029574,4.103783352029574,Metabolic bottleneck enzymes
CP,CP3,3,Negative,N900_RS13730,VC_0183,-4.061509477734232,4.061509477734232,Uncategorized
CP,CP3,3,Negative,N900_RS16265,kdpd,-3.998446385923993,3.998446385923993,Sensor histidine kinases
CP,CP3,3,Negative,N900_RS18595,VC_A1030,-3.9606051053817546,3.9606051053817546,Uncategorized
CP,CP3,3,Negative,N900_RS11160,brxL,-3.9499683682163185,3.9499683682163185,Uncategorized
CP,CP4,4,Positive,N900_RS06610,CPXCG motif-containing cysteine-rich protein,2.504955956243647,2.504955956243647,Uncategorized
CP,CP4,4,Positive,N900_RS11325,VC_1785,2.198025041397638,2.198025041397638,Uncategorized
CP,CP4,4,Positive,N900_RS11625,VC_0603,2.190413475451131,2.190413475451131,Uncategorized
CP,CP4,4,Positive,N900_RS18055,TonB_2,2.1121339717020744,2.1121339717020744,Transporters / nutrient uptake systems
CP,CP4,4,Positive,N900_RS11710,rsmI,2.034644002234545,2.034644002234545,Uncategorized
CP,CP4,4,Positive,N900_RS04895,hinT,1.952023885876732,1.952023885876732,Uncategorized
CP,CP4,4,Positive,N900_RS20000,Pseudogene_N900_RS20000,1.8807805145537364,1.8807805145537364,Uncategorized
CP,CP4,4,Positive,N900_RS19305,malK,1.8783379796200086,1.8783379796200086,Uncategorized
CP,CP4,4,Positive,N900_RS04105,cheB2,1.8282149589973482,1.8282149589973482,Chemotaxis / motility regulators
CP,CP4,4,Positive,N900_RS12315,yggX,1.8229416585214562,1.8229416585214562,Stress-response regulators
CP,CP4,4,Negative,N900_RS14350,pstA_2,-4.102904480444889,4.102904480444889,Uncategorized
CP,CP4,4,Negative,N900_RS13305,purD,-4.09467447036065,4.09467447036065,Uncategorized
CP,CP4,4,Negative,N900_RS04070,flhA,-3.96406253343851,3.96406253343851,Uncategorized
CP,CP4,4,Negative,N900_RS09205,purF,-3.915140270845862,3.915140270845862,Uncategorized
CP,CP4,4,Negative,N900_RS03420,flgO,-3.8654793465243724,3.8654793465243724,Envelope / LPS / O-antigen genes
CP,CP4,4,Negative,N900_RS10045,tcpB,-3.8044650664104664,3.8044650664104664,Virulence master regulators / virulence structural genes
CP,CP4,4,Negative,N900_RS00255,purE,-3.7614388258712244,3.7614388258712244,Uncategorized
CP,CP4,4,Negative,N900_RS03425,flgP,-3.726289975181069,3.726289975181069,Uncategorized
CP,CP4,4,Negative,N900_RS09995,tcpJ,-3.7146975845138357,3.7146975845138357,Virulence master regulators / virulence structural genes
CP,CP4,4,Negative,N900_RS00525,VC_0101,-3.6846019791494564,3.6846019791494564,Uncategorized
CP,CP5,5,Positive,N900_RS06000,VC_1662,1.7754252356768514,1.7754252356768514,Uncategorized
CP,CP5,5,Positive,N900_RS15440,HNH endonuclease_1,1.6039415517011801,1.6039415517011801,Uncategorized
CP,CP5,5,Positive,N900_RS14100,hcp-2_D2,1.5665586063627335,1.5665586063627335,Secretion systems / interbacterial competition genes
CP,CP5,5,Positive,N900_RS05455,siaQ,1.4396510062062373,1.4396510062062373,Transporters / nutrient uptake systems
CP,CP5,5,Positive,N900_RS17205,VC_A0733,1.3925307679333436,1.3925307679333436,Uncategorized
CP,CP5,5,Positive,N900_RS00460,tatC,1.3847808207268608,1.3847808207268608,Uncategorized
CP,CP5,5,Positive,N900_RS01100,cpxR,1.377869965772816,1.377869965772816,Response regulators
CP,CP5,5,Positive,N900_RS10925,luxP,1.3637420374030345,1.3637420374030345,Uncategorized
CP,CP5,5,Positive,N900_RS06360,VC_1593,1.3566017804957844,1.3566017804957844,Uncategorized
CP,CP5,5,Positive,N900_RS14220,gltS,1.3502768815934274,1.3502768815934274,Uncategorized
CP,CP5,5,Negative,N900_RS01805,mpl,-3.050683311206506,3.050683311206506,Uncategorized
CP,CP5,5,Negative,N900_RS12715,TIGR04219 family outer membrane beta-barrel protein,-2.99492684781744,2.99492684781744,Envelope / LPS / O-antigen genes
CP,CP5,5,Negative,N900_RS18525,nhad,-2.93095193412724,2.93095193412724,Transporters / nutrient uptake systems
CP,CP5,5,Negative,N900_RS03970,sdhC,-2.7922798230003214,2.7922798230003214,Uncategorized
CP,CP5,5,Negative,N900_RS07230,tssI_1,-2.6953457857483123,2.6953457857483123,Secretion systems / interbacterial competition genes
CP,CP5,5,Negative,N900_RS14040,VC_A0003,-2.6849592515540848,2.6849592515540848,Uncategorized
CP,CP5,5,Negative,N900_RS05085,prepilin peptidase_2,-2.6589131463869813,2.6589131463869813,Uncategorized
CP,CP5,5,Negative,N900_RS09620,low molecular weight phosphotyrosine protein phosphatase_1,-2.65288887593467,2.65288887593467,Metabolic bottleneck enzymes
CP,CP5,5,Negative,N900_RS04950,pilz_2,-2.589327317205601,2.589327317205601,Uncategorized
CP,CP5,5,Negative,N900_RS06835,VC_1493,-2.5851913681945144,2.5851913681945144,Uncategorized
CP,CP6,6,Positive,N900_RS18085,TetR/AcrR family transcriptional regulator_5,3.579327503680762,3.579327503680762,Transcription factors / DNA-binding regulators
CP,CP6,6,Positive,N900_RS02115,long-chain fatty acid--CoA ligase,3.57850323438049,3.57850323438049,Metabolic bottleneck enzymes
CP,CP6,6,Positive,N900_RS09970,acfa,3.5521030940225526,3.5521030940225526,Virulence master regulators / virulence structural genes
CP,CP6,6,Positive,N900_RS15025,VC_A0216,3.5372797452912472,3.5372797452912472,Uncategorized
CP,CP6,6,Positive,N900_RS10080,membrane protein_1,3.502903595383478,3.502903595383478,Envelope / LPS / O-antigen genes
CP,CP6,6,Positive,N900_RS01690,eamA_6,3.494350394408371,3.494350394408371,Transporters / nutrient uptake systems
CP,CP6,6,Positive,N900_RS04265,SulP family inorganic anion transporter_1,3.4933449130960073,3.4933449130960073,Transporters / nutrient uptake systems
CP,CP6,6,Positive,N900_RS06275,HlyD family secretion protein,3.4005090223962635,3.4005090223962635,Uncategorized
CP,CP6,6,Positive,N900_RS04180,fabG_1,3.3412087665483345,3.3412087665483345,Metabolic bottleneck enzymes
CP,CP6,6,Positive,N900_RS07140,uspE,3.2345620110976583,3.2345620110976583,Uncategorized
CP,CP6,6,Negative,N900_RS14675,VC_A0139,-5.103868010695589,5.103868010695589,Uncategorized
CP,CP6,6,Negative,N900_RS15395,catB9,-5.040080620680318,5.040080620680318,Metabolic bottleneck enzymes
CP,CP6,6,Negative,N900_RS14065,pctC_2,-4.979149959470079,4.979149959470079,Chemotaxis / motility regulators
CP,CP6,6,Negative,N900_RS12070,intA_4,-4.758212517203857,4.758212517203857,Uncategorized
CP,CP6,6,Negative,N900_RS19875,VC_2547,-4.623129519590662,4.623129519590662,Uncategorized
CP,CP6,6,Negative,N900_RS01885,kdsC,-4.58083883994529,4.58083883994529,Uncategorized
CP,CP6,6,Negative,N900_RS01250,frdD,-4.549996291823973,4.549996291823973,Uncategorized
CP,CP6,6,Negative,N900_RS14885,arfA,-4.527660041703888,4.527660041703888,Uncategorized
CP,CP6,6,Negative,N900_RS12985,TetR/AcrR family transcriptional regulator_1,-4.50990456796463,4.50990456796463,Transcription factors / DNA-binding regulators
CP,CP6,6,Negative,N900_RS06780,VC_1505,-4.4658269570161835,4.4658269570161835,Uncategorized
CP,CP7,7,Positive,N900_RS18705,VC_A1052,2.057421731135332,2.057421731135332,Uncategorized
CP,CP7,7,Positive,N900_RS17405,pctC_3,1.9409225189589603,1.9409225189589603,Chemotaxis / motility regulators
CP,CP7,7,Positive,N900_RS15140,ulaE,1.9083088433895619,1.9083088433895619,Uncategorized
CP,CP7,7,Positive,N900_RS03390,ompA_1,1.9076259229970634,1.9076259229970634,Uncategorized
CP,CP7,7,Positive,N900_RS11295,umuC,1.8990886576045742,1.8990886576045742,Uncategorized
CP,CP7,7,Positive,N900_RS14620,rbsA,1.8749803351235812,1.8749803351235812,Uncategorized
CP,CP7,7,Positive,N900_RS16660,moeA,1.8541691582499804,1.8541691582499804,Uncategorized
CP,CP7,7,Positive,N900_RS07080,rcsC_3,1.8269168123565072,1.8269168123565072,Response regulators
CP,CP7,7,Positive,N900_RS10925,luxP,1.826418451508134,1.826418451508134,Uncategorized
CP,CP7,7,Positive,N900_RS15400,ygfF,1.77670953999832,1.77670953999832,Metabolic bottleneck enzymes
CP,CP7,7,Negative,N900_RS00180,yihD,-1.5216670299154635,1.5216670299154635,Uncategorized
CP,CP7,7,Negative,N900_RS18140,rlmC,-1.2540291457733552,1.2540291457733552,Uncategorized
CP,CP7,7,Negative,N900_RS18125,AraC family transcriptional regulator_4,-1.2167871448816912,1.2167871448816912,Transcription factors / DNA-binding regulators
CP,CP7,7,Negative,N900_RS12840,fkpA,-1.1644160758366047,1.1644160758366047,Uncategorized
CP,CP7,7,Negative,N900_RS06515,bglA,-1.159495491739415,1.159495491739415,Uncategorized
CP,CP7,7,Negative,N900_RS11275,IS91 family transposase_1,-1.1080222150515475,1.1080222150515475,Uncategorized
CP,CP7,7,Negative,N900_RS10975,hutI,-1.1069389155350695,1.1069389155350695,Uncategorized
CP,CP7,7,Negative,N900_RS01690,eamA_6,-1.1050394433784965,1.1050394433784965,Transporters / nutrient uptake systems
CP,CP7,7,Negative,N900_RS05775,VC_1708,-1.08672447636178,1.08672447636178,Uncategorized
CP,CP7,7,Negative,N900_RS03720,flaE,-1.0807523713879497,1.0807523713879497,Chemotaxis / motility regulators
CP,CP8,8,Positive,N900_RS10885,flhD,3.6100056494910646,3.6100056494910646,Uncategorized
CP,CP8,8,Positive,N900_RS13730,VC_0183,3.454129551335474,3.454129551335474,Uncategorized
CP,CP8,8,Positive,N900_RS13360,rjg,3.4388644463107134,3.4388644463107134,Metabolic bottleneck enzymes
CP,CP8,8,Positive,N900_RS16375,VC_A0556,3.438122409259522,3.438122409259522,Uncategorized
CP,CP8,8,Positive,N900_RS11160,brxL,3.418691738358962,3.418691738358962,Uncategorized
CP,CP8,8,Positive,N900_RS08765,oppC,3.3967280728542355,3.3967280728542355,Uncategorized
CP,CP8,8,Positive,N900_RS01040,nhaP2,3.3685701023527046,3.3685701023527046,Transporters / nutrient uptake systems
CP,CP8,8,Positive,N900_RS14860,pepT,3.348539869213694,3.348539869213694,Uncategorized
CP,CP8,8,Positive,N900_RS11075,dsbC_2,3.305521959192114,3.305521959192114,Uncategorized
CP,CP8,8,Positive,N900_RS12655,nhaP,3.302492550603551,3.302492550603551,Transporters / nutrient uptake systems
CP,CP8,8,Negative,N900_RS15685,parE1,-2.255701237995201,2.255701237995201,Virulence master regulators / virulence structural genes
CP,CP8,8,Negative,N900_RS00705,Pseudogene_N900_RS00705,-2.167137427549933,2.167137427549933,Uncategorized
CP,CP8,8,Negative,N900_RS16125,VC_A0497,-1.935353536780427,1.935353536780427,Uncategorized
CP,CP8,8,Negative,N900_RS14530,tssF,-1.801737846507948,1.801737846507948,Uncategorized
CP,CP8,8,Negative,N900_RS15720,restriction endonuclease,-1.7260372216545992,1.7260372216545992,Uncategorized
CP,CP8,8,Negative,N900_RS03790,fliI,-1.7026306282880008,1.7026306282880008,Uncategorized
CP,CP8,8,Negative,N900_RS01720,cysD,-1.6706932148683407,1.6706932148683407,Uncategorized
CP,CP8,8,Negative,N900_RS05245,manP_1,-1.6054260216063432,1.6054260216063432,Transporters / nutrient uptake systems
CP,CP8,8,Negative,N900_RS16675,sseA,-1.6021225922007711,1.6021225922007711,Uncategorized
CP,CP8,8,Negative,N900_RS18040,hutZ,-1.5991984600628864,1.5991984600628864,Uncategorized
VAE,VAE1,1,Positive,N900_RS11710,rsmI,4.9238080978393555,4.9238080978393555,Uncategorized
VAE,VAE1,1,Positive,N900_RS19305,malK,4.839314937591553,4.839314937591553,Uncategorized
VAE,VAE1,1,Positive,N900_RS19685,VC_A0838,4.478085994720459,4.478085994720459,Uncategorized
VAE,VAE1,1,Positive,N900_RS04065,sixA,4.082775115966797,4.082775115966797,Uncategorized
VAE,VAE1,1,Positive,N900_RS11625,VC_0603,3.870694160461426,3.870694160461426,Uncategorized
VAE,VAE1,1,Positive,N900_RS20000,Pseudogene_N900_RS20000,3.8582441806793213,3.8582441806793213,Uncategorized
VAE,VAE1,1,Positive,N900_RS02600,RNA-directed DNA polymerase,3.38360857963562,3.38360857963562,Uncategorized
VAE,VAE1,1,Positive,N900_RS16750,antibiotic biosynthesis monooxygenase,3.0973172187805176,3.0973172187805176,Uncategorized
VAE,VAE1,1,Positive,N900_RS08590,gsk_1,3.073230028152466,3.073230028152466,Metabolic bottleneck enzymes
VAE,VAE1,1,Positive,N900_RS14760,VC_A0158,3.0359551906585693,3.0359551906585693,Uncategorized
VAE,VAE1,1,Negative,N900_RS05110,VC0395_A1443_BLAST,-9.079696655273438,9.079696655273438,Uncategorized
VAE,VAE1,1,Negative,N900_RS11045,tran,-8.48102855682373,8.48102855682373,Uncategorized
VAE,VAE1,1,Negative,N900_RS02130,serA,-8.476851463317871,8.476851463317871,Uncategorized
VAE,VAE1,1,Negative,N900_RS11490,vexF,-8.42582893371582,8.42582893371582,Uncategorized
VAE,VAE1,1,Negative,N900_RS08765,oppC,-8.340954780578613,8.340954780578613,Uncategorized
VAE,VAE1,1,Negative,N900_RS01745,ABC transporter permease_2,-8.293744087219238,8.293744087219238,Transporters / nutrient uptake systems
VAE,VAE1,1,Negative,N900_RS18730,ydfG,-8.247186660766602,8.247186660766602,Metabolic bottleneck enzymes
VAE,VAE1,1,Negative,N900_RS01965,argF,-8.232574462890625,8.232574462890625,Uncategorized
VAE,VAE1,1,Negative,N900_RS17785,VC_A0856,-8.215997695922852,8.215997695922852,Uncategorized
VAE,VAE1,1,Negative,N900_RS11090,VC_0914,-8.212151527404785,8.212151527404785,Uncategorized
VAE,VAE2,2,Positive,N900_RS10060,tcpP,7.728315830230713,7.728315830230713,Virulence master regulators / virulence structural genes
VAE,VAE2,2,Positive,N900_RS09995,tcpJ,7.360982418060303,7.360982418060303,Virulence master regulators / virulence structural genes
VAE,VAE2,2,Positive,N900_RS10045,tcpB,7.340734481811523,7.340734481811523,Virulence master regulators / virulence structural genes
VAE,VAE2,2,Positive,N900_RS10335,guaA,7.31282377243042,7.31282377243042,Uncategorized
VAE,VAE2,2,Positive,N900_RS00255,purE,7.088130950927734,7.088130950927734,Uncategorized
VAE,VAE2,2,Positive,N900_RS19270,tcpR,6.983126640319824,6.983126640319824,Virulence master regulators / virulence structural genes
VAE,VAE2,2,Positive,N900_RS09295,toxR_BLAST,6.611260414123535,6.611260414123535,Virulence master regulators / virulence structural genes
VAE,VAE2,2,Positive,N900_RS19250,VC_0729,6.493566989898682,6.493566989898682,Uncategorized
VAE,VAE2,2,Positive,N900_RS13300,purH,6.424596309661865,6.424596309661865,Uncategorized
VAE,VAE2,2,Positive,N900_RS15850,VC_A0441,6.366164207458496,6.366164207458496,Uncategorized
VAE,VAE2,2,Negative,N900_RS18755,speF,-6.285578727722168,6.285578727722168,Uncategorized
VAE,VAE2,2,Negative,N900_RS06470,appB,-5.776401042938232,5.776401042938232,Metabolic bottleneck enzymes
VAE,VAE2,2,Negative,N900_RS00370,VC_0070,-5.717187881469727,5.717187881469727,Uncategorized
VAE,VAE2,2,Negative,N900_RS06580,exbd,-5.709532737731934,5.709532737731934,Transporters / nutrient uptake systems
VAE,VAE2,2,Negative,N900_RS00575,hemN,-5.631744384765625,5.631744384765625,Uncategorized
VAE,VAE2,2,Negative,N900_RS17625,groL_2,-5.606276512145996,5.606276512145996,Uncategorized
VAE,VAE2,2,Negative,N900_RS03335,upp,-5.357813835144043,5.357813835144043,Metabolic bottleneck enzymes
VAE,VAE2,2,Negative,N900_RS12445,mdh,-5.352089881896973,5.352089881896973,Uncategorized
VAE,VAE2,2,Negative,N900_RS11265,floR,-5.32988977432251,5.32988977432251,Uncategorized
VAE,VAE2,2,Negative,N900_RS00400,uspA_1,-5.295870780944824,5.295870780944824,Uncategorized
VAE,VAE3,3,Positive,N900_RS03470,flgE,4.080818176269531,4.080818176269531,Uncategorized
VAE,VAE3,3,Positive,N900_RS17215,flagellar brake protein,3.4875593185424805,3.4875593185424805,Chemotaxis / motility regulators
VAE,VAE3,3,Positive,N900_RS03840,flhB,3.4337058067321777,3.4337058067321777,Uncategorized
VAE,VAE3,3,Positive,N900_RS19760,VC_A1061,3.3398730754852295,3.3398730754852295,Uncategorized
VAE,VAE3,3,Positive,N900_RS03815,fliN,3.2599616050720215,3.2599616050720215,Uncategorized
VAE,VAE3,3,Positive,N900_RS03440,flgA,3.1296238899230957,3.1296238899230957,Uncategorized
VAE,VAE3,3,Positive,N900_RS03755,flrA,2.6964244842529297,2.6964244842529297,Chemotaxis / motility regulators
VAE,VAE3,3,Positive,N900_RS01755,VC_2552,2.5760157108306885,2.5760157108306885,Uncategorized
VAE,VAE3,3,Positive,N900_RS12260,pilT_2,2.440784215927124,2.440784215927124,Virulence master regulators / virulence structural genes
VAE,VAE3,3,Positive,N900_RS05315,VC_1806,2.353229284286499,2.353229284286499,Uncategorized
VAE,VAE3,3,Negative,N900_RS12125,GNAT family N-acetyltransferase_1,-9.215497016906738,9.215497016906738,Metabolic bottleneck enzymes
VAE,VAE3,3,Negative,N900_RS16965,VC_A0681_BLAST,-9.142989158630371,9.142989158630371,Biofilm / matrix regulators
VAE,VAE3,3,Negative,N900_RS00340,thiS,-8.971867561340332,8.971867561340332,Uncategorized
VAE,VAE3,3,Negative,N900_RS01435,aruC,-8.812891006469727,8.812891006469727,Metabolic bottleneck enzymes
VAE,VAE3,3,Negative,N900_RS19280,Pseudogene_N900_RS19280,-8.774450302124023,8.774450302124023,Uncategorized
VAE,VAE3,3,Negative,N900_RS09800,mtrF,-8.588322639465332,8.588322639465332,Transporters / nutrient uptake systems
VAE,VAE3,3,Negative,N900_RS10455,secF_1,-8.582270622253418,8.582270622253418,Uncategorized
VAE,VAE3,3,Negative,N900_RS13370,galE,-8.567180633544922,8.567180633544922,Metabolic bottleneck enzymes
VAE,VAE3,3,Negative,N900_RS11000,bet,-8.409828186035156,8.409828186035156,Uncategorized
VAE,VAE3,3,Negative,N900_RS02605,yfcA_1,-8.401097297668457,8.401097297668457,Transporters / nutrient uptake systems
VAE,VAE4,4,Positive,N900_RS18695,VC_A1050,8.883176803588867,8.883176803588867,Uncategorized
VAE,VAE4,4,Positive,N900_RS09090,moaD,8.303263664245605,8.303263664245605,Uncategorized
VAE,VAE4,4,Positive,N900_RS02440,recJ,8.284980773925781,8.284980773925781,Uncategorized
VAE,VAE4,4,Positive,N900_RS18310,VC_A0966,8.170599937438965,8.170599937438965,Uncategorized
VAE,VAE4,4,Positive,N900_RS04095,cheZ,7.943451881408691,7.943451881408691,Metabolic bottleneck enzymes
VAE,VAE4,4,Positive,N900_RS01195,norM_1,7.905221462249756,7.905221462249756,Transporters / nutrient uptake systems
VAE,VAE4,4,Positive,N900_RS18620,VC_A1035,7.829439640045166,7.829439640045166,Uncategorized
VAE,VAE4,4,Positive,N900_RS18085,TetR/AcrR family transcriptional regulator_5,7.821200847625732,7.821200847625732,Transcription factors / DNA-binding regulators
VAE,VAE4,4,Positive,N900_RS08470,DNA transformation protein,7.731667518615723,7.731667518615723,Uncategorized
VAE,VAE4,4,Positive,N900_RS04055,yecM,7.6729888916015625,7.6729888916015625,Uncategorized
VAE,VAE4,4,Negative,N900_RS16275,tata,-5.207744121551514,5.207744121551514,Uncategorized
VAE,VAE4,4,Negative,N900_RS15500,VC_A0322,-5.103012561798096,5.103012561798096,Uncategorized
VAE,VAE4,4,Negative,N900_RS03430,flgN,-4.93630313873291,4.93630313873291,Stress-response regulators
VAE,VAE4,4,Negative,N900_RS06650,VC_1531,-4.708098888397217,4.708098888397217,Uncategorized
VAE,VAE4,4,Negative,N900_RS11735,sspB,-4.679966926574707,4.679966926574707,Uncategorized
VAE,VAE4,4,Negative,N900_RS12285,VC_0457,-4.590640544891357,4.590640544891357,Uncategorized
VAE,VAE4,4,Negative,N900_RS18445,vcaM,-4.4498748779296875,4.4498748779296875,Uncategorized
VAE,VAE4,4,Negative,N900_RS10195,citE,-4.368937015533447,4.368937015533447,Uncategorized
VAE,VAE4,4,Negative,N900_RS08150,VC_1216,-4.229750156402588,4.229750156402588,Biofilm / matrix regulators
VAE,VAE4,4,Negative,N900_RS12700,assimilatory sulfite reductase (NADPH) flavoprotein subunit,-4.180397987365723,4.180397987365723,Metabolic bottleneck enzymes
VAE,VAE5,5,Positive,N900_RS14490,HAD family phosphatase,6.184446811676025,6.184446811676025,Metabolic bottleneck enzymes
VAE,VAE5,5,Positive,N900_RS17945,LuxR family transcriptional regulator,5.98229455947876,5.98229455947876,Transcription factors / DNA-binding regulators
VAE,VAE5,5,Positive,N900_RS14990,VC_A0209,5.525423049926758,5.525423049926758,Uncategorized
VAE,VAE5,5,Positive,N900_RS18920,Pseudogene_N900_RS18920,5.429484844207764,5.429484844207764,Transporters / nutrient uptake systems
VAE,VAE5,5,Positive,N900_RS13645,fhuD,5.379036903381348,5.379036903381348,Transporters / nutrient uptake systems
VAE,VAE5,5,Positive,N900_RS11290,Pseudogene_N900_RS11290,5.373398780822754,5.373398780822754,Uncategorized
VAE,VAE5,5,Positive,N900_RS09815,tsaA,5.333769798278809,5.333769798278809,Uncategorized
VAE,VAE5,5,Positive,N900_RS06240,rlmF,5.329076766967773,5.329076766967773,Uncategorized
VAE,VAE5,5,Positive,N900_RS14915,ldhA,5.294511318206787,5.294511318206787,Metabolic bottleneck enzymes
VAE,VAE5,5,Positive,N900_RS18930,ABC transporter ATP-binding protein_4,5.270763397216797,5.270763397216797,Transporters / nutrient uptake systems
VAE,VAE5,5,Negative,N900_RS18385,L-lactate permease,-5.7639336585998535,5.7639336585998535,Transporters / nutrient uptake systems
VAE,VAE5,5,Negative,N900_RS17205,VC_A0733,-5.550279140472412,5.550279140472412,Uncategorized
VAE,VAE5,5,Negative,N900_RS04930,rimL,-5.080116271972656,5.080116271972656,Metabolic bottleneck enzymes
VAE,VAE5,5,Negative,N900_RS00045,patM,-5.047478675842285,5.047478675842285,Transporters / nutrient uptake systems
VAE,VAE5,5,Negative,N900_RS03100,crl,-5.008767127990723,5.008767127990723,Transcription factors / DNA-binding regulators
VAE,VAE5,5,Negative,N900_RS15935,VC_A0458,-4.962267875671387,4.962267875671387,Uncategorized
VAE,VAE5,5,Negative,N900_RS18105,araC_2,-4.777500629425049,4.777500629425049,Transcription factors / DNA-binding regulators
VAE,VAE5,5,Negative,N900_RS15780,VC_A0381,-4.75211238861084,4.75211238861084,Uncategorized
VAE,VAE5,5,Negative,N900_RS12260,pilT_2,-4.591775417327881,4.591775417327881,Virulence master regulators / virulence structural genes
VAE,VAE5,5,Negative,N900_RS11110,traE,-4.4556684494018555,4.4556684494018555,Uncategorized
VAE,VAE6,6,Positive,N900_RS03905,fur,5.427561283111572,5.427561283111572,Transcription factors / DNA-binding regulators
VAE,VAE6,6,Positive,N900_RS02675,arcA_2,5.397672176361084,5.397672176361084,Uncategorized
VAE,VAE6,6,Positive,N900_RS13985,atpH,5.33506441116333,5.33506441116333,Uncategorized
VAE,VAE6,6,Positive,N900_RS03995,odhB,5.313974380493164,5.313974380493164,Uncategorized
VAE,VAE6,6,Positive,N900_RS01115,pfkA,5.311703681945801,5.311703681945801,Metabolic bottleneck enzymes
VAE,VAE6,6,Positive,N900_RS13530,waaC,5.266924858093262,5.266924858093262,Metabolic bottleneck enzymes
VAE,VAE6,6,Positive,N900_RS14005,F0F1 ATP synthase subunit I,5.259510517120361,5.259510517120361,Metabolic bottleneck enzymes
VAE,VAE6,6,Positive,N900_RS03020,apbE,5.256222724914551,5.256222724914551,Metabolic bottleneck enzymes
VAE,VAE6,6,Positive,N900_RS00900,gspE,5.243849754333496,5.243849754333496,Uncategorized
VAE,VAE6,6,Positive,N900_RS01285,gpsA,5.239049434661865,5.239049434661865,Uncategorized
VAE,VAE6,6,Negative,N900_RS03495,flgJ,-9.518964767456055,9.518964767456055,Uncategorized
VAE,VAE6,6,Negative,N900_RS03485,flgH,-8.542799949645996,8.542799949645996,Uncategorized
VAE,VAE6,6,Negative,N900_RS03760,flrB,-8.34572982788086,8.34572982788086,Chemotaxis / motility regulators
VAE,VAE6,6,Negative,N900_RS09185,motY,-8.229646682739258,8.229646682739258,Chemotaxis / motility regulators
VAE,VAE6,6,Negative,N900_RS03745,flaI,-8.216409683227539,8.216409683227539,Chemotaxis / motility regulators
VAE,VAE6,6,Negative,N900_RS03500,flgK,-7.910778999328613,7.910778999328613,Uncategorized
VAE,VAE6,6,Negative,N900_RS03785,fliH,-7.891393661499023,7.891393661499023,Uncategorized
VAE,VAE6,6,Negative,N900_RS16335,terc,-7.856132507324219,7.856132507324219,Envelope / LPS / O-antigen genes
VAE,VAE6,6,Negative,N900_RS03470,flgE,-7.792062759399414,7.792062759399414,Uncategorized
VAE,VAE6,6,Negative,N900_RS00525,VC_0101,-7.790646553039551,7.790646553039551,Uncategorized
VAE,VAE7,7,Positive,N900_RS17305,lipase,5.737447261810303,5.737447261810303,Uncategorized
VAE,VAE7,7,Positive,N900_RS01795,fbp,5.424167156219482,5.424167156219482,Metabolic bottleneck enzymes
VAE,VAE7,7,Positive,N900_RS03490,flgi,5.353738307952881,5.353738307952881,Chemotaxis / motility regulators
VAE,VAE7,7,Positive,N900_RS16360,fatty acid cis/trans isomerase,5.340554237365723,5.340554237365723,Metabolic bottleneck enzymes
VAE,VAE7,7,Positive,N900_RS16240,clcA,5.275501728057861,5.275501728057861,Uncategorized
VAE,VAE7,7,Positive,N900_RS18605,VC_A1032,5.092068195343018,5.092068195343018,Uncategorized
VAE,VAE7,7,Positive,N900_RS03480,flgG,4.6989850997924805,4.6989850997924805,Uncategorized
VAE,VAE7,7,Positive,N900_RS03810,fliM,4.566709995269775,4.566709995269775,Uncategorized
VAE,VAE7,7,Positive,N900_RS01895,calcium/sodium antiporter,4.3923516273498535,4.3923516273498535,Transporters / nutrient uptake systems
VAE,VAE7,7,Positive,N900_RS03865,UPF0126 membrane protein HI_1240_BLAST,4.328848361968994,4.328848361968994,Envelope / LPS / O-antigen genes
VAE,VAE7,7,Negative,N900_RS13240,gntK,-8.37923526763916,8.37923526763916,Metabolic bottleneck enzymes
VAE,VAE7,7,Negative,N900_RS11175,brxC,-7.482387065887451,7.482387065887451,Secretion systems / interbacterial competition genes
VAE,VAE7,7,Negative,N900_RS01775,outer membrane protein assembly factor,-7.219684600830078,7.219684600830078,Envelope / LPS / O-antigen genes
VAE,VAE7,7,Negative,N900_RS10695,yehT_1,-7.205043792724609,7.205043792724609,Uncategorized
VAE,VAE7,7,Negative,N900_RS11590,phnT,-7.196765422821045,7.196765422821045,Transporters / nutrient uptake systems
VAE,VAE7,7,Negative,N900_RS11865,oadG_2,-6.741551399230957,6.741551399230957,Metabolic bottleneck enzymes
VAE,VAE7,7,Negative,N900_RS15115,VC_A0236,-6.643250942230225,6.643250942230225,Uncategorized
VAE,VAE7,7,Negative,N900_RS16255,kup,-6.5823516845703125,6.5823516845703125,Transporters / nutrient uptake systems
VAE,VAE7,7,Negative,N900_RS17930,kbl,-6.395785808563232,6.395785808563232,Metabolic bottleneck enzymes
VAE,VAE7,7,Negative,N900_RS18415,norM_3,-6.350635528564453,6.350635528564453,Transporters / nutrient uptake systems
VAE,VAE8,8,Positive,N900_RS11150,abortive infection protein,7.066267967224121,7.066267967224121,Uncategorized
VAE,VAE8,8,Positive,N900_RS11280,VC_0618,6.251614570617676,6.251614570617676,Uncategorized
VAE,VAE8,8,Positive,N900_RS07175,potC,6.138974666595459,6.138974666595459,Uncategorized
VAE,VAE8,8,Positive,N900_RS16445,VC0395_0503_BLAST,5.833909511566162,5.833909511566162,Uncategorized
VAE,VAE8,8,Positive,N900_RS01715,cobA,5.810517311096191,5.810517311096191,Uncategorized
VAE,VAE8,8,Positive,N900_RS01180,hslU,5.663952350616455,5.663952350616455,Uncategorized
VAE,VAE8,8,Positive,N900_RS11605,amtB,5.623836517333984,5.623836517333984,Transporters / nutrient uptake systems
VAE,VAE8,8,Positive,N900_RS18410,aer_2,5.407393455505371,5.407393455505371,Chemotaxis / motility regulators
VAE,VAE8,8,Positive,N900_RS19435,VC_A0325,5.337866306304932,5.337866306304932,Uncategorized
VAE,VAE8,8,Positive,N900_RS11315,intS,5.327713489532471,5.327713489532471,Uncategorized
VAE,VAE8,8,Negative,N900_RS10000,toxT,-6.645917892456055,6.645917892456055,Virulence master regulators / virulence structural genes
VAE,VAE8,8,Negative,N900_RS14055,yeeN,-6.440691947937012,6.440691947937012,Transcription factors / DNA-binding regulators
VAE,VAE8,8,Negative,N900_RS10020,tcpS,-6.311121463775635,6.311121463775635,Virulence master regulators / virulence structural genes
VAE,VAE8,8,Negative,N900_RS01295,PadR family transcriptional regulator,-6.3110504150390625,6.3110504150390625,Transcription factors / DNA-binding regulators
VAE,VAE8,8,Negative,N900_RS02575,carB,-6.300136566162109,6.300136566162109,Uncategorized
VAE,VAE8,8,Negative,N900_RS11475,dacB,-6.1297101974487305,6.1297101974487305,Uncategorized
VAE,VAE8,8,Negative,N900_RS05745,mukB,-6.0239691734313965,6.0239691734313965,Uncategorized
VAE,VAE8,8,Negative,N900_RS02570,carA,-6.000561237335205,6.000561237335205,Metabolic bottleneck enzymes
VAE,VAE8,8,Negative,N900_RS02705,thrC,-5.8962016105651855,5.8962016105651855,Uncategorized
VAE,VAE8,8,Negative,N900_RS08760,oppD_1,-5.866885662078857,5.866885662078857,Transporters / nutrient uptake systems
CPVAE,CPVAE1,1,Positive,N900_RS00490,ubiA,6.737317085266113,6.737317085266113,Metabolic bottleneck enzymes
CPVAE,CPVAE1,1,Positive,N900_RS02135,rpiA,6.730844974517822,6.730844974517822,Uncategorized
CPVAE,CPVAE1,1,Positive,N900_RS01155,rpmE,6.73041296005249,6.73041296005249,Uncategorized
CPVAE,CPVAE1,1,Positive,N900_RS13425,wzt,6.727700233459473,6.727700233459473,Transporters / nutrient uptake systems
CPVAE,CPVAE1,1,Positive,N900_RS13970,atpD,6.724911212921143,6.724911212921143,Uncategorized
CPVAE,CPVAE1,1,Positive,N900_RS05330,VC_1802,6.723155975341797,6.723155975341797,Uncategorized
CPVAE,CPVAE1,1,Positive,N900_RS13430,wzm,6.717454433441162,6.717454433441162,Transporters / nutrient uptake systems
CPVAE,CPVAE1,1,Positive,N900_RS00895,gspD,6.716792106628418,6.716792106628418,Uncategorized
CPVAE,CPVAE1,1,Positive,N900_RS13985,atpH,6.716017723083496,6.716017723083496,Uncategorized
CPVAE,CPVAE1,1,Positive,N900_RS13540,wavA,6.7142333984375,6.7142333984375,Metabolic bottleneck enzymes
CPVAE,CPVAE1,1,Negative,N900_RS18745,ribB,-4.542950630187988,4.542950630187988,Metabolic bottleneck enzymes
CPVAE,CPVAE1,1,Negative,N900_RS03470,flgE,-4.40964937210083,4.40964937210083,Uncategorized
CPVAE,CPVAE1,1,Negative,N900_RS03500,flgK,-3.994201898574829,3.994201898574829,Uncategorized
CPVAE,CPVAE1,1,Negative,N900_RS03455,flgB,-3.9579601287841797,3.9579601287841797,Uncategorized
CPVAE,CPVAE1,1,Negative,N900_RS17340,artI_1,-3.8905041217803955,3.8905041217803955,Transporters / nutrient uptake systems
CPVAE,CPVAE1,1,Negative,N900_RS03475,flgF,-3.7558436393737793,3.7558436393737793,Uncategorized
CPVAE,CPVAE1,1,Negative,N900_RS03800,FliK,-3.6514060497283936,3.6514060497283936,Chemotaxis / motility regulators
CPVAE,CPVAE1,1,Negative,N900_RS13765,vspR,-3.6035141944885254,3.6035141944885254,Uncategorized
CPVAE,CPVAE1,1,Negative,N900_RS13740,cap3_BLAST,-3.5988426208496094,3.5988426208496094,Uncategorized
CPVAE,CPVAE1,1,Negative,N900_RS04275,VC_2373,-3.433396100997925,3.433396100997925,Uncategorized
CPVAE,CPVAE2,2,Positive,N900_RS17025,secD_2,4.781381130218506,4.781381130218506,Uncategorized
CPVAE,CPVAE2,2,Positive,N900_RS11030,IS21 family transposase,4.7370710372924805,4.7370710372924805,Uncategorized
CPVAE,CPVAE2,2,Positive,N900_RS05100,ompT,4.727475166320801,4.727475166320801,Transporters / nutrient uptake systems
CPVAE,CPVAE2,2,Positive,N900_RS07935,iron-regulated protein A,4.727043628692627,4.727043628692627,Uncategorized
CPVAE,CPVAE2,2,Positive,N900_RS01460,cfxP,4.682487487792969,4.682487487792969,Metabolic bottleneck enzymes
CPVAE,CPVAE2,2,Positive,N900_RS18680,MltR family transcriptional regulator,4.654031276702881,4.654031276702881,Transcription factors / DNA-binding regulators
CPVAE,CPVAE2,2,Positive,N900_RS06425,almE,4.559879779815674,4.559879779815674,Uncategorized
CPVAE,CPVAE2,2,Positive,N900_RS00630,VC_0127,4.557163238525391,4.557163238525391,Uncategorized
CPVAE,CPVAE2,2,Positive,N900_RS06750,formate dehydrogenase subunit gamma,4.5414533615112305,4.5414533615112305,Metabolic bottleneck enzymes
CPVAE,CPVAE2,2,Positive,N900_RS09905,type IV pilin protein,4.511387825012207,4.511387825012207,Uncategorized
CPVAE,CPVAE2,2,Negative,N900_RS14760,VC_A0158,-2.549375057220459,2.549375057220459,Uncategorized
CPVAE,CPVAE2,2,Negative,N900_RS19305,malK,-2.0810976028442383,2.0810976028442383,Uncategorized
CPVAE,CPVAE2,2,Negative,N900_RS11625,VC_0603,-1.9149209260940552,1.9149209260940552,Uncategorized
CPVAE,CPVAE2,2,Negative,N900_RS16455,VC_A0571,-1.6161442995071411,1.6161442995071411,Uncategorized
CPVAE,CPVAE2,2,Negative,N900_RS19685,VC_A0838,-1.5246245861053467,1.5246245861053467,Uncategorized
CPVAE,CPVAE2,2,Negative,N900_RS19250,VC_0729,-1.5065124034881592,1.5065124034881592,Uncategorized
CPVAE,CPVAE2,2,Negative,N900_RS18315,VC_A0969_BLAST,-1.4158381223678589,1.4158381223678589,Uncategorized
CPVAE,CPVAE2,2,Negative,N900_RS15780,VC_A0381,-1.3887228965759277,1.3887228965759277,Uncategorized
CPVAE,CPVAE2,2,Negative,N900_RS02895,VC_2318,-1.3327940702438354,1.3327940702438354,Uncategorized
CPVAE,CPVAE2,2,Negative,N900_RS15930,VC_A0457,-1.302765130996704,1.302765130996704,Uncategorized
CPVAE,CPVAE3,3,Positive,N900_RS10195,citE,2.5582456588745117,2.5582456588745117,Uncategorized
CPVAE,CPVAE3,3,Positive,N900_RS12285,VC_0457,2.3867311477661133,2.3867311477661133,Uncategorized
CPVAE,CPVAE3,3,Positive,N900_RS06650,VC_1531,2.372687339782715,2.372687339782715,Uncategorized
CPVAE,CPVAE3,3,Positive,N900_RS11735,sspB,2.3559727668762207,2.3559727668762207,Uncategorized
CPVAE,CPVAE3,3,Positive,N900_RS08150,VC_1216,2.345766305923462,2.345766305923462,Biofilm / matrix regulators
CPVAE,CPVAE3,3,Positive,N900_RS16775,Probable transporter XF_0766_BLAST,2.3394219875335693,2.3394219875335693,Transporters / nutrient uptake systems
CPVAE,CPVAE3,3,Positive,N900_RS03430,flgN,2.3282179832458496,2.3282179832458496,Stress-response regulators
CPVAE,CPVAE3,3,Positive,N900_RS18040,hutZ,2.2376224994659424,2.2376224994659424,Uncategorized
CPVAE,CPVAE3,3,Positive,N900_RS15335,type VI secretion system PAAR protein_1,2.209949254989624,2.209949254989624,Secretion systems / interbacterial competition genes
CPVAE,CPVAE3,3,Positive,N900_RS05680,glgC_1,2.1142942905426025,2.1142942905426025,Uncategorized
CPVAE,CPVAE3,3,Negative,N900_RS11160,brxL,-4.973059177398682,4.973059177398682,Uncategorized
CPVAE,CPVAE3,3,Negative,N900_RS10495,malate synthase A,-4.742013454437256,4.742013454437256,Metabolic bottleneck enzymes
CPVAE,CPVAE3,3,Negative,N900_RS13800,dppA,-4.715907096862793,4.715907096862793,Transporters / nutrient uptake systems
CPVAE,CPVAE3,3,Negative,N900_RS11135,VC_A0809,-4.714884281158447,4.714884281158447,Uncategorized
CPVAE,CPVAE3,3,Negative,N900_RS13730,VC_0183,-4.692375183105469,4.692375183105469,Uncategorized
CPVAE,CPVAE3,3,Negative,N900_RS12655,nhaP,-4.639213562011719,4.639213562011719,Transporters / nutrient uptake systems
CPVAE,CPVAE3,3,Negative,N900_RS16375,VC_A0556,-4.623270511627197,4.623270511627197,Uncategorized
CPVAE,CPVAE3,3,Negative,N900_RS15370,intIA,-4.607670307159424,4.607670307159424,Uncategorized
CPVAE,CPVAE3,3,Negative,N900_RS12070,intA_4,-4.593285083770752,4.593285083770752,Uncategorized
CPVAE,CPVAE3,3,Negative,N900_RS12600,pilO_1,-4.572103500366211,4.572103500366211,Uncategorized
CPVAE,CPVAE4,4,Positive,N900_RS06610,CPXCG motif-containing cysteine-rich protein,2.8348073959350586,2.8348073959350586,Uncategorized
CPVAE,CPVAE4,4,Positive,N900_RS04895,hinT,2.428823709487915,2.428823709487915,Uncategorized
CPVAE,CPVAE4,4,Positive,N900_RS17145,VC_A0721,2.394212245941162,2.394212245941162,Uncategorized
CPVAE,CPVAE4,4,Positive,N900_RS06945,VC_1471,2.3803372383117676,2.3803372383117676,Uncategorized
CPVAE,CPVAE4,4,Positive,N900_RS20000,Pseudogene_N900_RS20000,2.3686482906341553,2.3686482906341553,Uncategorized
CPVAE,CPVAE4,4,Positive,N900_RS07175,potC,2.3177623748779297,2.3177623748779297,Uncategorized
CPVAE,CPVAE4,4,Positive,N900_RS11710,rsmI,2.2896177768707275,2.2896177768707275,Uncategorized
CPVAE,CPVAE4,4,Positive,N900_RS11325,VC_1785,2.2080390453338623,2.2080390453338623,Uncategorized
CPVAE,CPVAE4,4,Positive,N900_RS12535,mshP,2.1696009635925293,2.1696009635925293,Uncategorized
CPVAE,CPVAE4,4,Positive,N900_RS09250,nagA_1,2.159719705581665,2.159719705581665,Uncategorized
CPVAE,CPVAE4,4,Negative,N900_RS10045,tcpB,-4.636552810668945,4.636552810668945,Virulence master regulators / virulence structural genes
CPVAE,CPVAE4,4,Negative,N900_RS13305,purD,-4.5715508460998535,4.5715508460998535,Uncategorized
CPVAE,CPVAE4,4,Negative,N900_RS03425,flgP,-4.494954586029053,4.494954586029053,Uncategorized
CPVAE,CPVAE4,4,Negative,N900_RS10545,ppx,-4.428389072418213,4.428389072418213,Uncategorized
CPVAE,CPVAE4,4,Negative,N900_RS14350,pstA_2,-4.374989986419678,4.374989986419678,Uncategorized
CPVAE,CPVAE4,4,Negative,N900_RS09995,tcpJ,-4.370429515838623,4.370429515838623,Virulence master regulators / virulence structural genes
CPVAE,CPVAE4,4,Negative,N900_RS03940,ybfF,-4.352357387542725,4.352357387542725,Metabolic bottleneck enzymes
CPVAE,CPVAE4,4,Negative,N900_RS10035,tcpC,-4.183050632476807,4.183050632476807,Virulence master regulators / virulence structural genes
CPVAE,CPVAE4,4,Negative,N900_RS09210,cvpA,-4.169259548187256,4.169259548187256,Uncategorized
CPVAE,CPVAE4,4,Negative,N900_RS03465,flgD,-4.095122337341309,4.095122337341309,Uncategorized
CPVAE,CPVAE5,5,Positive,N900_RS15440,HNH endonuclease_1,2.4375414848327637,2.4375414848327637,Uncategorized
CPVAE,CPVAE5,5,Positive,N900_RS15645,VC_A0351,1.803580641746521,1.803580641746521,Uncategorized
CPVAE,CPVAE5,5,Positive,N900_RS17205,VC_A0733,1.698652982711792,1.698652982711792,Uncategorized
CPVAE,CPVAE5,5,Positive,N900_RS11780,yhcB,1.6864646673202515,1.6864646673202515,Uncategorized
CPVAE,CPVAE5,5,Positive,N900_RS17675,VC_A0831,1.6844338178634644,1.6844338178634644,Uncategorized
CPVAE,CPVAE5,5,Positive,N900_RS11010,VC_1515,1.668391466140747,1.668391466140747,Uncategorized
CPVAE,CPVAE5,5,Positive,N900_RS15885,site-specific DNA-methyltransferase,1.6628848314285278,1.6628848314285278,Metabolic bottleneck enzymes
CPVAE,CPVAE5,5,Positive,N900_RS00460,tatC,1.5907055139541626,1.5907055139541626,Uncategorized
CPVAE,CPVAE5,5,Positive,N900_RS12110,VC_0492,1.5779789686203003,1.5779789686203003,Uncategorized
CPVAE,CPVAE5,5,Positive,N900_RS15445,VC_A0310,1.5666134357452393,1.5666134357452393,Uncategorized
CPVAE,CPVAE5,5,Negative,N900_RS01805,mpl,-3.579200267791748,3.579200267791748,Uncategorized
CPVAE,CPVAE5,5,Negative,N900_RS18525,nhad,-3.3929507732391357,3.3929507732391357,Transporters / nutrient uptake systems
CPVAE,CPVAE5,5,Negative,N900_RS09620,low molecular weight phosphotyrosine protein phosphatase_1,-3.172511339187622,3.172511339187622,Metabolic bottleneck enzymes
CPVAE,CPVAE5,5,Negative,N900_RS07230,tssI_1,-3.1611099243164062,3.1611099243164062,Secretion systems / interbacterial competition genes
CPVAE,CPVAE5,5,Negative,N900_RS12715,TIGR04219 family outer membrane beta-barrel protein,-3.1340219974517822,3.1340219974517822,Envelope / LPS / O-antigen genes
CPVAE,CPVAE5,5,Negative,N900_RS14040,VC_A0003,-3.1060407161712646,3.1060407161712646,Uncategorized
CPVAE,CPVAE5,5,Negative,N900_RS02000,holC,-3.099592685699463,3.099592685699463,Uncategorized
CPVAE,CPVAE5,5,Negative,N900_RS18350,VC_A0976,-3.0614333152770996,3.0614333152770996,Uncategorized
CPVAE,CPVAE5,5,Negative,N900_RS11155,VC_0667,-3.0185437202453613,3.0185437202453613,Uncategorized
CPVAE,CPVAE5,5,Negative,N900_RS04950,pilz_2,-3.0047807693481445,3.0047807693481445,Uncategorized
CPVAE,CPVAE6,6,Positive,N900_RS07140,uspE,3.9284181594848633,3.9284181594848633,Uncategorized
CPVAE,CPVAE6,6,Positive,N900_RS18085,TetR/AcrR family transcriptional regulator_5,3.5175981521606445,3.5175981521606445,Transcription factors / DNA-binding regulators
CPVAE,CPVAE6,6,Positive,N900_RS02620,btuF,3.4435722827911377,3.4435722827911377,Uncategorized
CPVAE,CPVAE6,6,Positive,N900_RS02115,long-chain fatty acid--CoA ligase,3.384549140930176,3.384549140930176,Metabolic bottleneck enzymes
CPVAE,CPVAE6,6,Positive,N900_RS10080,membrane protein_1,3.377739667892456,3.377739667892456,Envelope / LPS / O-antigen genes
CPVAE,CPVAE6,6,Positive,N900_RS14295,lpp,3.188138008117676,3.188138008117676,Envelope / LPS / O-antigen genes
CPVAE,CPVAE6,6,Positive,N900_RS17845,VC_A0868,3.162461996078491,3.162461996078491,Uncategorized
CPVAE,CPVAE6,6,Positive,N900_RS04265,SulP family inorganic anion transporter_1,3.0451154708862305,3.0451154708862305,Transporters / nutrient uptake systems
CPVAE,CPVAE6,6,Positive,N900_RS20035,VC_A0354_BLAST_2,2.993389368057251,2.993389368057251,Uncategorized
CPVAE,CPVAE6,6,Positive,N900_RS17530,VC_A0799,2.9856979846954346,2.9856979846954346,Uncategorized
CPVAE,CPVAE6,6,Negative,N900_RS14675,VC_A0139,-5.912495136260986,5.912495136260986,Uncategorized
CPVAE,CPVAE6,6,Negative,N900_RS12070,intA_4,-5.506330966949463,5.506330966949463,Uncategorized
CPVAE,CPVAE6,6,Negative,N900_RS11040,msbA,-5.337517261505127,5.337517261505127,Envelope / LPS / O-antigen genes
CPVAE,CPVAE6,6,Negative,N900_RS02970,peptidyl-prolyl cis-trans isomerase,-5.123937129974365,5.123937129974365,Metabolic bottleneck enzymes
CPVAE,CPVAE6,6,Negative,N900_RS14065,pctC_2,-4.932271480560303,4.932271480560303,Chemotaxis / motility regulators
CPVAE,CPVAE6,6,Negative,N900_RS19875,VC_2547,-4.903613090515137,4.903613090515137,Uncategorized
CPVAE,CPVAE6,6,Negative,N900_RS01885,kdsC,-4.828309535980225,4.828309535980225,Uncategorized
CPVAE,CPVAE6,6,Negative,N900_RS17185,VC_A0729,-4.749318599700928,4.749318599700928,Uncategorized
CPVAE,CPVAE6,6,Negative,N900_RS13735,kfrA_1,-4.696101665496826,4.696101665496826,Uncategorized
CPVAE,CPVAE6,6,Negative,N900_RS17900,VC_A0880,-4.688809394836426,4.688809394836426,Uncategorized
CPVAE,CPVAE7,7,Positive,N900_RS11295,umuC,2.3378710746765137,2.3378710746765137,Uncategorized
CPVAE,CPVAE7,7,Positive,N900_RS17405,pctC_3,2.268322706222534,2.268322706222534,Chemotaxis / motility regulators
CPVAE,CPVAE7,7,Positive,N900_RS15140,ulaE,2.241342544555664,2.241342544555664,Uncategorized
CPVAE,CPVAE7,7,Positive,N900_RS16660,moeA,2.194579839706421,2.194579839706421,Uncategorized
CPVAE,CPVAE7,7,Positive,N900_RS18705,VC_A1052,2.1578783988952637,2.1578783988952637,Uncategorized
CPVAE,CPVAE7,7,Positive,N900_RS00265,hemF,2.1299610137939453,2.1299610137939453,Uncategorized
CPVAE,CPVAE7,7,Positive,N900_RS10925,luxP,2.07509446144104,2.07509446144104,Uncategorized
CPVAE,CPVAE7,7,Positive,N900_RS07080,rcsC_3,2.072171688079834,2.072171688079834,Response regulators
CPVAE,CPVAE7,7,Positive,N900_RS14620,rbsA,2.069000720977783,2.069000720977783,Uncategorized
CPVAE,CPVAE7,7,Positive,N900_RS15400,ygfF,2.060386896133423,2.060386896133423,Metabolic bottleneck enzymes
CPVAE,CPVAE7,7,Negative,N900_RS00180,yihD,-1.9532877206802368,1.9532877206802368,Uncategorized
CPVAE,CPVAE7,7,Negative,N900_RS12840,fkpA,-1.7387946844100952,1.7387946844100952,Uncategorized
CPVAE,CPVAE7,7,Negative,N900_RS18125,AraC family transcriptional regulator_4,-1.4955168962478638,1.4955168962478638,Transcription factors / DNA-binding regulators
CPVAE,CPVAE7,7,Negative,N900_RS18140,rlmC,-1.4778721332550049,1.4778721332550049,Uncategorized
CPVAE,CPVAE7,7,Negative,N900_RS06515,bglA,-1.4737884998321533,1.4737884998321533,Uncategorized
CPVAE,CPVAE7,7,Negative,N900_RS03720,flaE,-1.4188427925109863,1.4188427925109863,Chemotaxis / motility regulators
CPVAE,CPVAE7,7,Negative,N900_RS10975,hutI,-1.4155608415603638,1.4155608415603638,Uncategorized
CPVAE,CPVAE7,7,Negative,N900_RS04335,pabC,-1.4029594659805298,1.4029594659805298,Uncategorized
CPVAE,CPVAE7,7,Negative,N900_RS13715,gorA,-1.3865760564804077,1.3865760564804077,Uncategorized
CPVAE,CPVAE7,7,Negative,N900_RS09450,rlmH,-1.3613157272338867,1.3613157272338867,Uncategorized
CPVAE,CPVAE8,8,Positive,N900_RS11160,brxL,4.010319232940674,4.010319232940674,Uncategorized
CPVAE,CPVAE8,8,Positive,N900_RS18340,methyl-accepting chemotaxis protein_25,3.842075824737549,3.842075824737549,Chemotaxis / motility regulators
CPVAE,CPVAE8,8,Positive,N900_RS02295,cca,3.807096481323242,3.807096481323242,Uncategorized
CPVAE,CPVAE8,8,Positive,N900_RS10885,flhD,3.736274242401123,3.736274242401123,Uncategorized
CPVAE,CPVAE8,8,Positive,N900_RS05000,ycgB_BLAST,3.6945834159851074,3.6945834159851074,Transcription factors / DNA-binding regulators
CPVAE,CPVAE8,8,Positive,N900_RS10995,endonuclease,3.6900548934936523,3.6900548934936523,Uncategorized
CPVAE,CPVAE8,8,Positive,N900_RS10540,ppk,3.6809816360473633,3.6809816360473633,Uncategorized
CPVAE,CPVAE8,8,Positive,N900_RS18130,yhaI,3.6768407821655273,3.6768407821655273,Uncategorized
CPVAE,CPVAE8,8,Positive,N900_RS15160,ulaC,3.6754205226898193,3.6754205226898193,Transporters / nutrient uptake systems
CPVAE,CPVAE8,8,Positive,N900_RS17670,LysR family transcriptional regulator_7,3.62223219871521,3.62223219871521,Transcription factors / DNA-binding regulators
CPVAE,CPVAE8,8,Negative,N900_RS15685,parE1,-2.6681864261627197,2.6681864261627197,Virulence master regulators / virulence structural genes
CPVAE,CPVAE8,8,Negative,N900_RS16675,sseA,-2.4258625507354736,2.4258625507354736,Uncategorized
CPVAE,CPVAE8,8,Negative,N900_RS03520,flaC,-2.264463186264038,2.264463186264038,Chemotaxis / motility regulators
CPVAE,CPVAE8,8,Negative,N900_RS00730,ftsE,-2.221963405609131,2.221963405609131,Uncategorized
CPVAE,CPVAE8,8,Negative,N900_RS15720,restriction endonuclease,-2.06070876121521,2.06070876121521,Uncategorized
CPVAE,CPVAE8,8,Negative,N900_RS14530,tssF,-2.0329086780548096,2.0329086780548096,Uncategorized
CPVAE,CPVAE8,8,Negative,N900_RS00705,Pseudogene_N900_RS00705,-1.9571462869644165,1.9571462869644165,Uncategorized
CPVAE,CPVAE8,8,Negative,N900_RS17540,gsk_2,-1.8539137840270996,1.8539137840270996,Metabolic bottleneck enzymes
CPVAE,CPVAE8,8,Negative,N900_RS18605,VC_A1032,-1.794543981552124,1.794543981552124,Uncategorized
CPVAE,CPVAE8,8,Negative,N900_RS03825,fliP,-1.7900292873382568,1.7900292873382568,Uncategorized
