Model,Program,Time,Space,Value
CPVAE,CPVAE1,1h,st,0.013155167
CPVAE,CPVAE1,1h,SI1,0.009378119
CPVAE,CPVAE1,1h,SI2,0.007249074
CPVAE,CPVAE1,1h,SI3,0.0050459495
CPVAE,CPVAE1,1h,SI4,0.0008293608
CPVAE,CPVAE1,1h,SI5,-0.00048137718
CPVAE,CPVAE1,1h,SI6,-0.00042193133
CPVAE,CPVAE1,1h,SI7,-0.00074051786
CPVAE,CPVAE1,1h,SI8,-0.0023213616
CPVAE,CPVAE1,1h,SI9,-0.0018795542
CPVAE,CPVAE1,1h,ce,-0.0053918865
CPVAE,CPVAE1,1h,co,-0.0005350466
CPVAE,CPVAE1,3h,st,-0.13932624
CPVAE,CPVAE1,3h,SI1,-0.09932357
CPVAE,CPVAE1,3h,SI2,-0.07677487
CPVAE,CPVAE1,3h,SI3,-0.053441603
CPVAE,CPVAE1,3h,SI4,-0.008783752
CPVAE,CPVAE1,3h,SI5,0.005098261
CPVAE,CPVAE1,3h,SI6,0.0044686706
CPVAE,CPVAE1,3h,SI7,0.007842817
CPVAE,CPVAE1,3h,SI8,0.024585519
CPVAE,CPVAE1,3h,SI9,0.01990634
CPVAE,CPVAE1,3h,ce,0.05710542
CPVAE,CPVAE1,3h,co,0.0056666736
CPVAE,CPVAE1,6h,st,0.16819765
CPVAE,CPVAE1,6h,SI1,0.119905554
CPVAE,CPVAE1,6h,SI2,0.09268428
CPVAE,CPVAE1,6h,SI3,0.06451585
CPVAE,CPVAE1,6h,SI4,0.0106039345
CPVAE,CPVAE1,6h,SI5,-0.0061547305
CPVAE,CPVAE1,6h,SI6,-0.0053946753
CPVAE,CPVAE1,6h,SI7,-0.009468018
CPVAE,CPVAE1,6h,SI8,-0.029680168
CPVAE,CPVAE1,6h,SI9,-0.024031363
CPVAE,CPVAE1,6h,ce,-0.06893889
CPVAE,CPVAE1,6h,co,-0.0068409303
CPVAE,CPVAE1,12h,st,0.094696
CPVAE,CPVAE1,12h,SI1,0.06750734
CPVAE,CPVAE1,12h,SI2,0.05218165
CPVAE,CPVAE1,12h,SI3,0.036322705
CPVAE,CPVAE1,12h,SI4,0.0059700613
CPVAE,CPVAE1,12h,SI5,-0.0034651398
CPVAE,CPVAE1,12h,SI6,-0.0030372255
CPVAE,CPVAE1,12h,SI7,-0.005330535
CPVAE,CPVAE1,12h,SI8,-0.016710062
CPVAE,CPVAE1,12h,SI9,-0.013529761
CPVAE,CPVAE1,12h,ce,-0.038812894
CPVAE,CPVAE1,12h,co,-0.0038514733
CPVAE,CPVAE1,24h,st,0.012724151
CPVAE,CPVAE1,24h,SI1,0.009070855
CPVAE,CPVAE1,24h,SI2,0.0070115654
CPVAE,CPVAE1,24h,SI3,0.004880624
CPVAE,CPVAE1,24h,SI4,0.00080218766
CPVAE,CPVAE1,24h,SI5,-0.00046560532
CPVAE,CPVAE1,24h,SI6,-0.00040810715
CPVAE,CPVAE1,24h,SI7,-0.00071625557
CPVAE,CPVAE1,24h,SI8,-0.0022453046
CPVAE,CPVAE1,24h,SI9,-0.0018179725
CPVAE,CPVAE1,24h,ce,-0.0052152267
CPVAE,CPVAE1,24h,co,-0.00051751634
CPVAE,CPVAE2,1h,st,0.006995614
CPVAE,CPVAE2,1h,SI1,-0.0004869654
CPVAE,CPVAE2,1h,SI2,0.0038026995
CPVAE,CPVAE2,1h,SI3,0.001909928
CPVAE,CPVAE2,1h,SI4,0.002231581
CPVAE,CPVAE2,1h,SI5,0.0009210012
CPVAE,CPVAE2,1h,SI6,-0.0003712614
CPVAE,CPVAE2,1h,SI7,-0.0008663221
CPVAE,CPVAE2,1h,SI8,-0.0007842909
CPVAE,CPVAE2,1h,SI9,-0.00073123723
CPVAE,CPVAE2,1h,ce,-0.0009251958
CPVAE,CPVAE2,1h,co,-0.0013508549
CPVAE,CPVAE2,3h,st,-0.14865829
CPVAE,CPVAE2,3h,SI1,0.010348118
CPVAE,CPVAE2,3h,SI2,-0.08080817
CPVAE,CPVAE2,3h,SI3,-0.04058638
CPVAE,CPVAE2,3h,SI4,-0.04742157
CPVAE,CPVAE2,3h,SI5,-0.01957147
CPVAE,CPVAE2,3h,SI6,0.0078893835
CPVAE,CPVAE2,3h,SI7,0.018409528
CPVAE,CPVAE2,3h,SI8,0.016666347
CPVAE,CPVAE2,3h,SI9,0.015538946
CPVAE,CPVAE2,3h,ce,0.019660607
CPVAE,CPVAE2,3h,co,0.028705953
CPVAE,CPVAE2,6h,st,-0.12523417
CPVAE,CPVAE2,6h,SI1,0.008717563
CPVAE,CPVAE2,6h,SI2,-0.06807521
CPVAE,CPVAE2,6h,SI3,-0.034191176
CPVAE,CPVAE2,6h,SI4,-0.039949346
CPVAE,CPVAE2,6h,SI5,-0.016487591
CPVAE,CPVAE2,6h,SI6,0.0066462522
CPVAE,CPVAE2,6h,SI7,0.015508736
CPVAE,CPVAE2,6h,SI8,0.014040229
CPVAE,CPVAE2,6h,SI9,0.013090472
CPVAE,CPVAE2,6h,ce,0.016562682
CPVAE,CPVAE2,6h,co,0.024182752
CPVAE,CPVAE2,12h,st,-0.022509122
CPVAE,CPVAE2,12h,SI1,0.0015668622
CPVAE,CPVAE2,12h,SI2,-0.012235584
CPVAE,CPVAE2,12h,SI3,-0.0061453935
CPVAE,CPVAE2,12h,SI4,-0.0071803457
CPVAE,CPVAE2,12h,SI5,-0.002963418
CPVAE,CPVAE2,12h,SI6,0.0011945724
CPVAE,CPVAE2,12h,SI7,0.002787482
CPVAE,CPVAE2,12h,SI8,0.0025235382
CPVAE,CPVAE2,12h,SI9,0.0023528324
CPVAE,CPVAE2,12h,ce,0.0029769144
CPVAE,CPVAE2,12h,co,0.0043465174
CPVAE,CPVAE2,24h,st,-0.0044499505
CPVAE,CPVAE2,24h,SI1,0.0003097615
CPVAE,CPVAE2,24h,SI2,-0.002418919
CPVAE,CPVAE2,24h,SI3,-0.0012149162
CPVAE,CPVAE2,24h,SI4,-0.0014195215
CPVAE,CPVAE2,24h,SI5,-0.00058585417
CPVAE,CPVAE2,24h,SI6,0.00023616152
CPVAE,CPVAE2,24h,SI7,0.0005510725
CPVAE,CPVAE2,24h,SI8,0.0004988919
CPVAE,CPVAE2,24h,SI9,0.0004651442
CPVAE,CPVAE2,24h,ce,0.00058852235
CPVAE,CPVAE2,24h,co,0.0008592866
CPVAE,CPVAE3,1h,st,0.016857957
CPVAE,CPVAE3,1h,SI1,0.011425633
CPVAE,CPVAE3,1h,SI2,-0.010098203
CPVAE,CPVAE3,1h,SI3,-0.011666399
CPVAE,CPVAE3,1h,SI4,-0.02093549
CPVAE,CPVAE3,1h,SI5,-0.025222259
CPVAE,CPVAE3,1h,SI6,-0.011364573
CPVAE,CPVAE3,1h,SI7,-0.0111673195
CPVAE,CPVAE3,1h,SI8,-0.0044596423
CPVAE,CPVAE3,1h,SI9,0.002636408
CPVAE,CPVAE3,1h,ce,-0.00022378855
CPVAE,CPVAE3,1h,co,0.0048905164
CPVAE,CPVAE3,3h,st,-0.101292245
CPVAE,CPVAE3,3h,SI1,-0.06865173
CPVAE,CPVAE3,3h,SI2,0.060675777
CPVAE,CPVAE3,3h,SI3,0.07009839
CPVAE,CPVAE3,3h,SI4,0.1257924
CPVAE,CPVAE3,3h,SI5,0.15154974
CPVAE,CPVAE3,3h,SI6,0.06828485
CPVAE,CPVAE3,3h,SI7,0.06709964
CPVAE,CPVAE3,3h,SI8,0.026796078
CPVAE,CPVAE3,3h,SI9,-0.015841046
CPVAE,CPVAE3,3h,ce,0.0013446495
CPVAE,CPVAE3,3h,co,-0.02938502
CPVAE,CPVAE3,6h,st,-0.059349563
CPVAE,CPVAE3,6h,SI1,-0.0402247
CPVAE,CPVAE3,6h,SI2,0.0355514
CPVAE,CPVAE3,6h,SI3,0.041072335
CPVAE,CPVAE3,6h,SI4,0.073704794
CPVAE,CPVAE3,6h,SI5,0.088796645
CPVAE,CPVAE3,6h,SI6,0.040009737
CPVAE,CPVAE3,6h,SI7,0.039315294
CPVAE,CPVAE3,6h,SI8,0.015700467
CPVAE,CPVAE3,6h,SI9,-0.00928165
CPVAE,CPVAE3,6h,ce,0.0007878625
CPVAE,CPVAE3,6h,co,-0.01721739
CPVAE,CPVAE3,12h,st,-0.01918479
CPVAE,CPVAE3,12h,SI1,-0.013002665
CPVAE,CPVAE3,12h,SI2,0.011492017
CPVAE,CPVAE3,12h,SI3,0.013276664
CPVAE,CPVAE3,12h,SI4,0.02382513
CPVAE,CPVAE3,12h,SI5,0.028703582
CPVAE,CPVAE3,12h,SI6,0.012933177
CPVAE,CPVAE3,12h,SI7,0.0127086975
CPVAE,CPVAE3,12h,SI8,0.005075188
CPVAE,CPVAE3,12h,SI9,-0.0030003004
CPVAE,CPVAE3,12h,ce,0.00025467714
CPVAE,CPVAE3,12h,co,-0.005565534
CPVAE,CPVAE3,24h,st,0.021149667
CPVAE,CPVAE3,24h,SI1,0.014334377
CPVAE,CPVAE3,24h,SI2,-0.01266901
CPVAE,CPVAE3,24h,SI3,-0.014636438
CPVAE,CPVAE3,24h,SI4,-0.026265262
CPVAE,CPVAE3,24h,SI5,-0.031643357
CPVAE,CPVAE3,24h,SI6,-0.014257773
CPVAE,CPVAE3,24h,SI7,-0.014010303
CPVAE,CPVAE3,24h,SI8,-0.0055949804
CPVAE,CPVAE3,24h,SI9,0.0033075863
CPVAE,CPVAE3,24h,ce,-0.00028076078
CPVAE,CPVAE3,24h,co,0.006135547
CPVAE,CPVAE4,1h,st,-0.009210946
CPVAE,CPVAE4,1h,SI1,0.080987394
CPVAE,CPVAE4,1h,SI2,-0.0018667614
CPVAE,CPVAE4,1h,SI3,0.011781409
CPVAE,CPVAE4,1h,SI4,-0.0009832642
CPVAE,CPVAE4,1h,SI5,-0.014926476
CPVAE,CPVAE4,1h,SI6,-0.024665667
CPVAE,CPVAE4,1h,SI7,-0.02057826
CPVAE,CPVAE4,1h,SI8,-0.015744863
CPVAE,CPVAE4,1h,SI9,-0.007377919
CPVAE,CPVAE4,1h,ce,-0.020085772
CPVAE,CPVAE4,1h,co,-0.0011605968
CPVAE,CPVAE4,3h,st,-0.022230908
CPVAE,CPVAE4,3h,SI1,0.19546564
CPVAE,CPVAE4,3h,SI2,-0.0045054876
CPVAE,CPVAE4,3h,SI3,0.028434804
CPVAE,CPVAE4,3h,SI4,-0.0023731391
CPVAE,CPVAE4,3h,SI5,-0.036025524
CPVAE,CPVAE4,3h,SI6,-0.05953137
CPVAE,CPVAE4,3h,SI7,-0.04966628
CPVAE,CPVAE4,3h,SI8,-0.038000725
CPVAE,CPVAE4,3h,SI9,-0.017806841
CPVAE,CPVAE4,3h,ce,-0.048477646
CPVAE,CPVAE4,3h,co,-0.0028011373
CPVAE,CPVAE4,6h,st,-0.014187399
CPVAE,CPVAE4,6h,SI1,0.12474295
CPVAE,CPVAE4,6h,SI2,-0.0028753278
CPVAE,CPVAE4,6h,SI3,0.018146623
CPVAE,CPVAE4,6h,SI4,-0.0015144983
CPVAE,CPVAE4,6h,SI5,-0.022990895
CPVAE,CPVAE4,6h,SI6,-0.037991937
CPVAE,CPVAE4,6h,SI7,-0.0316962
CPVAE,CPVAE4,6h,SI8,-0.024251435
CPVAE,CPVAE4,6h,SI9,-0.011364032
CPVAE,CPVAE4,6h,ce,-0.030937636
CPVAE,CPVAE4,6h,co,-0.0017876396
CPVAE,CPVAE4,12h,st,-0.0036810266
CPVAE,CPVAE4,12h,SI1,0.032365486
CPVAE,CPVAE4,12h,SI2,-0.00074602524
CPVAE,CPVAE4,12h,SI3,0.0047082766
CPVAE,CPVAE4,12h,SI4,-0.00039294787
CPVAE,CPVAE4,12h,SI5,-0.005965159
CPVAE,CPVAE4,12h,SI6,-0.009857291
CPVAE,CPVAE4,12h,SI7,-0.008223816
CPVAE,CPVAE4,12h,SI8,-0.0062922155
CPVAE,CPVAE4,12h,SI9,-0.0029484828
CPVAE,CPVAE4,12h,ce,-0.008027
CPVAE,CPVAE4,12h,co,-0.0004638164
CPVAE,CPVAE4,24h,st,-0.0010462366
CPVAE,CPVAE4,24h,SI1,0.009199052
CPVAE,CPVAE4,24h,SI2,-0.00021203837
CPVAE,CPVAE4,24h,SI3,0.0013382058
CPVAE,CPVAE4,24h,SI4,-0.000111685265
CPVAE,CPVAE4,24h,SI5,-0.0016954421
CPVAE,CPVAE4,24h,SI6,-0.00280168
CPVAE,CPVAE4,24h,SI7,-0.0023374069
CPVAE,CPVAE4,24h,SI8,-0.0017883995
CPVAE,CPVAE4,24h,SI9,-0.00083802996
CPVAE,CPVAE4,24h,ce,-0.0022814672
CPVAE,CPVAE4,24h,co,-0.00013182781
CPVAE,CPVAE5,1h,st,0.0017312665
CPVAE,CPVAE5,1h,SI1,0.017994557
CPVAE,CPVAE5,1h,SI2,0.01464954
CPVAE,CPVAE5,1h,SI3,0.011121335
CPVAE,CPVAE5,1h,SI4,0.0043192767
CPVAE,CPVAE5,1h,SI5,-0.0053302185
CPVAE,CPVAE5,1h,SI6,-0.007156184
CPVAE,CPVAE5,1h,SI7,-0.007851488
CPVAE,CPVAE5,1h,SI8,-0.006068306
CPVAE,CPVAE5,1h,SI9,-0.005614563
CPVAE,CPVAE5,1h,ce,-0.00023805037
CPVAE,CPVAE5,1h,co,-0.003992033
CPVAE,CPVAE5,3h,st,0.0013268504
CPVAE,CPVAE5,3h,SI1,0.013791109
CPVAE,CPVAE5,3h,SI2,0.011227474
CPVAE,CPVAE5,3h,SI3,0.008523442
CPVAE,CPVAE5,3h,SI4,0.003310313
CPVAE,CPVAE5,3h,SI5,-0.0040851035
CPVAE,CPVAE5,3h,SI6,-0.0054845316
CPVAE,CPVAE5,3h,SI7,-0.006017416
CPVAE,CPVAE5,3h,SI8,-0.004650777
CPVAE,CPVAE5,3h,SI9,-0.004303026
CPVAE,CPVAE5,3h,ce,-0.00018244288
CPVAE,CPVAE5,3h,co,-0.0030595122
CPVAE,CPVAE5,6h,st,0.007943077
CPVAE,CPVAE5,6h,SI1,0.082559295
CPVAE,CPVAE5,6h,SI2,0.06721231
CPVAE,CPVAE5,6h,SI3,0.051024854
CPVAE,CPVAE5,6h,SI4,0.019816905
CPVAE,CPVAE5,6h,SI5,-0.024455123
CPVAE,CPVAE5,6h,SI6,-0.03283268
CPVAE,CPVAE5,6h,SI7,-0.036022745
CPVAE,CPVAE5,6h,SI8,-0.027841479
CPVAE,CPVAE5,6h,SI9,-0.025759697
CPVAE,CPVAE5,6h,ce,-0.0010921786
CPVAE,CPVAE5,6h,co,-0.018315509
CPVAE,CPVAE5,12h,st,0.012569186
CPVAE,CPVAE5,12h,SI1,0.13064247
CPVAE,CPVAE5,12h,SI2,0.106357284
CPVAE,CPVAE5,12h,SI3,0.08074212
CPVAE,CPVAE5,12h,SI4,0.031358425
CPVAE,CPVAE5,12h,SI5,-0.038697973
CPVAE,CPVAE5,12h,SI6,-0.051954683
CPVAE,CPVAE5,12h,SI7,-0.05700267
CPVAE,CPVAE5,12h,SI8,-0.044056572
CPVAE,CPVAE5,12h,SI9,-0.040762346
CPVAE,CPVAE5,12h,ce,-0.001728272
CPVAE,CPVAE5,12h,co,-0.028982602
CPVAE,CPVAE5,24h,st,0.0020309235
CPVAE,CPVAE5,24h,SI1,0.021109153
CPVAE,CPVAE5,24h,SI2,0.017185163
CPVAE,CPVAE5,24h,SI3,0.013046277
CPVAE,CPVAE5,24h,SI4,0.00506688
CPVAE,CPVAE5,24h,SI5,-0.0062528015
CPVAE,CPVAE5,24h,SI6,-0.008394815
CPVAE,CPVAE5,24h,SI7,-0.009210466
CPVAE,CPVAE5,24h,SI8,-0.0071186414
CPVAE,CPVAE5,24h,SI9,-0.0065863617
CPVAE,CPVAE5,24h,ce,-0.0002792534
CPVAE,CPVAE5,24h,co,-0.004682996
CPVAE,CPVAE6,1h,st,0.12688358
CPVAE,CPVAE6,1h,SI1,-0.009589159
CPVAE,CPVAE6,1h,SI2,0.022882698
CPVAE,CPVAE6,1h,SI3,0.04504481
CPVAE,CPVAE6,1h,SI4,0.061119024
CPVAE,CPVAE6,1h,SI5,0.026351603
CPVAE,CPVAE6,1h,SI6,0.014269266
CPVAE,CPVAE6,1h,SI7,0.01092097
CPVAE,CPVAE6,1h,SI8,0.017071728
CPVAE,CPVAE6,1h,SI9,0.026252512
CPVAE,CPVAE6,1h,ce,0.06303797
CPVAE,CPVAE6,1h,co,0.031130012
CPVAE,CPVAE6,3h,st,0.122916535
CPVAE,CPVAE6,3h,SI1,-0.009289351
CPVAE,CPVAE6,3h,SI2,0.022167264
CPVAE,CPVAE6,3h,SI3,0.04363647
CPVAE,CPVAE6,3h,SI4,0.05920812
CPVAE,CPVAE6,3h,SI5,0.025527712
CPVAE,CPVAE6,3h,SI6,0.013823134
CPVAE,CPVAE6,3h,SI7,0.010579524
CPVAE,CPVAE6,3h,SI8,0.016537977
CPVAE,CPVAE6,3h,SI9,0.02543172
CPVAE,CPVAE6,3h,ce,0.06106707
CPVAE,CPVAE6,3h,co,0.030156724
CPVAE,CPVAE6,6h,st,-0.14324628
CPVAE,CPVAE6,6h,SI1,0.010825762
CPVAE,CPVAE6,6h,SI2,-0.025833612
CPVAE,CPVAE6,6h,SI3,-0.050853714
CPVAE,CPVAE6,6h,SI4,-0.06900083
CPVAE,CPVAE6,6h,SI5,-0.029749861
CPVAE,CPVAE6,6h,SI6,-0.016109407
CPVAE,CPVAE6,6h,SI7,-0.01232932
CPVAE,CPVAE6,6h,SI8,-0.01927327
CPVAE,CPVAE6,6h,SI9,-0.029637992
CPVAE,CPVAE6,6h,ce,-0.07116724
CPVAE,CPVAE6,6h,co,-0.035144486
CPVAE,CPVAE6,12h,st,0.0019645023
CPVAE,CPVAE6,12h,SI1,-0.0001484662
CPVAE,CPVAE6,12h,SI2,0.00035428625
CPVAE,CPVAE6,12h,SI3,0.0006974159
CPVAE,CPVAE6,12h,SI4,0.0009462884
CPVAE,CPVAE6,12h,SI5,0.00040799432
CPVAE,CPVAE6,12h,SI6,0.00022092697
CPVAE,CPVAE6,12h,SI7,0.00016908626
CPVAE,CPVAE6,12h,SI8,0.0002643167
CPVAE,CPVAE6,12h,SI9,0.00040646014
CPVAE,CPVAE6,12h,ce,0.0009759989
CPVAE,CPVAE6,12h,co,0.0004819771
CPVAE,CPVAE6,24h,st,-0.021573385
CPVAE,CPVAE6,24h,SI1,0.001630397
CPVAE,CPVAE6,24h,SI2,-0.0038906313
CPVAE,CPVAE6,24h,SI3,-0.0076587447
CPVAE,CPVAE6,24h,SI4,-0.010391763
CPVAE,CPVAE6,24h,SI5,-0.004480432
CPVAE,CPVAE6,24h,SI6,-0.0024261323
CPVAE,CPVAE6,24h,SI7,-0.0018568382
CPVAE,CPVAE6,24h,SI8,-0.0029026212
CPVAE,CPVAE6,24h,SI9,-0.0044635837
CPVAE,CPVAE6,24h,ce,-0.010718032
CPVAE,CPVAE6,24h,co,-0.0052928813
