PC,Feature,Time,Space,Loading,Abs_loading,Variance_explained
PC1,1h_st,1h,st,0.010364986115904272,0.010364986115904272,0.09929057890914819
PC1,1h_SI1,1h,SI1,-0.11451884582609609,0.11451884582609609,0.09929057890914819
PC1,1h_SI2,1h,SI2,-0.11779561350404491,0.11779561350404491,0.09929057890914819
PC1,1h_SI3,1h,SI3,-0.14421104861985282,0.14421104861985282,0.09929057890914819
PC1,1h_SI4,1h,SI4,-0.175132678307368,0.175132678307368,0.09929057890914819
PC1,1h_SI5,1h,SI5,-0.18796785581723016,0.18796785581723016,0.09929057890914819
PC1,1h_SI6,1h,SI6,-0.18611213821840317,0.18611213821840317,0.09929057890914819
PC1,1h_SI7,1h,SI7,-0.17912935459777973,0.17912935459777973,0.09929057890914819
PC1,1h_SI8,1h,SI8,-0.16820955372448396,0.16820955372448396,0.09929057890914819
PC1,1h_SI9,1h,SI9,-0.1684294281950076,0.1684294281950076,0.09929057890914819
PC1,1h_ce,1h,ce,-0.16695060108611026,0.16695060108611026,0.09929057890914819
PC1,1h_co,1h,co,-0.14142283022272345,0.14142283022272345,0.09929057890914819
PC1,3h_st,3h,st,0.10831267183573602,0.10831267183573602,0.09929057890914819
PC1,3h_SI1,3h,SI1,0.25207252263066837,0.25207252263066837,0.09929057890914819
PC1,3h_SI2,3h,SI2,0.23542652134047992,0.23542652134047992,0.09929057890914819
PC1,3h_SI3,3h,SI3,0.21703959409558168,0.21703959409558168,0.09929057890914819
PC1,3h_SI4,3h,SI4,0.1734057054916407,0.1734057054916407,0.09929057890914819
PC1,3h_SI5,3h,SI5,0.03448761710518767,0.03448761710518767,0.09929057890914819
PC1,3h_SI6,3h,SI6,-0.03866619177601882,0.03866619177601882,0.09929057890914819
PC1,3h_SI7,3h,SI7,-0.09100188790891668,0.09100188790891668,0.09929057890914819
PC1,3h_SI8,3h,SI8,-0.05011913641351693,0.05011913641351693,0.09929057890914819
PC1,3h_SI9,3h,SI9,-0.016401005725016696,0.016401005725016696,0.09929057890914819
PC1,3h_ce,3h,ce,-0.09890867102113686,0.09890867102113686,0.09929057890914819
PC1,3h_co,3h,co,-0.10859740291769146,0.10859740291769146,0.09929057890914819
PC1,6h_st,6h,st,0.153783119620352,0.153783119620352,0.09929057890914819
PC1,6h_SI1,6h,SI1,0.21527921943121167,0.21527921943121167,0.09929057890914819
PC1,6h_SI2,6h,SI2,0.24522379787851256,0.24522379787851256,0.09929057890914819
PC1,6h_SI3,6h,SI3,0.2079630210484461,0.2079630210484461,0.09929057890914819
PC1,6h_SI4,6h,SI4,0.21123677493226523,0.21123677493226523,0.09929057890914819
PC1,6h_SI5,6h,SI5,0.0063670987073107255,0.0063670987073107255,0.09929057890914819
PC1,6h_SI6,6h,SI6,-0.07918381026293937,0.07918381026293937,0.09929057890914819
PC1,6h_SI7,6h,SI7,-0.09741573368867805,0.09741573368867805,0.09929057890914819
PC1,6h_SI8,6h,SI8,-0.09923597086032834,0.09923597086032834,0.09929057890914819
PC1,6h_SI9,6h,SI9,-0.08794535559667363,0.08794535559667363,0.09929057890914819
PC1,6h_ce,6h,ce,-0.055345228430826135,0.055345228430826135,0.09929057890914819
PC1,6h_co,6h,co,-0.097589783092895,0.097589783092895,0.09929057890914819
PC1,12h_st,12h,st,0.0792524624570288,0.0792524624570288,0.09929057890914819
PC1,12h_SI1,12h,SI1,0.25239786567023065,0.25239786567023065,0.09929057890914819
PC1,12h_SI2,12h,SI2,0.22149665993390938,0.22149665993390938,0.09929057890914819
PC1,12h_SI3,12h,SI3,0.1555834213038582,0.1555834213038582,0.09929057890914819
PC1,12h_SI4,12h,SI4,0.11788687081435006,0.11788687081435006,0.09929057890914819
PC1,12h_SI5,12h,SI5,-0.027547635326520586,0.027547635326520586,0.09929057890914819
PC1,12h_SI6,12h,SI6,-0.06460067800168977,0.06460067800168977,0.09929057890914819
PC1,12h_SI7,12h,SI7,-0.08310642413212642,0.08310642413212642,0.09929057890914819
PC1,12h_SI8,12h,SI8,-0.06789590325563045,0.06789590325563045,0.09929057890914819
PC1,12h_SI9,12h,SI9,-0.055006492455162294,0.055006492455162294,0.09929057890914819
PC1,12h_ce,12h,ce,-0.06095818463963035,0.06095818463963035,0.09929057890914819
PC1,12h_co,12h,co,-0.0644566632861702,0.0644566632861702,0.09929057890914819
PC1,24h_st,24h,st,0.06685245505155092,0.06685245505155092,0.09929057890914819
PC1,24h_SI1,24h,SI1,0.10309829719674488,0.10309829719674488,0.09929057890914819
PC1,24h_SI2,24h,SI2,0.05545954505523777,0.05545954505523777,0.09929057890914819
PC1,24h_SI3,24h,SI3,0.04055003230961949,0.04055003230961949,0.09929057890914819
PC1,24h_SI4,24h,SI4,0.03164846962884069,0.03164846962884069,0.09929057890914819
PC1,24h_SI5,24h,SI5,0.009176848819207299,0.009176848819207299,0.09929057890914819
PC1,24h_SI6,24h,SI6,-0.012961392041389606,0.012961392041389606,0.09929057890914819
PC1,24h_SI7,24h,SI7,-0.01906927530241882,0.01906927530241882,0.09929057890914819
PC1,24h_SI8,24h,SI8,-0.01313421009401737,0.01313421009401737,0.09929057890914819
PC1,24h_SI9,24h,SI9,-0.01965254268721043,0.01965254268721043,0.09929057890914819
PC1,24h_ce,24h,ce,-0.03130127802626999,0.03130127802626999,0.09929057890914819
PC1,24h_co,24h,co,-0.014384773411900012,0.014384773411900012,0.09929057890914819
PC2,1h_st,1h,st,0.29781725458137953,0.29781725458137953,0.07146642099673074
PC2,1h_SI1,1h,SI1,-0.02520637746071941,0.02520637746071941,0.07146642099673074
PC2,1h_SI2,1h,SI2,0.05771351057838443,0.05771351057838443,0.07146642099673074
PC2,1h_SI3,1h,SI3,0.0817875043568918,0.0817875043568918,0.07146642099673074
PC2,1h_SI4,1h,SI4,0.054634697536240756,0.054634697536240756,0.07146642099673074
PC2,1h_SI5,1h,SI5,0.06889914848019871,0.06889914848019871,0.07146642099673074
PC2,1h_SI6,1h,SI6,0.08016071555969334,0.08016071555969334,0.07146642099673074
PC2,1h_SI7,1h,SI7,0.07915910504032855,0.07915910504032855,0.07146642099673074
PC2,1h_SI8,1h,SI8,0.116760506449701,0.116760506449701,0.07146642099673074
PC2,1h_SI9,1h,SI9,0.10952560729859481,0.10952560729859481,0.07146642099673074
PC2,1h_ce,1h,ce,0.12204768043122742,0.12204768043122742,0.07146642099673074
PC2,1h_co,1h,co,0.11912471264447502,0.11912471264447502,0.07146642099673074
PC2,3h_st,3h,st,0.3735611081582232,0.3735611081582232,0.07146642099673074
PC2,3h_SI1,3h,SI1,0.018611168203418352,0.018611168203418352,0.07146642099673074
PC2,3h_SI2,3h,SI2,0.04251945105262646,0.04251945105262646,0.07146642099673074
PC2,3h_SI3,3h,SI3,0.04256221221189907,0.04256221221189907,0.07146642099673074
PC2,3h_SI4,3h,SI4,-0.016545891425556694,0.016545891425556694,0.07146642099673074
PC2,3h_SI5,3h,SI5,-0.2123350173254606,0.2123350173254606,0.07146642099673074
PC2,3h_SI6,3h,SI6,-0.17373816584398236,0.17373816584398236,0.07146642099673074
PC2,3h_SI7,3h,SI7,-0.17651623641628394,0.17651623641628394,0.07146642099673074
PC2,3h_SI8,3h,SI8,0.0033846343294891114,0.0033846343294891114,0.07146642099673074
PC2,3h_SI9,3h,SI9,0.10706613892700761,0.10706613892700761,0.07146642099673074
PC2,3h_ce,3h,ce,0.10697839618734022,0.10697839618734022,0.07146642099673074
PC2,3h_co,3h,co,0.12204491279279867,0.12204491279279867,0.07146642099673074
PC2,6h_st,6h,st,0.33791644819278216,0.33791644819278216,0.07146642099673074
PC2,6h_SI1,6h,SI1,0.05786549156512136,0.05786549156512136,0.07146642099673074
PC2,6h_SI2,6h,SI2,-0.01781987179298022,0.01781987179298022,0.07146642099673074
PC2,6h_SI3,6h,SI3,0.005014835081284595,0.005014835081284595,0.07146642099673074
PC2,6h_SI4,6h,SI4,-0.25989133447603124,0.25989133447603124,0.07146642099673074
PC2,6h_SI5,6h,SI5,-0.2754877757863172,0.2754877757863172,0.07146642099673074
PC2,6h_SI6,6h,SI6,-0.14743345602614297,0.14743345602614297,0.07146642099673074
PC2,6h_SI7,6h,SI7,-0.1260357485041734,0.1260357485041734,0.07146642099673074
PC2,6h_SI8,6h,SI8,-0.0970364074318228,0.0970364074318228,0.07146642099673074
PC2,6h_SI9,6h,SI9,-0.06838708550066627,0.06838708550066627,0.07146642099673074
PC2,6h_ce,6h,ce,-0.19535339273149888,0.19535339273149888,0.07146642099673074
PC2,6h_co,6h,co,-0.043029117288089704,0.043029117288089704,0.07146642099673074
PC2,12h_st,12h,st,0.2949824827088844,0.2949824827088844,0.07146642099673074
PC2,12h_SI1,12h,SI1,0.006526831118829382,0.006526831118829382,0.07146642099673074
PC2,12h_SI2,12h,SI2,-0.056071039109399,0.056071039109399,0.07146642099673074
PC2,12h_SI3,12h,SI3,-0.024902253682872952,0.024902253682872952,0.07146642099673074
PC2,12h_SI4,12h,SI4,-0.12971261640006976,0.12971261640006976,0.07146642099673074
PC2,12h_SI5,12h,SI5,-0.11024830404111526,0.11024830404111526,0.07146642099673074
PC2,12h_SI6,12h,SI6,-0.1004333692091024,0.1004333692091024,0.07146642099673074
PC2,12h_SI7,12h,SI7,-0.07328666123595673,0.07328666123595673,0.07146642099673074
PC2,12h_SI8,12h,SI8,-0.14783569585470735,0.14783569585470735,0.07146642099673074
PC2,12h_SI9,12h,SI9,-0.1123199083711874,0.1123199083711874,0.07146642099673074
PC2,12h_ce,12h,ce,-0.10545669689272577,0.10545669689272577,0.07146642099673074
PC2,12h_co,12h,co,-0.007564192346487053,0.007564192346487053,0.07146642099673074
PC2,24h_st,24h,st,-0.02228959002037422,0.02228959002037422,0.07146642099673074
PC2,24h_SI1,24h,SI1,-0.010676873450907773,0.010676873450907773,0.07146642099673074
PC2,24h_SI2,24h,SI2,0.009824182637750024,0.009824182637750024,0.07146642099673074
PC2,24h_SI3,24h,SI3,-0.010979954618387458,0.010979954618387458,0.07146642099673074
PC2,24h_SI4,24h,SI4,0.002654334783555957,0.002654334783555957,0.07146642099673074
PC2,24h_SI5,24h,SI5,-0.0009523678215587726,0.0009523678215587726,0.07146642099673074
PC2,24h_SI6,24h,SI6,0.008728754924043153,0.008728754924043153,0.07146642099673074
PC2,24h_SI7,24h,SI7,0.019431472772826554,0.019431472772826554,0.07146642099673074
PC2,24h_SI8,24h,SI8,0.03287331707945252,0.03287331707945252,0.07146642099673074
PC2,24h_SI9,24h,SI9,-0.0036851828184238265,0.0036851828184238265,0.07146642099673074
PC2,24h_ce,24h,ce,0.004549472292266343,0.004549472292266343,0.07146642099673074
PC2,24h_co,24h,co,-0.033495504093714996,0.033495504093714996,0.07146642099673074
PC3,1h_st,1h,st,0.0849997232632307,0.0849997232632307,0.05059392473547443
PC3,1h_SI1,1h,SI1,0.07673023005751449,0.07673023005751449,0.05059392473547443
PC3,1h_SI2,1h,SI2,-0.06940276694832175,0.06940276694832175,0.05059392473547443
PC3,1h_SI3,1h,SI3,-0.030317059388939284,0.030317059388939284,0.05059392473547443
PC3,1h_SI4,1h,SI4,-0.0022935258900759854,0.0022935258900759854,0.05059392473547443
PC3,1h_SI5,1h,SI5,0.00302152933182903,0.00302152933182903,0.05059392473547443
PC3,1h_SI6,1h,SI6,-0.002587091406562466,0.002587091406562466,0.05059392473547443
PC3,1h_SI7,1h,SI7,-0.004361202663298204,0.004361202663298204,0.05059392473547443
PC3,1h_SI8,1h,SI8,0.0016120329895106885,0.0016120329895106885,0.05059392473547443
PC3,1h_SI9,1h,SI9,-0.006351683284130279,0.006351683284130279,0.05059392473547443
PC3,1h_ce,1h,ce,-0.051207814303465736,0.051207814303465736,0.05059392473547443
PC3,1h_co,1h,co,-0.1245725699160123,0.1245725699160123,0.05059392473547443
PC3,3h_st,3h,st,0.6698517142990242,0.6698517142990242,0.05059392473547443
PC3,3h_SI1,3h,SI1,0.2859432609052806,0.2859432609052806,0.05059392473547443
PC3,3h_SI2,3h,SI2,0.1611708156146685,0.1611708156146685,0.05059392473547443
PC3,3h_SI3,3h,SI3,-0.008507411964985327,0.008507411964985327,0.05059392473547443
PC3,3h_SI4,3h,SI4,0.16394822622409982,0.16394822622409982,0.05059392473547443
PC3,3h_SI5,3h,SI5,0.1623946106495227,0.1623946106495227,0.05059392473547443
PC3,3h_SI6,3h,SI6,0.06570534294197763,0.06570534294197763,0.05059392473547443
PC3,3h_SI7,3h,SI7,0.023988901426407458,0.023988901426407458,0.05059392473547443
PC3,3h_SI8,3h,SI8,-0.09541952271162543,0.09541952271162543,0.05059392473547443
PC3,3h_SI9,3h,SI9,-0.1486791044398972,0.1486791044398972,0.05059392473547443
PC3,3h_ce,3h,ce,-0.0694757243712976,0.0694757243712976,0.05059392473547443
PC3,3h_co,3h,co,-0.06460160561240948,0.06460160561240948,0.05059392473547443
PC3,6h_st,6h,st,-0.1693466418265686,0.1693466418265686,0.05059392473547443
PC3,6h_SI1,6h,SI1,-0.08038085133249866,0.08038085133249866,0.05059392473547443
PC3,6h_SI2,6h,SI2,-0.09226749739523439,0.09226749739523439,0.05059392473547443
PC3,6h_SI3,6h,SI3,-0.15866918787681297,0.15866918787681297,0.05059392473547443
PC3,6h_SI4,6h,SI4,0.09155850892910074,0.09155850892910074,0.05059392473547443
PC3,6h_SI5,6h,SI5,0.0879817112477578,0.0879817112477578,0.05059392473547443
PC3,6h_SI6,6h,SI6,0.05414300968082587,0.05414300968082587,0.05059392473547443
PC3,6h_SI7,6h,SI7,0.05619488634449428,0.05619488634449428,0.05059392473547443
PC3,6h_SI8,6h,SI8,0.012377637356227229,0.012377637356227229,0.05059392473547443
PC3,6h_SI9,6h,SI9,-0.014964335925868037,0.014964335925868037,0.05059392473547443
PC3,6h_ce,6h,ce,0.0777585394441699,0.0777585394441699,0.05059392473547443
PC3,6h_co,6h,co,-0.016717150616388596,0.016717150616388596,0.05059392473547443
PC3,12h_st,12h,st,-0.1840822261356223,0.1840822261356223,0.05059392473547443
PC3,12h_SI1,12h,SI1,-0.2186258808967507,0.2186258808967507,0.05059392473547443
PC3,12h_SI2,12h,SI2,-0.23870733877656222,0.23870733877656222,0.05059392473547443
PC3,12h_SI3,12h,SI3,-0.22304087206347978,0.22304087206347978,0.05059392473547443
PC3,12h_SI4,12h,SI4,-0.08902303263473141,0.08902303263473141,0.05059392473547443
PC3,12h_SI5,12h,SI5,-0.004579474674992079,0.004579474674992079,0.05059392473547443
PC3,12h_SI6,12h,SI6,0.012741266834488408,0.012741266834488408,0.05059392473547443
PC3,12h_SI7,12h,SI7,0.0006467576660883538,0.0006467576660883538,0.05059392473547443
PC3,12h_SI8,12h,SI8,0.04162383390050796,0.04162383390050796,0.05059392473547443
PC3,12h_SI9,12h,SI9,0.01014557443460097,0.01014557443460097,0.05059392473547443
PC3,12h_ce,12h,ce,-0.014897901312767553,0.014897901312767553,0.05059392473547443
PC3,12h_co,12h,co,-0.05251603772594276,0.05251603772594276,0.05059392473547443
PC3,24h_st,24h,st,0.035180113412348564,0.035180113412348564,0.05059392473547443
PC3,24h_SI1,24h,SI1,-0.03163335406309036,0.03163335406309036,0.05059392473547443
PC3,24h_SI2,24h,SI2,-0.011592515578991656,0.011592515578991656,0.05059392473547443
PC3,24h_SI3,24h,SI3,-0.00047946827123434866,0.00047946827123434866,0.05059392473547443
PC3,24h_SI4,24h,SI4,-0.00972632745117741,0.00972632745117741,0.05059392473547443
PC3,24h_SI5,24h,SI5,-0.010173548043995671,0.010173548043995671,0.05059392473547443
PC3,24h_SI6,24h,SI6,-0.007304600745265841,0.007304600745265841,0.05059392473547443
PC3,24h_SI7,24h,SI7,-0.003948753094263571,0.003948753094263571,0.05059392473547443
PC3,24h_SI8,24h,SI8,-0.006531335791505248,0.006531335791505248,0.05059392473547443
PC3,24h_SI9,24h,SI9,0.046579888163558784,0.046579888163558784,0.05059392473547443
PC3,24h_ce,24h,ce,0.04810655065927791,0.04810655065927791,0.05059392473547443
PC3,24h_co,24h,co,0.042580749358253484,0.042580749358253484,0.05059392473547443
PC4,1h_st,1h,st,-0.05913002706990109,0.05913002706990109,0.047290408672321885
PC4,1h_SI1,1h,SI1,0.2888977712531419,0.2888977712531419,0.047290408672321885
PC4,1h_SI2,1h,SI2,0.12670359812798085,0.12670359812798085,0.047290408672321885
PC4,1h_SI3,1h,SI3,0.0749548713028668,0.0749548713028668,0.047290408672321885
PC4,1h_SI4,1h,SI4,0.111249229571572,0.111249229571572,0.047290408672321885
PC4,1h_SI5,1h,SI5,0.10129300341829445,0.10129300341829445,0.047290408672321885
PC4,1h_SI6,1h,SI6,0.09768022075587424,0.09768022075587424,0.047290408672321885
PC4,1h_SI7,1h,SI7,0.1090746273082193,0.1090746273082193,0.047290408672321885
PC4,1h_SI8,1h,SI8,0.07970710791126998,0.07970710791126998,0.047290408672321885
PC4,1h_SI9,1h,SI9,0.09412557612705101,0.09412557612705101,0.047290408672321885
PC4,1h_ce,1h,ce,0.19152209352476648,0.19152209352476648,0.047290408672321885
PC4,1h_co,1h,co,0.1669372525165716,0.1669372525165716,0.047290408672321885
PC4,3h_st,3h,st,-0.2775983724396639,0.2775983724396639,0.047290408672321885
PC4,3h_SI1,3h,SI1,0.407654653507213,0.407654653507213,0.047290408672321885
PC4,3h_SI2,3h,SI2,0.27997464829878965,0.27997464829878965,0.047290408672321885
PC4,3h_SI3,3h,SI3,0.2355508076413065,0.2355508076413065,0.047290408672321885
PC4,3h_SI4,3h,SI4,0.290192870044246,0.290192870044246,0.047290408672321885
PC4,3h_SI5,3h,SI5,0.05493218715859755,0.05493218715859755,0.047290408672321885
PC4,3h_SI6,3h,SI6,0.0005756615001021207,0.0005756615001021207,0.047290408672321885
PC4,3h_SI7,3h,SI7,0.0015689440394453795,0.0015689440394453795,0.047290408672321885
PC4,3h_SI8,3h,SI8,-0.005449746954656592,0.005449746954656592,0.047290408672321885
PC4,3h_SI9,3h,SI9,0.03617294047597427,0.03617294047597427,0.047290408672321885
PC4,3h_ce,3h,ce,0.027005031533823904,0.027005031533823904,0.047290408672321885
PC4,3h_co,3h,co,0.028061772096019236,0.028061772096019236,0.047290408672321885
PC4,6h_st,6h,st,-0.2734587664717944,0.2734587664717944,0.047290408672321885
PC4,6h_SI1,6h,SI1,-0.0013781122968122147,0.0013781122968122147,0.047290408672321885
PC4,6h_SI2,6h,SI2,-0.021702773564737102,0.021702773564737102,0.047290408672321885
PC4,6h_SI3,6h,SI3,0.034640505414177354,0.034640505414177354,0.047290408672321885
PC4,6h_SI4,6h,SI4,-0.05544755844216307,0.05544755844216307,0.047290408672321885
PC4,6h_SI5,6h,SI5,-0.04846632993850426,0.04846632993850426,0.047290408672321885
PC4,6h_SI6,6h,SI6,-0.07697322508745796,0.07697322508745796,0.047290408672321885
PC4,6h_SI7,6h,SI7,-0.06929692317025545,0.06929692317025545,0.047290408672321885
PC4,6h_SI8,6h,SI8,-0.053643372953815265,0.053643372953815265,0.047290408672321885
PC4,6h_SI9,6h,SI9,-0.04404008425683819,0.04404008425683819,0.047290408672321885
PC4,6h_ce,6h,ce,-0.005764708382611984,0.005764708382611984,0.047290408672321885
PC4,6h_co,6h,co,-0.02662155289995558,0.02662155289995558,0.047290408672321885
PC4,12h_st,12h,st,-0.05838381253654478,0.05838381253654478,0.047290408672321885
PC4,12h_SI1,12h,SI1,0.0512428854352167,0.0512428854352167,0.047290408672321885
PC4,12h_SI2,12h,SI2,-0.0010783832643588335,0.0010783832643588335,0.047290408672321885
PC4,12h_SI3,12h,SI3,0.03701010880777602,0.03701010880777602,0.047290408672321885
PC4,12h_SI4,12h,SI4,-0.026620810598953354,0.026620810598953354,0.047290408672321885
PC4,12h_SI5,12h,SI5,-0.08025282950554569,0.08025282950554569,0.047290408672321885
PC4,12h_SI6,12h,SI6,-0.086964839664248,0.086964839664248,0.047290408672321885
PC4,12h_SI7,12h,SI7,-0.074746540373053,0.074746540373053,0.047290408672321885
PC4,12h_SI8,12h,SI8,-0.06766819840821171,0.06766819840821171,0.047290408672321885
PC4,12h_SI9,12h,SI9,-0.07440995808138692,0.07440995808138692,0.047290408672321885
PC4,12h_ce,12h,ce,-0.04597141931822239,0.04597141931822239,0.047290408672321885
PC4,12h_co,12h,co,0.0012571429737185617,0.0012571429737185617,0.047290408672321885
PC4,24h_st,24h,st,-0.12639464161328284,0.12639464161328284,0.047290408672321885
PC4,24h_SI1,24h,SI1,-0.12495415837977236,0.12495415837977236,0.047290408672321885
PC4,24h_SI2,24h,SI2,-0.11179462970399684,0.11179462970399684,0.047290408672321885
PC4,24h_SI3,24h,SI3,-0.11482079827353373,0.11482079827353373,0.047290408672321885
PC4,24h_SI4,24h,SI4,-0.11111942281276359,0.11111942281276359,0.047290408672321885
PC4,24h_SI5,24h,SI5,-0.11044617000916555,0.11044617000916555,0.047290408672321885
PC4,24h_SI6,24h,SI6,-0.1107411520491877,0.1107411520491877,0.047290408672321885
PC4,24h_SI7,24h,SI7,-0.10998582520408358,0.10998582520408358,0.047290408672321885
PC4,24h_SI8,24h,SI8,-0.10599189021336286,0.10599189021336286,0.047290408672321885
PC4,24h_SI9,24h,SI9,-0.12430855825505507,0.12430855825505507,0.047290408672321885
PC4,24h_ce,24h,ce,-0.12027120313170456,0.12027120313170456,0.047290408672321885
PC4,24h_co,24h,co,-0.12208871541841482,0.12208871541841482,0.047290408672321885
PC5,1h_st,1h,st,0.024441879862411215,0.024441879862411215,0.04447730815989208
PC5,1h_SI1,1h,SI1,0.11847350066710985,0.11847350066710985,0.04447730815989208
PC5,1h_SI2,1h,SI2,-0.008076626920834572,0.008076626920834572,0.04447730815989208
PC5,1h_SI3,1h,SI3,0.00924159812296899,0.00924159812296899,0.04447730815989208
PC5,1h_SI4,1h,SI4,0.01971251057427143,0.01971251057427143,0.04447730815989208
PC5,1h_SI5,1h,SI5,0.01805598181574986,0.01805598181574986,0.04447730815989208
PC5,1h_SI6,1h,SI6,0.018810004404146506,0.018810004404146506,0.04447730815989208
PC5,1h_SI7,1h,SI7,0.01408086474426742,0.01408086474426742,0.04447730815989208
PC5,1h_SI8,1h,SI8,0.026050995228932332,0.026050995228932332,0.04447730815989208
PC5,1h_SI9,1h,SI9,0.01937354607395335,0.01937354607395335,0.04447730815989208
PC5,1h_ce,1h,ce,-0.0016068013161247808,0.0016068013161247808,0.04447730815989208
PC5,1h_co,1h,co,-0.014653515312401855,0.014653515312401855,0.04447730815989208
PC5,3h_st,3h,st,-0.2608242730211638,0.2608242730211638,0.04447730815989208
PC5,3h_SI1,3h,SI1,0.5394681129821928,0.5394681129821928,0.04447730815989208
PC5,3h_SI2,3h,SI2,-0.1724450880918234,0.1724450880918234,0.04447730815989208
PC5,3h_SI3,3h,SI3,-0.522346827534958,0.522346827534958,0.04447730815989208
PC5,3h_SI4,3h,SI4,-0.09730184662794403,0.09730184662794403,0.04447730815989208
PC5,3h_SI5,3h,SI5,0.02645340142722216,0.02645340142722216,0.04447730815989208
PC5,3h_SI6,3h,SI6,-0.010397761968564746,0.010397761968564746,0.04447730815989208
PC5,3h_SI7,3h,SI7,-0.028732880721017994,0.028732880721017994,0.04447730815989208
PC5,3h_SI8,3h,SI8,-0.03096072538544779,0.03096072538544779,0.04447730815989208
PC5,3h_SI9,3h,SI9,-0.025655064918662897,0.025655064918662897,0.04447730815989208
PC5,3h_ce,3h,ce,-0.0014242415035594868,0.0014242415035594868,0.04447730815989208
PC5,3h_co,3h,co,0.00626079999886958,0.00626079999886958,0.04447730815989208
PC5,6h_st,6h,st,0.378240504426307,0.378240504426307,0.04447730815989208
PC5,6h_SI1,6h,SI1,0.1536007582483359,0.1536007582483359,0.04447730815989208
PC5,6h_SI2,6h,SI2,0.19153772902384114,0.19153772902384114,0.04447730815989208
PC5,6h_SI3,6h,SI3,0.00784728387454269,0.00784728387454269,0.04447730815989208
PC5,6h_SI4,6h,SI4,0.15599274759942838,0.15599274759942838,0.04447730815989208
PC5,6h_SI5,6h,SI5,0.03429770603180144,0.03429770603180144,0.04447730815989208
PC5,6h_SI6,6h,SI6,0.0015950129539158548,0.0015950129539158548,0.04447730815989208
PC5,6h_SI7,6h,SI7,-0.006430941977255225,0.006430941977255225,0.04447730815989208
PC5,6h_SI8,6h,SI8,-0.008870249245146707,0.008870249245146707,0.04447730815989208
PC5,6h_SI9,6h,SI9,-0.009063139106837101,0.009063139106837101,0.04447730815989208
PC5,6h_ce,6h,ce,0.0026500921198291533,0.0026500921198291533,0.04447730815989208
PC5,6h_co,6h,co,0.014574416721860002,0.014574416721860002,0.04447730815989208
PC5,12h_st,12h,st,-0.06726704188472579,0.06726704188472579,0.04447730815989208
PC5,12h_SI1,12h,SI1,-0.15352247231290803,0.15352247231290803,0.04447730815989208
PC5,12h_SI2,12h,SI2,-0.11615631260979684,0.11615631260979684,0.04447730815989208
PC5,12h_SI3,12h,SI3,-0.14310939012950408,0.14310939012950408,0.04447730815989208
PC5,12h_SI4,12h,SI4,-0.07259572564711585,0.07259572564711585,0.04447730815989208
PC5,12h_SI5,12h,SI5,-0.04165127026156048,0.04165127026156048,0.04447730815989208
PC5,12h_SI6,12h,SI6,-0.020463734620936938,0.020463734620936938,0.04447730815989208
PC5,12h_SI7,12h,SI7,-0.02217619881640319,0.02217619881640319,0.04447730815989208
PC5,12h_SI8,12h,SI8,-0.030611476877673998,0.030611476877673998,0.04447730815989208
PC5,12h_SI9,12h,SI9,-0.026853684915006597,0.026853684915006597,0.04447730815989208
PC5,12h_ce,12h,ce,-0.04481092487947296,0.04481092487947296,0.04447730815989208
PC5,12h_co,12h,co,-0.040271851044968617,0.040271851044968617,0.04447730815989208
PC5,24h_st,24h,st,0.016802654099788896,0.016802654099788896,0.04447730815989208
PC5,24h_SI1,24h,SI1,0.019117068722771618,0.019117068722771618,0.04447730815989208
PC5,24h_SI2,24h,SI2,0.026685213819836028,0.026685213819836028,0.04447730815989208
PC5,24h_SI3,24h,SI3,0.013218212734888693,0.013218212734888693,0.04447730815989208
PC5,24h_SI4,24h,SI4,0.009884559971692347,0.009884559971692347,0.04447730815989208
PC5,24h_SI5,24h,SI5,0.007525596313998475,0.007525596313998475,0.04447730815989208
PC5,24h_SI6,24h,SI6,0.011169594432156562,0.011169594432156562,0.04447730815989208
PC5,24h_SI7,24h,SI7,0.012891308821870064,0.012891308821870064,0.04447730815989208
PC5,24h_SI8,24h,SI8,0.014619352936136146,0.014619352936136146,0.04447730815989208
PC5,24h_SI9,24h,SI9,0.025338836043649202,0.025338836043649202,0.04447730815989208
PC5,24h_ce,24h,ce,0.023456767015529498,0.023456767015529498,0.04447730815989208
PC5,24h_co,24h,co,0.01681145583754214,0.01681145583754214,0.04447730815989208
PC6,1h_st,1h,st,-0.06209090579612756,0.06209090579612756,0.04286862854019998
PC6,1h_SI1,1h,SI1,-0.21211211188335422,0.21211211188335422,0.04286862854019998
PC6,1h_SI2,1h,SI2,-0.04167464461757255,0.04167464461757255,0.04286862854019998
PC6,1h_SI3,1h,SI3,-0.018655789159004996,0.018655789159004996,0.04286862854019998
PC6,1h_SI4,1h,SI4,-0.05829965914359194,0.05829965914359194,0.04286862854019998
PC6,1h_SI5,1h,SI5,-0.06740686885390175,0.06740686885390175,0.04286862854019998
PC6,1h_SI6,1h,SI6,-0.0565472510361523,0.0565472510361523,0.04286862854019998
PC6,1h_SI7,1h,SI7,-0.05466155267646949,0.05466155267646949,0.04286862854019998
PC6,1h_SI8,1h,SI8,-0.05746945303201443,0.05746945303201443,0.04286862854019998
PC6,1h_SI9,1h,SI9,-0.0631051393222406,0.0631051393222406,0.04286862854019998
PC6,1h_ce,1h,ce,-0.06346903290927505,0.06346903290927505,0.04286862854019998
PC6,1h_co,1h,co,0.025751647005941427,0.025751647005941427,0.04286862854019998
PC6,3h_st,3h,st,0.08072018191473758,0.08072018191473758,0.04286862854019998
PC6,3h_SI1,3h,SI1,0.568915102384181,0.568915102384181,0.04286862854019998
PC6,3h_SI2,3h,SI2,-0.19485333472591734,0.19485333472591734,0.04286862854019998
PC6,3h_SI3,3h,SI3,-0.041980194787563915,0.041980194787563915,0.04286862854019998
PC6,3h_SI4,3h,SI4,-0.22563058347506776,0.22563058347506776,0.04286862854019998
PC6,3h_SI5,3h,SI5,-0.20625664696759916,0.20625664696759916,0.04286862854019998
PC6,3h_SI6,3h,SI6,-0.015021939387508322,0.015021939387508322,0.04286862854019998
PC6,3h_SI7,3h,SI7,0.01909666358651423,0.01909666358651423,0.04286862854019998
PC6,3h_SI8,3h,SI8,0.056928089813269384,0.056928089813269384,0.04286862854019998
PC6,3h_SI9,3h,SI9,0.1358528341585604,0.1358528341585604,0.04286862854019998
PC6,3h_ce,3h,ce,0.042290684247062144,0.042290684247062144,0.04286862854019998
PC6,3h_co,3h,co,0.03702423824749535,0.03702423824749535,0.04286862854019998
PC6,6h_st,6h,st,-0.3141414816899825,0.3141414816899825,0.04286862854019998
PC6,6h_SI1,6h,SI1,-0.15527788661601274,0.15527788661601274,0.04286862854019998
PC6,6h_SI2,6h,SI2,-0.20058490255570646,0.20058490255570646,0.04286862854019998
PC6,6h_SI3,6h,SI3,-0.08195304782406507,0.08195304782406507,0.04286862854019998
PC6,6h_SI4,6h,SI4,-0.3505931896932242,0.3505931896932242,0.04286862854019998
PC6,6h_SI5,6h,SI5,-0.07925057595841178,0.07925057595841178,0.04286862854019998
PC6,6h_SI6,6h,SI6,0.002923005923970206,0.002923005923970206,0.04286862854019998
PC6,6h_SI7,6h,SI7,-0.0005502132655440239,0.0005502132655440239,0.04286862854019998
PC6,6h_SI8,6h,SI8,0.040541756028384085,0.040541756028384085,0.04286862854019998
PC6,6h_SI9,6h,SI9,0.05225502898724628,0.05225502898724628,0.04286862854019998
PC6,6h_ce,6h,ce,0.04727714041537706,0.04727714041537706,0.04286862854019998
PC6,6h_co,6h,co,0.010112052833255978,0.010112052833255978,0.04286862854019998
PC6,12h_st,12h,st,0.07901114309553192,0.07901114309553192,0.04286862854019998
PC6,12h_SI1,12h,SI1,0.14580371018161262,0.14580371018161262,0.04286862854019998
PC6,12h_SI2,12h,SI2,0.15306063953086713,0.15306063953086713,0.04286862854019998
PC6,12h_SI3,12h,SI3,0.14928830765914367,0.14928830765914367,0.04286862854019998
PC6,12h_SI4,12h,SI4,0.09183019125753666,0.09183019125753666,0.04286862854019998
PC6,12h_SI5,12h,SI5,0.05597166775083789,0.05597166775083789,0.04286862854019998
PC6,12h_SI6,12h,SI6,0.057076505189872735,0.057076505189872735,0.04286862854019998
PC6,12h_SI7,12h,SI7,0.06495155575725663,0.06495155575725663,0.04286862854019998
PC6,12h_SI8,12h,SI8,0.030693791673143695,0.030693791673143695,0.04286862854019998
PC6,12h_SI9,12h,SI9,0.057908072859827166,0.057908072859827166,0.04286862854019998
PC6,12h_ce,12h,ce,0.06023620419067251,0.06023620419067251,0.04286862854019998
PC6,12h_co,12h,co,0.06569225213684401,0.06569225213684401,0.04286862854019998
PC6,24h_st,24h,st,0.02429286263746241,0.02429286263746241,0.04286862854019998
PC6,24h_SI1,24h,SI1,0.04226996173057566,0.04226996173057566,0.04286862854019998
PC6,24h_SI2,24h,SI2,0.05046416065361856,0.05046416065361856,0.04286862854019998
PC6,24h_SI3,24h,SI3,0.04696891818929501,0.04696891818929501,0.04286862854019998
PC6,24h_SI4,24h,SI4,0.05476828351786884,0.05476828351786884,0.04286862854019998
PC6,24h_SI5,24h,SI5,0.059880627748876016,0.059880627748876016,0.04286862854019998
PC6,24h_SI6,24h,SI6,0.060917075297136754,0.060917075297136754,0.04286862854019998
PC6,24h_SI7,24h,SI7,0.05519243776733172,0.05519243776733172,0.04286862854019998
PC6,24h_SI8,24h,SI8,0.05422819640080966,0.05422819640080966,0.04286862854019998
PC6,24h_SI9,24h,SI9,0.012106425688140346,0.012106425688140346,0.04286862854019998
PC6,24h_ce,24h,ce,0.012724051109584737,0.012724051109584737,0.04286862854019998
PC6,24h_co,24h,co,0.016560937806464702,0.016560937806464702,0.04286862854019998
