Gene,PC,PC_score,Gene_display,mean_fitness,min_fitness,max_fitness,strongest_defect_feature,strongest_defect_time,strongest_defect_space,strongest_positive_feature,strongest_positive_time,strongest_positive_space,dynamic_range,Abs_PC_score,Direction
N900_RS03450,PC1,4.0336201516516885,cheR,3.139775,-0.88371,6.9658,1h_SI6,1h,SI6,3h_st,3h,st,7.8495099999999995,4.0336201516516885,Positive
N900_RS04840,PC1,3.9879764181391435,motV,2.7984921883333334,-1.4682,6.4085,1h_SI6,1h,SI6,12h_SI1,12h,SI1,7.8767,3.9879764181391435,Positive
N900_RS14650,PC1,3.7351872591994857,Nicotinamide riboside transporter PnuC_BLAST,1.5683465833333334,-2.2388,5.8015,1h_SI5,1h,SI5,3h_st,3h,st,8.0403,3.7351872591994857,Positive
N900_RS04100,PC1,3.725705108772308,cheA2,2.0485832166666667,-1.0892,6.0597,1h_SI5,1h,SI5,12h_SI1,12h,SI1,7.1489,3.725705108772308,Positive
N900_RS04120,PC1,3.721898091453247,cheW1,1.7180695333333336,-1.5562,5.2856,1h_SI5,1h,SI5,6h_SI1,6h,SI1,6.841799999999999,3.721898091453247,Positive
N900_RS08775,PC1,3.570903174739679,oppA,2.95284145,-0.10759,7.5892,1h_SI6,1h,SI6,12h_st,12h,st,7.69679,3.570903174739679,Positive
N900_RS14365,PC1,3.560556045897041,molybdopterin-dependent oxidoreductase,1.2177329350000001,-0.37293,4.0644,1h_SI7,1h,SI7,3h_SI4,3h,SI4,4.43733,3.560556045897041,Positive
N900_RS17910,PC1,3.534569937909798,N900_RS17910,1.0309760833333332,-1.0913,3.6959,1h_SI6,1h,SI6,3h_SI1,3h,SI1,4.7872,3.534569937909798,Positive
N900_RS05270,PC1,3.53286277690876,acoR,1.0387383,-0.43867,3.705,1h_SI5,1h,SI5,3h_SI3,3h,SI3,4.14367,3.53286277690876,Positive
N900_RS18450,PC1,3.502026795662017,N900_RS18450,1.5210640666666668,-1.2297,6.4454,1h_SI9,1h,SI9,6h_SI3,6h,SI3,7.6751000000000005,3.502026795662017,Positive
N900_RS03935,PC1,3.4689877119416748,N900_RS03935,1.293772916666667,-1.1482,4.7259,1h_ce,1h,ce,3h_SI2,3h,SI2,5.8741,3.4689877119416748,Positive
N900_RS02400,PC1,3.437539210171849,pilC,1.3631559500000001,-0.93785,4.2392,1h_SI9,1h,SI9,3h_SI1,3h,SI1,5.17705,3.437539210171849,Positive
N900_RS07555,PC1,3.4306754831054915,hppD,1.3406445166666667,-0.52765,3.6785,1h_SI6,1h,SI6,6h_SI4,6h,SI4,4.20615,3.4306754831054915,Positive
N900_RS14900,PC1,3.4297728764796025,rcsC_9,1.5730232666666668,-0.30345,4.2218,1h_SI6,1h,SI6,6h_st,6h,st,4.52525,3.4297728764796025,Positive
N900_RS02720,PC1,3.4252087551035917,ung,1.6408059,-0.52774,4.5896,1h_SI7,1h,SI7,3h_SI4,3h,SI4,5.1173399999999996,3.4252087551035917,Positive
N900_RS19190,PC1,3.403349229772328,N900_RS19190,0.7942224833333332,-2.593,4.4671,6h_ce,6h,ce,12h_SI4,12h,SI4,7.0601,3.403349229772328,Positive
N900_RS18805,PC1,3.3847951242347953,N900_RS18805,1.9354384,-0.62737,4.5897,1h_SI6,1h,SI6,6h_SI4,6h,SI4,5.21707,3.3847951242347953,Positive
N900_RS12995,PC1,3.377214506427748,nudC,1.1268217166666668,-0.24359,3.297,3h_SI9,3h,SI9,12h_SI1,12h,SI1,3.5405900000000003,3.377214506427748,Positive
N900_RS14130,PC1,3.3743037233668076,acyltransferase_2,1.3314903550000001,-0.2348,4.4552,1h_SI7,1h,SI7,6h_SI4,6h,SI4,4.6899999999999995,3.3743037233668076,Positive
N900_RS14840,PC1,3.3622490037367267,methyl-accepting chemotaxis protein_20,1.6516783833333337,-0.30857,5.037,1h_SI6,1h,SI6,6h_SI1,6h,SI1,5.34557,3.3622490037367267,Positive
N900_RS14175,PC1,3.3598059253851646,N900_RS14175,1.3930639833333334,-1.0548,4.3846,1h_SI6,1h,SI6,6h_st,6h,st,5.4394,3.3598059253851646,Positive
N900_RS12695,PC1,3.349994278746564,cysI,2.093656466666667,-0.2971,5.5103,1h_SI7,1h,SI7,3h_SI1,3h,SI1,5.8074,3.349994278746564,Positive
N900_RS12290,PC1,3.344169990310844,rdgB,1.2281360000000001,-1.4592,4.3124,1h_SI6,1h,SI6,3h_st,3h,st,5.7716,3.344169990310844,Positive
N900_RS15510,PC1,3.3261494876299373,type II toxin-antitoxin system YafQ family toxin,1.0779460799999998,-0.81156,4.2607,3h_co,3h,co,3h_SI3,3h,SI3,5.07226,3.3261494876299373,Positive
N900_RS01970,PC1,3.3070448224628484,N900_RS01970,1.5914936666666664,-0.40281,5.4728,1h_SI9,1h,SI9,3h_st,3h,st,5.87561,3.3070448224628484,Positive
N900_RS03760,PC1,-8.060483915809789,flrB,-0.9369038299999999,-2.5717,1.645,3h_SI6,3h,SI6,1h_co,1h,co,4.2166999999999994,8.060483915809789,Negative
N900_RS13740,PC1,-7.976760341300588,cap3_BLAST,-0.36628865000000005,-2.266,1.6321,6h_SI3,6h,SI3,3h_SI5,3h,SI5,3.8981000000000003,7.976760341300588,Negative
N900_RS09185,PC1,-7.851774785897297,motY,-0.6503969499999999,-2.4553,2.6154,24h_SI1,24h,SI1,3h_SI7,3h,SI7,5.0707,7.851774785897297,Negative
N900_RS09745,PC1,-7.723419097848779,pomA,-1.32040805,-3.2211,1.8577,24h_SI2,24h,SI2,1h_SI1,1h,SI1,5.078799999999999,7.723419097848779,Negative
N900_RS18745,PC1,-7.54882539766876,ribB,-0.8135009983333332,-2.4245,2.5383,12h_SI2,12h,SI2,3h_SI7,3h,SI7,4.9628,7.54882539766876,Negative
N900_RS03470,PC1,-7.535180866856178,flgE,-0.12460141666666669,-2.4923,2.9026,24h_st,24h,st,3h_SI7,3h,SI7,5.3949,7.535180866856178,Negative
N900_RS03785,PC1,-7.431850482619817,fliH,-0.6827772483333334,-2.7364,2.1816,24h_st,24h,st,1h_ce,1h,ce,4.918,7.431850482619817,Negative
N900_RS09740,PC1,-7.422886770716859,motb,-1.347178383333333,-3.6124,0.51511,24h_SI4,24h,SI4,3h_SI7,3h,SI7,4.12751,7.422886770716859,Negative
N900_RS03500,PC1,-7.421552085842495,flgK,-0.37965105,-2.7052,2.176,24h_st,24h,st,3h_SI4,3h,SI4,4.8812,7.421552085842495,Negative
N900_RS13765,PC1,-7.381959872382984,vspR,-0.28234970000000004,-2.5439,3.4677,12h_SI2,12h,SI2,1h_SI1,1h,SI1,6.0116,7.381959872382984,Negative
N900_RS03425,PC1,-7.357215734081537,flgP,-1.4280121,-3.2313,0.98859,3h_SI6,3h,SI6,1h_co,1h,co,4.21989,7.357215734081537,Negative
N900_RS10905,PC1,-7.3210381347735485,trah,-0.6339289333333334,-2.5796,1.8534,6h_SI5,6h,SI5,1h_co,1h,co,4.433,7.3210381347735485,Negative
N900_RS03485,PC1,-7.270851628425484,flgH,-0.06573306666666665,-2.2189,3.5089,24h_st,24h,st,1h_co,1h,co,5.7278,7.270851628425484,Negative
N900_RS06440,PC1,-7.166056857510693,VCM66_1516_BLAST,-0.6578911000000001,-3.3508,1.5046,3h_SI9,3h,SI9,3h_SI7,3h,SI7,4.8553999999999995,7.166056857510693,Negative
N900_RS04085,PC1,-6.949289375010924,flia,-0.14443718333333333,-2.1923,2.7654,12h_SI3,12h,SI3,1h_ce,1h,ce,4.9577,6.949289375010924,Negative
N900_RS03815,PC1,-6.824888700461033,fliN,-0.8230109999999999,-2.809,2.6714,24h_SI2,24h,SI2,6h_SI5,6h,SI5,5.4804,6.824888700461033,Negative
N900_RS03740,PC1,-6.802592020819038,fliD,-0.33881431666666667,-2.6888,3.2234,24h_st,24h,st,1h_ce,1h,ce,5.9122,6.802592020819038,Negative
N900_RS00530,PC1,-6.75635542647596,tatd,-0.7705138500000001,-2.6296,2.9959,24h_st,24h,st,3h_SI5,3h,SI5,5.6255,6.75635542647596,Negative
N900_RS03275,PC1,-6.558138194853866,VC0395_A1830_BLAST,-0.8288588166666668,-2.8774,2.8362,6h_SI6,6h,SI6,1h_ce,1h,ce,5.7136,6.558138194853866,Negative
N900_RS10910,PC1,-6.515089593712562,N900_RS10910,-0.5319431,-2.2409,2.2927,12h_SI1,12h,SI1,3h_SI5,3h,SI5,4.5336,6.515089593712562,Negative
N900_RS15780,PC1,-6.504742997736459,N900_RS15780,-0.06943324166666669,-2.2288,2.6148,12h_SI4,12h,SI4,6h_SI5,6h,SI5,4.8436,6.504742997736459,Negative
N900_RS03795,PC1,-6.4094131546497035,fliJ,-0.5623280166666668,-2.7639,3.963,24h_SI2,24h,SI2,1h_co,1h,co,6.7269000000000005,6.4094131546497035,Negative
N900_RS03765,PC1,-6.400881379093275,flrC,-0.8707446933333334,-2.6561,2.3086,6h_SI7,6h,SI7,1h_co,1h,co,4.964700000000001,6.400881379093275,Negative
N900_RS03495,PC1,-6.39870585107766,flgJ,-0.44742275000000004,-2.3395,1.8545,6h_SI3,6h,SI3,1h_co,1h,co,4.194,6.39870585107766,Negative
N900_RS16455,PC1,-6.316749096015801,N900_RS16455,1.4157422000000002,-0.36415,4.071,12h_SI3,12h,SI3,3h_SI8,3h,SI8,4.43515,6.316749096015801,Negative
N900_RS05745,PC2,5.877222865361476,mukB,-2.1942355,-4.7923,2.163,6h_SI6,6h,SI6,3h_st,3h,st,6.955299999999999,5.877222865361476,Positive
N900_RS13300,PC2,5.2421353413553735,purH,-1.4036716999999999,-4.2012,3.4987,12h_SI9,12h,SI9,1h_st,1h,st,7.6998999999999995,5.2421353413553735,Positive
N900_RS10020,PC2,5.104683534067787,tcpS,-1.7026167883333334,-4.7837,2.9108,12h_SI5,12h,SI5,3h_st,3h,st,7.6945,5.104683534067787,Positive
N900_RS15715,PC2,4.954197627389668,N900_RS15715,0.6084107999999999,-1.9319,3.6415,12h_SI8,12h,SI8,12h_SI1,12h,SI1,5.5734,4.954197627389668,Positive
N900_RS01865,PC2,4.881889175551079,rpoN,-1.1769380166666665,-4.423,2.6889,12h_SI8,12h,SI8,1h_co,1h,co,7.1119,4.881889175551079,Positive
N900_RS10000,PC2,4.780649797278892,toxT,-1.90126865,-4.5366,5.4509,12h_SI6,12h,SI6,3h_st,3h,st,9.9875,4.780649797278892,Positive
N900_RS09205,PC2,4.765394382819014,purF,-2.03226245,-5.1351,2.6569,12h_SI6,12h,SI6,1h_st,1h,st,7.792,4.765394382819014,Positive
N900_RS19270,PC2,4.759282505534735,tcpR,-1.3743090999999998,-4.4813,3.4633,6h_SI9,6h,SI9,1h_ce,1h,ce,7.944599999999999,4.759282505534735,Positive
N900_RS00255,PC2,4.745833225440771,purE,-2.029291016666667,-5.0325,3.2053,12h_SI7,12h,SI7,1h_st,1h,st,8.2378,4.745833225440771,Positive
N900_RS09545,PC2,4.737178484646542,N900_RS09545,-0.49554998333333333,-2.8916,4.6892,6h_SI5,6h,SI5,1h_st,1h,st,7.5808,4.737178484646542,Positive
N900_RS10015,PC2,4.693914365363428,tcpT,-0.8828706666666668,-4.081,4.4176,12h_SI9,12h,SI9,1h_st,1h,st,8.4986,4.693914365363428,Positive
N900_RS15685,PC2,4.674305057693507,parE1,-0.27652061666666666,-2.5997,2.9226,3h_SI7,3h,SI7,6h_st,6h,st,5.5222999999999995,4.674305057693507,Positive
N900_RS10060,PC2,4.670922666157356,tcpP,-2.09559695,-5.2195,0.57672,12h_SI6,12h,SI6,1h_SI3,1h,SI3,5.79622,4.670922666157356,Positive
N900_RS02570,PC2,4.608980740509892,carA,0.2942158166666667,-3.4883,5.916,6h_SI6,6h,SI6,3h_st,3h,st,9.404300000000001,4.608980740509892,Positive
N900_RS13410,PC2,4.562061084098303,wbeM,-2.982940833333333,-5.7015,2.3756,12h_SI7,12h,SI7,1h_st,1h,st,8.0771,4.562061084098303,Positive
N900_RS02575,PC2,4.5617363265909106,carB,0.14906505000000003,-2.9689,4.971,12h_SI8,12h,SI8,3h_SI2,3h,SI2,7.9399,4.5617363265909106,Positive
N900_RS01295,PC2,4.554655709916847,PadR family transcriptional regulator,-1.0386439,-4.3031,4.736,12h_SI7,12h,SI7,6h_st,6h,st,9.0391,4.554655709916847,Positive
N900_RS12720,PC2,4.545796168204429,pspG,-1.259453105,-4.0321,0.86394,12h_SI8,12h,SI8,24h_SI3,24h,SI3,4.89604,4.545796168204429,Positive
N900_RS12875,PC2,4.536357823796919,hfq,1.8103941499999998,-0.30901,7.7919,12h_SI6,12h,SI6,1h_st,1h,st,8.10091,4.536357823796919,Positive
N900_RS09210,PC2,4.5347217994260145,cvpA,-2.3630791666666666,-5.6924,2.1232,12h_SI6,12h,SI6,3h_st,3h,st,7.8156,4.5347217994260145,Positive
N900_RS09295,PC2,4.523371908015111,toxR_BLAST,-1.2760801616666668,-3.7391,2.7871,12h_SI7,12h,SI7,3h_SI4,3h,SI4,6.5262,4.523371908015111,Positive
N900_RS13200,PC2,4.482809413864144,aroQ,-0.83595025,-3.6077,3.0399,12h_SI7,12h,SI7,3h_st,3h,st,6.6476,4.482809413864144,Positive
N900_RS09995,PC2,4.4545293434662465,tcpJ,-2.3957258,-5.3424,1.6028,12h_SI6,12h,SI6,1h_ce,1h,ce,6.9452,4.4545293434662465,Positive
N900_RS10335,PC2,4.433450287177312,guaA,-2.461274333333334,-5.1525,0.92829,12h_ce,12h,ce,1h_ce,1h,ce,6.0807899999999995,4.433450287177312,Positive
N900_RS10005,PC2,4.427905287921444,tcpF,-1.1926756833333334,-4.1516,2.9029,12h_SI7,12h,SI7,3h_SI3,3h,SI3,7.0545,4.427905287921444,Positive
N900_RS11160,PC2,-4.1683764663562926,brxL,0.7628808399999998,-1.1955,3.9882,3h_co,3h,co,3h_SI1,3h,SI1,5.1837,4.1683764663562926,Negative
N900_RS10885,PC2,-4.156398702033664,flhD,0.7052683333333333,-1.2331,2.7638,3h_SI9,3h,SI9,3h_SI5,3h,SI5,3.9969,4.156398702033664,Negative
N900_RS11050,PC2,-4.145911769079321,trau,0.7993716833333334,-0.82268,3.9177,6h_SI1,6h,SI1,1h_SI1,1h,SI1,4.74038,4.145911769079321,Negative
N900_RS14860,PC2,-4.0984582815918635,pepT,0.9717282,-0.9055,3.5006,12h_st,12h,st,3h_SI5,3h,SI5,4.4061,4.0984582815918635,Negative
N900_RS10705,PC2,-3.968832361802121,anmK,0.8871709581666667,-0.79866,3.4368,6h_st,6h,st,1h_SI1,1h,SI1,4.23546,3.968832361802121,Negative
N900_RS19185,PC2,-3.9378362746292415,N900_RS19185,0.9914399666666667,-0.78349,3.2763,6h_st,6h,st,12h_SI3,12h,SI3,4.05979,3.9378362746292415,Negative
N900_RS16445,PC2,-3.9115355147188136,VC0395_0503_BLAST,0.6296410833333334,-0.78978,3.9846,12h_SI1,12h,SI1,6h_SI4,6h,SI4,4.77438,3.9115355147188136,Negative
N900_RS10990,PC2,-3.9095564963533103,cobS,0.8855663333333333,-0.85332,3.7089,3h_SI9,3h,SI9,3h_SI5,3h,SI5,4.56222,3.9095564963533103,Negative
N900_RS10930,PC2,-3.863193418927225,XRE family transcriptional regulator_7,0.4640263666666666,-1.5717,2.7051,6h_SI3,6h,SI3,6h_SI2,6h,SI2,4.2768,3.863193418927225,Negative
N900_RS04445,PC2,-3.835096967224699,sppA,1.7334983000000002,-0.32443,5.3733,3h_co,3h,co,3h_SI5,3h,SI5,5.69773,3.835096967224699,Negative
N900_RS02775,PC2,-3.81358960678333,deoD_1,0.9162402883333332,-0.57302,3.3385,3h_SI3,3h,SI3,1h_SI1,1h,SI1,3.91152,3.81358960678333,Negative
N900_RS01180,PC2,-3.807522902919717,hslU,0.4620350833333333,-1.1661,3.2565,6h_SI3,6h,SI3,3h_SI4,3h,SI4,4.4226,3.807522902919717,Negative
N900_RS04380,PC2,-3.8020213943470416,pykA_1,0.8676892666666667,-0.73358,3.9536,12h_st,12h,st,6h_SI4,6h,SI4,4.68718,3.8020213943470416,Negative
N900_RS12985,PC2,-3.7968766462362997,TetR/AcrR family transcriptional regulator_1,0.8306927333333333,-1.1978,4.4814,6h_SI2,6h,SI2,6h_ce,6h,ce,5.6792,3.7968766462362997,Negative
N900_RS13750,PC2,-3.790929681019963,dncV,0.8405079333333334,-1.1486,6.1476,6h_SI2,6h,SI2,3h_SI5,3h,SI5,7.2962,3.790929681019963,Negative
N900_RS17830,PC2,-3.721027106244264,hapA,0.6224483216666667,-0.88243,3.2309,12h_st,12h,st,6h_ce,6h,ce,4.11333,3.721027106244264,Negative
N900_RS01255,PC2,-3.708272761944856,frdC,1.4661603333333335,-0.48517,4.017,1h_SI3,1h,SI3,6h_ce,6h,ce,4.5021700000000004,3.708272761944856,Negative
N900_RS12100,PC2,-3.6766363837359033,N900_RS12100,0.4585875716666667,-2.2633,3.3344,6h_SI3,6h,SI3,3h_SI2,3h,SI2,5.5977,3.6766363837359033,Negative
N900_RS01040,PC2,-3.6595036086117885,nhaP2,1.139512368333333,-0.49865,3.465,6h_st,6h,st,6h_SI4,6h,SI4,3.96365,3.6595036086117885,Negative
N900_RS08230,PC2,-3.6374167754123925,hutG,0.64989609,-0.8809,3.5459,6h_st,6h,st,3h_SI2,3h,SI2,4.4268,3.6374167754123925,Negative
N900_RS11655,PC2,-3.62765987921973,gluQ,0.35454593333333334,-1.4418,3.3399,3h_ce,3h,ce,6h_SI4,6h,SI4,4.7817,3.62765987921973,Negative
N900_RS11270,PC2,-3.618603952204323,N900_RS11270,0.6969896833333333,-1.5257,5.4293,1h_ce,1h,ce,6h_ce,6h,ce,6.955,3.618603952204323,Negative
N900_RS18365,PC2,-3.6094398001948744,mcpQ,1.0476492,-0.46607,4.335,3h_co,3h,co,3h_SI5,3h,SI5,4.80107,3.6094398001948744,Negative
N900_RS03455,PC2,-3.6077330495635755,flgB,0.3184827583333332,-1.8774,3.6052,6h_SI1,6h,SI1,3h_SI5,3h,SI5,5.4826,3.6077330495635755,Negative
N900_RS18410,PC2,-3.5786678838831962,aer_2,0.9651875166666667,-1.4096,4.8851,1h_co,1h,co,3h_SI4,3h,SI4,6.294700000000001,3.5786678838831962,Negative
N900_RS15500,PC3,5.773580115459733,N900_RS15500,0.015586116666666669,0.00036696,0.37722,12h_ce,12h,ce,3h_st,3h,st,0.37685304,5.773580115459733,Positive
N900_RS18445,PC3,5.611297981441148,vcaM,0.006609450833333333,0.00019262,0.17305,6h_SI7,6h,SI7,3h_st,3h,st,0.17285738,5.611297981441148,Positive
N900_RS16275,PC3,5.505100882708694,tata,-0.03548136366666666,-1.813,5.3506,12h_SI4,12h,SI4,3h_st,3h,st,7.1636,5.505100882708694,Positive
N900_RS11735,PC3,5.318645699554295,sspB,0.004116381,0.00015513,0.1701,6h_SI4,6h,SI4,3h_st,3h,st,0.16994487,5.318645699554295,Positive
N900_RS03430,PC3,5.2490511032363765,flgN,0.0059134508333333335,0.00024007,0.2015,6h_SI3,6h,SI3,3h_st,3h,st,0.20125993,5.2490511032363765,Positive
N900_RS06650,PC3,5.1521945887068545,N900_RS06650,0.009954808333333332,0.00012735,0.43711,1h_SI7,1h,SI7,3h_st,3h,st,0.43698265,5.1521945887068545,Positive
N900_RS10195,PC3,5.034624785896005,citE,0.003811014930833333,-9.0514e-06,0.1667,1h_SI5,1h,SI5,3h_st,3h,st,0.16670905139999997,5.034624785896005,Positive
N900_RS12285,PC3,4.970509824890255,N900_RS12285,0.0027146426351666664,-8.333e-06,0.11933,12h_SI8,12h,SI8,3h_st,3h,st,0.119338333,4.970509824890255,Positive
N900_RS12700,PC3,4.888795214966678,assimilatory sulfite reductase (NADPH) flavoprotein subunit,0.0073533885,0.00017099,0.16681,6h_SI2,6h,SI2,3h_st,3h,st,0.16663901,4.888795214966678,Positive
N900_RS16620,PC3,4.875585211461445,rnk,0.006918493833333332,0.00037715,0.11786,6h_SI7,6h,SI7,3h_st,3h,st,0.11748285,4.875585211461445,Positive
N900_RS16775,PC3,4.819676724232368,Probable transporter XF_0766_BLAST,0.0026558358566666665,6.9364e-06,0.11476,6h_SI5,6h,SI5,3h_st,3h,st,0.1147530636,4.819676724232368,Positive
N900_RS05355,PC3,4.7850887218050495,ATPase AAA,0.009900648,0.00048811,0.15721,1h_SI7,1h,SI7,3h_st,3h,st,0.15672188999999997,4.7850887218050495,Positive
N900_RS08150,PC3,4.7729791519969496,N900_RS08150,0.005595575500000001,0.00033236,0.16587,12h_SI2,12h,SI2,3h_st,3h,st,0.16553763999999999,4.7729791519969496,Positive
N900_RS15335,PC3,4.693915768881472,type VI secretion system PAAR protein_1,0.008635900833333333,0.00062908,0.17791,12h_SI8,12h,SI8,3h_st,3h,st,0.17728092,4.693915768881472,Positive
N900_RS14885,PC3,4.45815453987844,arfA,0.8576631833333335,-1.2438,5.3348,12h_SI1,12h,SI1,3h_SI1,3h,SI1,6.578600000000001,4.45815453987844,Positive
N900_RS18770,PC3,4.439204634554847,lrp_3,0.011676482833333333,0.00036118,0.14905,6h_SI1,6h,SI1,3h_st,3h,st,0.14868882,4.439204634554847,Positive
N900_RS02890,PC3,4.438175006041351,recD,0.6011931999999999,-1.8056,4.129,3h_co,3h,co,3h_SI1,3h,SI1,5.9346,4.438175006041351,Positive
N900_RS19395,PC3,4.3747431121453815,N900_RS19395,0.3690650033333333,-2.0834,6.3661,3h_ce,3h,ce,3h_st,3h,st,8.4495,4.3747431121453815,Positive
N900_RS16350,PC3,4.310291479961677,N900_RS16350,0.8716396166666667,-0.9189,5.8887,12h_SI2,12h,SI2,3h_st,3h,st,6.8076,4.310291479961677,Positive
N900_RS02705,PC3,4.28131337652946,thrC,0.4134463033333333,-1.1138,6.2625,6h_co,6h,co,3h_st,3h,st,7.3763000000000005,4.28131337652946,Positive
N900_RS15545,PC3,4.263783135782185,OsmC family peroxiredoxin,0.2921222333333333,-1.1124,4.471,6h_SI1,6h,SI1,3h_st,3h,st,5.5834,4.263783135782185,Positive
N900_RS13725,PC3,4.217201718403101,N900_RS13725,-0.012123638333333294,-3.2666,5.2063,3h_SI9,3h,SI9,3h_st,3h,st,8.4729,4.217201718403101,Positive
N900_RS08935,PC3,4.200721852053328,ykgj,0.10174170000000003,-1.4447,4.9711,6h_SI2,6h,SI2,3h_st,3h,st,6.4158,4.200721852053328,Positive
N900_RS10620,PC3,4.165798746284179,pgeF,0.010234400833333332,0.00081172,0.15932,6h_st,6h,st,3h_st,3h,st,0.15850828,4.165798746284179,Positive
N900_RS09810,PC3,4.029438689282333,rpmE2,1.510024345,-0.41295,8.2299,1h_ce,1h,ce,3h_st,3h,st,8.642850000000001,4.029438689282333,Positive
N900_RS12480,PC3,-3.7495188901518275,rraB,-0.45777685,-2.0647,3.6876,6h_SI5,6h,SI5,6h_st,6h,st,5.7523,3.7495188901518275,Negative
N900_RS02440,PC3,-3.72097003135881,recJ,0.5059580100000001,-1.0095,3.1874,3h_st,3h,st,6h_SI3,6h,SI3,4.196899999999999,3.72097003135881,Negative
N900_RS02115,PC3,-3.676088143483055,long-chain fatty acid--CoA ligase,0.06106000666666668,-1.2326,4.0658,6h_SI7,6h,SI7,3h_SI3,3h,SI3,5.2984,3.676088143483055,Negative
N900_RS18695,PC3,-3.5162662479089244,N900_RS18695,0.5465653333333332,-0.76862,3.6284,3h_SI2,3h,SI2,3h_SI3,3h,SI3,4.39702,3.5162662479089244,Negative
N900_RS09090,PC3,-3.4259664415344213,moaD,0.05229599999999999,-1.4129,2.6728,1h_SI3,1h,SI3,12h_SI1,12h,SI1,4.0857,3.4259664415344213,Negative
N900_RS06280,PC3,-3.419561324819652,N900_RS06280,-1.3573059500000002,-5.3348,3.6508,6h_SI6,6h,SI6,12h_SI1,12h,SI1,8.9856,3.419561324819652,Negative
N900_RS18620,PC3,-3.3934184703124983,N900_RS18620,0.33199108016666673,-1.3442,2.6237,6h_SI1,6h,SI1,12h_SI1,12h,SI1,3.9679,3.3934184703124983,Negative
N900_RS06680,PC3,-3.3445737126263055,btuD_1,0.7745641216666667,-1.003,4.0921,24h_SI9,24h,SI9,12h_st,12h,st,5.0951,3.3445737126263055,Negative
N900_RS08470,PC3,-3.340898522123597,DNA transformation protein,1.2574838166666666,-1.4547,5.8525,6h_SI5,6h,SI5,12h_SI1,12h,SI1,7.3072,3.340898522123597,Negative
N900_RS05085,PC3,-3.3212968687779885,prepilin peptidase_2,0.26324856166666666,-0.83559,3.9948,3h_SI3,3h,SI3,12h_SI2,12h,SI2,4.83039,3.3212968687779885,Negative
N900_RS07960,PC3,-3.2679919220996836,setA,1.0041554,-0.9206,4.313,24h_st,24h,st,6h_st,6h,st,5.2336,3.2679919220996836,Negative
N900_RS08715,PC3,-3.2413459828525757,lktB_1,1.1510659383333333,-0.2782,4.7053,3h_SI2,3h,SI2,12h_SI2,12h,SI2,4.9835,3.2413459828525757,Negative
N900_RS02360,PC3,-3.240685140575611,cpdA,0.29294455166666666,-3.196,4.8381,12h_SI8,12h,SI8,1h_st,1h,st,8.0341,3.240685140575611,Negative
N900_RS09560,PC3,-3.231126839720268,N900_RS09560,0.10116264999999997,-1.4121,2.7998,6h_SI7,6h,SI7,1h_co,1h,co,4.2119,3.231126839720268,Negative
N900_RS04095,PC3,-3.225629975434739,cheZ,0.4809716,-1.0067,3.6048,6h_st,6h,st,6h_SI3,6h,SI3,4.6114999999999995,3.225629975434739,Negative
N900_RS09025,PC3,-3.223068576564149,cobO,0.8866571166666667,-0.62091,3.7663,3h_st,3h,st,6h_st,6h,st,4.3872100000000005,3.223068576564149,Negative
N900_RS01195,PC3,-3.2227182252526916,norM_1,0.6347305333333334,-0.64557,3.7499,24h_SI3,24h,SI3,12h_SI1,12h,SI1,4.3954699999999995,3.2227182252526916,Negative
N900_RS04055,PC3,-3.1767249934602777,yecM,1.3601655999999998,-0.19484,4.1281,3h_SI2,3h,SI2,1h_ce,1h,ce,4.32294,3.1767249934602777,Negative
N900_RS09510,PC3,-3.1537193566845803,vpsQ,2.0536241166666667,0.054217,6.1916,1h_SI8,1h,SI8,3h_SI3,3h,SI3,6.137383,3.1537193566845803,Negative
N900_RS18545,PC3,-3.1414110989410085,mhqP,1.2606789466666664,-0.16519,4.8455,1h_SI6,1h,SI6,3h_SI3,3h,SI3,5.01069,3.1414110989410085,Negative
N900_RS05050,PC3,-3.1344418376471963,occP,1.3571637000000003,-0.21443,4.2764,1h_SI7,1h,SI7,3h_SI5,3h,SI5,4.49083,3.1344418376471963,Negative
N900_RS14750,PC3,-3.113967643023564,mrpC,0.6532479050000001,-1.0686,3.7601,3h_SI2,3h,SI2,1h_ce,1h,ce,4.8286999999999995,3.113967643023564,Negative
N900_RS08220,PC3,-3.104005012445983,hutC,0.8880298333333333,-1.3759,5.3486,12h_SI8,12h,SI8,6h_SI3,6h,SI3,6.7245,3.104005012445983,Negative
N900_RS15245,PC3,-3.1034697671626312,N900_RS15245,0.5160328316666667,-2.2942,5.5445,6h_SI5,6h,SI5,6h_st,6h,st,7.8387,3.1034697671626312,Negative
N900_RS10625,PC3,-3.0991559617502196,rluD,-0.10167664999999998,-1.9778,4.9014,6h_SI6,6h,SI6,12h_SI2,12h,SI2,6.8792,3.0991559617502196,Negative
N900_RS09930,PC4,3.6217687200320583,recN,-0.30863290000000004,-1.9175,2.5027,6h_ce,6h,ce,3h_SI2,3h,SI2,4.4201999999999995,3.6217687200320583,Positive
N900_RS12500,PC4,3.53869013983197,N900_RS12500,0.21488250000000003,-1.334,3.0902,24h_SI4,24h,SI4,3h_SI1,3h,SI1,4.4242,3.53869013983197,Positive
N900_RS08645,PC4,3.449637860246302,"transcriptional regulator, putative",1.08680825,-0.36545,5.0672,6h_SI4,6h,SI4,3h_SI4,3h,SI4,5.43265,3.449637860246302,Positive
N900_RS19965,PC4,3.425117891722131,Pseudogene_N900_RS19965,-0.6027234333333332,-2.5225,2.1317,24h_st,24h,st,3h_SI1,3h,SI1,4.6541999999999994,3.425117891722131,Positive
N900_RS01235,PC4,3.4170801459258087,N900_RS01235,0.6819741,-0.69568,4.122,12h_st,12h,st,3h_SI1,3h,SI1,4.81768,3.4170801459258087,Positive
N900_RS12280,PC4,3.416357281506153,VC_0458_BLAST,-0.10090591666666665,-1.8121,2.9802,6h_SI1,6h,SI1,6h_ce,6h,ce,4.7923,3.416357281506153,Positive
N900_RS00165,PC4,3.41518036001989,dsba,0.12588415,-3.4222,3.7881,6h_SI8,6h,SI8,1h_SI1,1h,SI1,7.2103,3.41518036001989,Positive
N900_RS08705,PC4,3.410989135519663,dusC,0.24892846166666663,-0.96694,2.9386,12h_st,12h,st,3h_SI1,3h,SI1,3.9055400000000002,3.410989135519663,Positive
N900_RS07770,PC4,3.372084983978514,sdaA_1,-0.23991559999999998,-1.7701,3.6309,12h_SI9,12h,SI9,3h_SI2,3h,SI2,5.401,3.372084983978514,Positive
N900_RS13420,PC4,3.330656452036891,wbeK,-2.5773265000000003,-5.442,4.5768,6h_SI9,6h,SI9,3h_SI3,3h,SI3,10.0188,3.330656452036891,Positive
N900_RS03730,PC4,3.285190754304261,flaB,0.1458025983333333,-1.2065,3.0556,24h_st,24h,st,3h_SI4,3h,SI4,4.2621,3.285190754304261,Positive
N900_RS13195,PC4,3.262145681898753,acs_1,0.6116551833333334,-0.79391,3.4818,6h_st,6h,st,3h_SI2,3h,SI2,4.27571,3.262145681898753,Positive
N900_RS08665,PC4,3.234591480590546,bioC,0.23052880000000003,-1.7296,3.9964,12h_SI6,12h,SI6,3h_SI4,3h,SI4,5.726,3.234591480590546,Positive
N900_RS02435,PC4,3.229383315678499,dsbC,-0.19421205166666666,-1.9863,3.1401,12h_SI5,12h,SI5,1h_ce,1h,ce,5.1264,3.229383315678499,Positive
N900_RS00270,PC4,3.2289163743291223,aroE,-0.4271091333333334,-2.1854,3.4301,24h_SI9,24h,SI9,1h_SI1,1h,SI1,5.6155,3.2289163743291223,Positive
N900_RS16585,PC4,3.201322739012972,phnR,-0.3292854233333334,-2.9731,2.9314,12h_SI8,12h,SI8,3h_SI3,3h,SI3,5.9045000000000005,3.201322739012972,Positive
N900_RS02935,PC4,3.180910797121733,4-methyl-5(B-hydroxyethyl)-thiazole monophosphate biosynthesis enzyme,1.0250198833333333,-0.59836,3.6007,6h_st,6h,st,3h_SI2,3h,SI2,4.199059999999999,3.180910797121733,Positive
N900_RS00390,PC4,3.167258949808506,N900_RS00390,-0.039616166666666675,-1.9855,3.2288,6h_SI3,6h,SI3,1h_SI1,1h,SI1,5.2143,3.167258949808506,Positive
N900_RS09860,PC4,3.157772943187748,mltF,-0.8599122216666667,-3.8311,2.6324,6h_SI7,6h,SI7,3h_SI2,3h,SI2,6.4635,3.157772943187748,Positive
N900_RS03910,PC4,3.1316579461982617,N900_RS03910,0.7460684583333334,-0.63054,4.1226,3h_SI5,3h,SI5,1h_SI1,1h,SI1,4.75314,3.1316579461982617,Positive
N900_RS13305,PC4,3.12407584639823,purD,-1.9242205666666667,-5.3124,3.3529,12h_SI7,12h,SI7,1h_SI1,1h,SI1,8.6653,3.12407584639823,Positive
N900_RS02300,PC4,3.0646558427467685,exeA,0.8416620833333333,-0.74753,3.8342,6h_SI2,6h,SI2,3h_SI1,3h,SI1,4.58173,3.0646558427467685,Positive
N900_RS01315,PC4,3.0462173390833174,argB,1.4612119833333337,-0.018999,5.2771,6h_st,6h,st,3h_SI1,3h,SI1,5.296099,3.0462173390833174,Positive
N900_RS13555,PC4,3.0260183349182688,N900_RS13555,0.4422515766666667,-1.4544,3.5515,6h_SI1,6h,SI1,3h_SI1,3h,SI1,5.0059,3.0260183349182688,Positive
N900_RS14080,PC4,3.002690249521394,malT,0.2650877533333333,-1.1062,3.4638,1h_st,1h,st,3h_SI1,3h,SI1,4.57,3.002690249521394,Positive
N900_RS19435,PC4,-4.985717687701125,N900_RS19435,0.6266744000000002,-1.4137,4.7133,12h_SI3,12h,SI3,6h_SI4,6h,SI4,6.127000000000001,4.985717687701125,Negative
N900_RS04895,PC4,-4.8258110158602,hinT,0.5871952666666667,-1.2797,4.2602,6h_SI8,6h,SI8,6h_SI5,6h,SI5,5.5399,4.8258110158602,Negative
N900_RS11325,PC4,-4.587157333577724,N900_RS11325,0.8329015333333334,-1.8112,3.0855,1h_SI3,1h,SI3,12h_ce,12h,ce,4.8967,4.587157333577724,Negative
N900_RS11710,PC4,-4.55698291382361,rsmI,1.0247642666666663,-1.9176,4.733,1h_SI2,1h,SI2,12h_SI2,12h,SI2,6.6506,4.55698291382361,Negative
N900_RS18055,PC4,-4.509459107923424,TonB_2,0.81090335,-1.2465,4.5803,1h_SI9,1h,SI9,6h_SI3,6h,SI3,5.8268,4.509459107923424,Negative
N900_RS06610,PC4,-4.387876848570722,CPXCG motif-containing cysteine-rich protein,1.3797458,-1.7883,6.0201,6h_SI7,6h,SI7,12h_SI1,12h,SI1,7.808400000000001,4.387876848570722,Negative
N900_RS09250,PC4,-4.216314789081939,nagA_1,0.3435591,-1.212,3.4747,1h_SI1,1h,SI1,6h_SI4,6h,SI4,4.6867,4.216314789081939,Negative
N900_RS11605,PC4,-4.083636105916355,amtB,0.7412594666666664,-0.90026,4.4851,1h_co,1h,co,6h_st,6h,st,5.38536,4.083636105916355,Negative
N900_RS18370,PC4,-4.082841446014946,N900_RS18370,0.99271789,-0.92994,5.7143,1h_SI2,1h,SI2,12h_SI2,12h,SI2,6.64424,4.082841446014946,Negative
N900_RS14150,PC4,-4.07297012204425,chiA,1.3953386833333332,-2.0236,6.5227,1h_SI9,1h,SI9,6h_SI2,6h,SI2,8.5463,4.07297012204425,Negative
N900_RS05300,PC4,-4.056310973337583,N900_RS05300,0.5883225166666667,-2.1083,3.4432,6h_SI6,6h,SI6,6h_SI2,6h,SI2,5.5515,4.056310973337583,Negative
N900_RS04600,PC4,-4.0284733751048725,nlpE_1,0.8834398833333333,-1.7963,4.5191,1h_SI4,1h,SI4,6h_st,6h,st,6.3154,4.0284733751048725,Negative
N900_RS06650,PC4,-3.975794941561399,N900_RS06650,0.009954808333333332,0.00012735,0.43711,1h_SI7,1h,SI7,3h_st,3h,st,0.43698265,3.975794941561399,Negative
N900_RS03430,PC4,-3.9588114799255427,flgN,0.0059134508333333335,0.00024007,0.2015,6h_SI3,6h,SI3,3h_st,3h,st,0.20125993,3.9588114799255427,Negative
N900_RS15445,PC4,-3.956266883750358,N900_RS15445,0.4796739833333334,-2.0096,6.7351,3h_SI9,3h,SI9,6h_st,6h,st,8.7447,3.956266883750358,Negative
N900_RS16775,PC4,-3.939929003131521,Probable transporter XF_0766_BLAST,0.0026558358566666665,6.9364e-06,0.11476,6h_SI5,6h,SI5,3h_st,3h,st,0.1147530636,3.939929003131521,Negative
N900_RS20000,PC4,-3.938822056866628,Pseudogene_N900_RS20000,0.2557845166666667,-2.277,3.6734,6h_SI5,6h,SI5,24h_st,24h,st,5.9504,3.938822056866628,Negative
N900_RS07175,PC4,-3.93361163447939,potC,0.6767962166666668,-2.0585,4.1782,3h_SI6,3h,SI6,6h_SI4,6h,SI4,6.236700000000001,3.93361163447939,Negative
N900_RS15195,PC4,-3.915370009075646,N900_RS15195,1.1030312500000001,-0.80786,6.4407,12h_SI4,12h,SI4,6h_st,6h,st,7.2485599999999994,3.915370009075646,Negative
N900_RS12285,PC4,-3.882329426729692,N900_RS12285,0.0027146426351666664,-8.333e-06,0.11933,12h_SI8,12h,SI8,3h_st,3h,st,0.119338333,3.882329426729692,Negative
N900_RS10635,PC4,-3.8716133635738474,raiA,0.9942305166666665,-1.1243,6.038,1h_SI2,1h,SI2,6h_st,6h,st,7.1623,3.8716133635738474,Negative
N900_RS12315,PC4,-3.8408889545084977,yggX,0.3632811,-1.9722,3.7623,6h_co,6h,co,12h_st,12h,st,5.734500000000001,3.8408889545084977,Negative
N900_RS09045,PC4,-3.835465026258958,apbC,0.8032064833333333,-0.52816,4.7821,6h_ce,6h,ce,3h_st,3h,st,5.3102599999999995,3.835465026258958,Negative
N900_RS00705,PC4,-3.8307431951792728,Pseudogene_N900_RS00705,0.6146072500000002,-1.1903,5.5069,12h_SI4,12h,SI4,6h_st,6h,st,6.6972,3.8307431951792728,Negative
N900_RS08150,PC4,-3.814838587554003,N900_RS08150,0.005595575500000001,0.00033236,0.16587,12h_SI2,12h,SI2,3h_st,3h,st,0.16553763999999999,3.814838587554003,Negative
N900_RS01885,PC5,4.6098471681780975,kdsC,-0.13604569999999996,-1.6525,4.1551,3h_ce,3h,ce,6h_st,6h,st,5.8076,4.6098471681780975,Positive
N900_RS14675,PC5,4.526460753198716,N900_RS14675,1.179211736666667,-0.31504,5.1778,3h_co,3h,co,6h_st,6h,st,5.49284,4.526460753198716,Positive
N900_RS07705,PC5,4.370407672304604,methyl-accepting chemotaxis protein_14,0.42721209999999993,-1.2518,4.2859,6h_SI1,6h,SI1,3h_SI1,3h,SI1,5.5377,4.370407672304604,Positive
N900_RS18705,PC5,4.20573118650037,N900_RS18705,0.9998879000000002,-0.59522,4.745,3h_SI3,3h,SI3,6h_st,6h,st,5.34022,4.20573118650037,Positive
N900_RS14260,PC5,4.122255448046739,N900_RS14260,-0.04916328333333332,-1.5291,4.0534,12h_SI5,12h,SI5,6h_st,6h,st,5.5825,4.122255448046739,Positive
N900_RS03240,PC5,4.038700619862062,rnhB,0.21106356666666667,-1.768,3.0744,12h_SI1,12h,SI1,3h_SI1,3h,SI1,4.8424,4.038700619862062,Positive
N900_RS01100,PC5,4.01476962592782,cpxR,0.2803164166666667,-1.7866,3.3916,12h_SI2,12h,SI2,3h_SI1,3h,SI1,5.1782,4.01476962592782,Positive
N900_RS05455,PC5,4.008178976351548,siaQ,0.8079806500000001,-1.1326,4.7764,12h_SI2,12h,SI2,6h_SI4,6h,SI4,5.909,4.008178976351548,Positive
N900_RS15910,PC5,3.9314875794126003,N900_RS15910,0.30484123166666677,-2.8453,3.7503,12h_SI8,12h,SI8,6h_st,6h,st,6.5956,3.9314875794126003,Positive
N900_RS00540,PC5,3.8900879754139637,ypeA_1,0.1845046133333334,-1.1433,3.5878,3h_SI3,3h,SI3,1h_SI1,1h,SI1,4.7311,3.8900879754139637,Positive
N900_RS11460,PC5,3.837159540331063,yhbY,0.73854215,-1.0584,4.8511,24h_st,24h,st,3h_SI1,3h,SI1,5.9094999999999995,3.837159540331063,Positive
N900_RS14190,PC5,3.773296693475658,"phosphatidylglycerophosphatase B, putative",0.2620648016666667,-1.1722,4.4664,6h_SI9,6h,SI9,1h_SI1,1h,SI1,5.6386,3.773296693475658,Positive
N900_RS01305,PC5,3.642297105677476,argE,1.6609314499999999,0.056167,5.2321,24h_SI9,24h,SI9,1h_SI1,1h,SI1,5.175933,3.642297105677476,Positive
N900_RS04665,PC5,3.6103049173554655,mhpA,0.7812497566666666,-0.86729,3.5221,3h_st,3h,st,3h_SI1,3h,SI1,4.38939,3.6103049173554655,Positive
N900_RS20040,PC5,3.5645256470586864,N900_RS20040,0.47122331,-1.9741,4.293,3h_SI8,3h,SI8,3h_SI1,3h,SI1,6.2671,3.5645256470586864,Positive
N900_RS15400,PC5,3.5458275112280226,ygfF,0.10089349999999998,-1.485,2.4851,3h_SI2,3h,SI2,6h_SI4,6h,SI4,3.9701000000000004,3.5458275112280226,Positive
N900_RS07080,PC5,3.51010143357149,rcsC_3,0.3931739,-0.8092,5.5141,3h_SI9,3h,SI9,6h_st,6h,st,6.3233,3.51010143357149,Positive
N900_RS06660,PC5,3.477054919210019,N900_RS06660,-0.15241848333333333,-1.9089,4.2832,3h_SI6,3h,SI6,6h_st,6h,st,6.1921,3.477054919210019,Positive
N900_RS01745,PC5,3.474319348409465,ABC transporter permease_2,1.6455948333333337,-0.26204,5.1766,12h_SI3,12h,SI3,3h_SI1,3h,SI1,5.4386399999999995,3.474319348409465,Positive
N900_RS14510,PC5,3.455971743604692,N900_RS14510,1.0286589099999999,-0.45981,4.7643,3h_SI3,3h,SI3,6h_st,6h,st,5.2241100000000005,3.455971743604692,Positive
N900_RS01900,PC5,3.424190804215883,N900_RS01900,0.24226955000000003,-1.1003,4.18,6h_SI3,6h,SI3,3h_SI1,3h,SI1,5.2802999999999995,3.424190804215883,Positive
N900_RS15440,PC5,3.3921904888692165,HNH endonuclease_1,-0.10880488866666663,-2.5043,2.4738,12h_SI4,12h,SI4,3h_SI2,3h,SI2,4.9781,3.3921904888692165,Positive
N900_RS13880,PC5,3.3892778925370077,ilvY,1.4249721666666668,-0.45434,4.9543,12h_SI1,12h,SI1,12h_SI2,12h,SI2,5.40864,3.3892778925370077,Positive
N900_RS11360,PC5,3.37437684606058,ubiU,1.3526538499999998,-0.17479,5.0211,3h_SI7,3h,SI7,3h_SI1,3h,SI1,5.1958899999999995,3.37437684606058,Positive
N900_RS15935,PC5,3.33613102592427,N900_RS15935,0.20808993333333337,-1.4397,3.2808,12h_SI6,12h,SI6,1h_SI1,1h,SI1,4.7205,3.33613102592427,Positive
N900_RS18125,PC5,-4.397305287290312,AraC family transcriptional regulator_4,0.48270094166666666,-1.3638,4.4377,6h_SI2,6h,SI2,6h_ce,6h,ce,5.801500000000001,4.397305287290312,Negative
N900_RS04180,PC5,-4.067503315596792,fabG_1,1.1036457166666667,-0.66004,5.6395,1h_SI1,1h,SI1,3h_SI3,3h,SI3,6.29954,4.067503315596792,Negative
N900_RS03395,PC5,-4.061904685126784,Fe3+-citrate ABC transporter substrate-binding protein,0.5749562666666665,-1.6408,3.404,6h_SI2,6h,SI2,6h_ce,6h,ce,5.0448,4.061904685126784,Negative
N900_RS05775,PC5,-3.955200910321757,N900_RS05775,0.8143961166666664,-0.77835,6.0086,6h_SI2,6h,SI2,3h_SI4,3h,SI4,6.78695,3.955200910321757,Negative
N900_RS09075,PC5,-3.824622246049179,inosine monophosphate dehydrogenase-related protein,1.2868885666666663,-0.28471,6.1714,3h_SI1,3h,SI1,3h_st,3h,st,6.456110000000001,3.824622246049179,Negative
N900_RS04620,PC5,-3.7730531632255313,VC_1957_BLAST,0.3645300616666667,-1.235,3.7382,6h_SI4,6h,SI4,12h_SI1,12h,SI1,4.9732,3.7730531632255313,Negative
N900_RS18930,PC5,-3.5846109240798545,ABC transporter ATP-binding protein_4,0.3748486666666667,-1.0482,3.6535,6h_SI3,6h,SI3,3h_st,3h,st,4.701700000000001,3.5846109240798545,Negative
N900_RS12840,PC5,-3.5786067601277587,fkpA,0.27229338333333336,-1.4642,4.1054,6h_SI5,6h,SI5,3h_SI3,3h,SI3,5.5696,3.5786067601277587,Negative
N900_RS12150,PC5,-3.544969184762021,oxidative stress defense protein,0.8405812616666667,-0.82748,4.5271,6h_SI2,6h,SI2,3h_st,3h,st,5.35458,3.544969184762021,Negative
N900_RS18140,PC5,-3.527085527549313,rlmC,1.4098274999999998,-0.10234,4.0469,1h_SI6,1h,SI6,3h_SI3,3h,SI3,4.14924,3.527085527549313,Negative
N900_RS12365,PC5,-3.5177554519664556,djlA,0.5443349666666665,-1.1718,3.8828,6h_SI1,6h,SI1,3h_st,3h,st,5.0546,3.5177554519664556,Negative
N900_RS15150,PC5,-3.4912956160781308,ybhA,0.5236248816666668,-0.93284,4.8388,6h_st,6h,st,3h_SI2,3h,SI2,5.77164,3.4912956160781308,Negative
N900_RS00830,PC5,-3.485303631752648,N900_RS00830,0.5607836883333334,-0.8329,3.6627,3h_SI1,3h,SI1,3h_SI3,3h,SI3,4.4956,3.485303631752648,Negative
N900_RS05680,PC5,-3.484125145963734,glgC_1,0.6073159,-0.71219,4.344,1h_SI7,1h,SI7,3h_SI3,3h,SI3,5.05619,3.484125145963734,Negative
N900_RS01685,PC5,-3.471521696835842,LysM,0.5728361166666667,-1.5682,3.3574,6h_SI1,6h,SI1,3h_SI3,3h,SI3,4.9256,3.471521696835842,Negative
N900_RS13715,PC5,-3.432595905464522,gorA,0.20930418333333337,-1.5688,3.9834,3h_SI8,3h,SI8,12h_SI2,12h,SI2,5.5522,3.432595905464522,Negative
N900_RS10735,PC5,-3.398259986680433,fkpB,1.2847738666666666,-0.17285,4.504,1h_SI3,1h,SI3,3h_SI2,3h,SI2,4.67685,3.398259986680433,Negative
N900_RS06270,PC5,-3.368557829607082,ABC transporter permease_3,-0.515561175,-2.5446,2.7036,1h_SI3,1h,SI3,3h_SI3,3h,SI3,5.2482,3.368557829607082,Negative
N900_RS08195,PC5,-3.3359873094657044,N900_RS08195,1.2475586333333335,0.081734,5.0147,1h_SI8,1h,SI8,12h_SI1,12h,SI1,4.932966,3.3359873094657044,Negative
N900_RS09445,PC5,-3.306742652487142,rsfS,0.7061118816666665,-0.9473,6.2056,1h_SI7,1h,SI7,3h_SI3,3h,SI3,7.1529,3.306742652487142,Negative
N900_RS17325,PC5,-3.301031172826663,lysr_5,1.30877688,-0.1414,5.1719,1h_SI5,1h,SI5,3h_SI3,3h,SI3,5.3133,3.301031172826663,Negative
N900_RS04265,PC5,-3.300944895981029,SulP family inorganic anion transporter_1,1.0018395583333335,-1.1449,4.9608,1h_co,1h,co,3h_SI2,3h,SI2,6.1057,3.300944895981029,Negative
N900_RS00375,PC5,-3.297074426605258,asnC,0.4175280066666666,-0.98202,5.0777,12h_SI4,12h,SI4,3h_SI3,3h,SI3,6.05972,3.297074426605258,Negative
N900_RS01700,PC5,-3.2762678249973924,dbpA,0.3822100499999999,-1.1716,3.6947,6h_st,6h,st,6h_ce,6h,ce,4.8663,3.2762678249973924,Negative
N900_RS08805,PC5,-3.2637086568512643,sasA_7,1.4949027333333333,-0.2666,6.6033,1h_SI9,1h,SI9,3h_SI3,3h,SI3,6.8699,3.2637086568512643,Negative
N900_RS01325,PC6,4.881633872979391,argH,0.16767774833333335,-1.637,6.1234,24h_SI1,24h,SI1,3h_SI1,3h,SI1,7.760400000000001,4.881633872979391,Positive
N900_RS00650,PC6,4.870443670296415,N900_RS00650,0.754079075,-0.87026,4.0816,6h_SI1,6h,SI1,3h_SI1,3h,SI1,4.95186,4.870443670296415,Positive
N900_RS09100,PC6,4.747154048828866,moaB,0.8524573751666666,-0.92419,3.5174,1h_SI2,1h,SI2,3h_SI1,3h,SI1,4.44159,4.747154048828866,Positive
N900_RS06265,PC6,4.685305208796842,ABC transporter permease_4,0.34822705000000004,-2.6924,4.9633,1h_SI4,1h,SI4,3h_SI1,3h,SI1,7.6557,4.685305208796842,Positive
N900_RS13340,PC6,4.680425568819357,VC_0268,0.8718629,-0.69016,6.0471,12h_SI1,12h,SI1,3h_SI1,3h,SI1,6.73726,4.680425568819357,Positive
N900_RS05340,PC6,4.667656271938467,IclR family transcriptional regulator,0.09195315,-2.1203,3.9457,1h_SI5,1h,SI5,3h_SI1,3h,SI1,6.066,4.667656271938467,Positive
N900_RS11625,PC6,4.638024592261565,N900_RS11625,0.50280315,-1.4968,2.8463,1h_SI1,1h,SI1,12h_SI4,12h,SI4,4.3431,4.638024592261565,Positive
N900_RS06225,PC6,4.566734567197561,LysR family transcriptional regulator_5,0.931498155,-1.7134,6.8158,1h_SI9,1h,SI9,3h_st,3h,st,8.5292,4.566734567197561,Positive
N900_RS06510,PC6,4.55816533265385,katG,1.6284244,-0.15532,6.1199,1h_SI7,1h,SI7,3h_SI1,3h,SI1,6.27522,4.55816533265385,Positive
N900_RS16750,PC6,4.285161646709401,antibiotic biosynthesis monooxygenase,0.6518676713333333,-3.1135,4.3596,6h_SI6,6h,SI6,3h_SI1,3h,SI1,7.4731000000000005,4.285161646709401,Positive
N900_RS09195,PC6,4.209013993881904,ribonuclease T,0.5439541,-2.0486,5.2082,1h_SI2,1h,SI2,3h_SI1,3h,SI1,7.2568,4.209013993881904,Positive
N900_RS16465,PC6,4.205906408313109,DamX-related protein,0.025303263333333333,0.0031775,0.28123,6h_SI3,6h,SI3,3h_SI1,3h,SI1,0.2780525,4.205906408313109,Positive
N900_RS18155,PC6,4.039350253381588,cspV_3,0.7596669666666667,-0.83059,5.2356,24h_SI2,24h,SI2,3h_SI1,3h,SI1,6.06619,4.039350253381588,Positive
N900_RS00045,PC6,3.956860043546209,patM,1.7093390000000002,-0.21058,6.3068,1h_SI7,1h,SI7,3h_SI1,3h,SI1,6.51738,3.956860043546209,Positive
N900_RS03640,PC6,3.9480567846429224,bepA_1,0.7092973833333333,-0.73641,4.1162,6h_SI3,6h,SI3,3h_SI1,3h,SI1,4.85261,3.9480567846429224,Positive
N900_RS19685,PC6,3.945314098043553,N900_RS19685,0.7309666833333334,-1.6662,6.5626,3h_SI6,3h,SI6,12h_SI2,12h,SI2,8.2288,3.945314098043553,Positive
N900_RS17670,PC6,3.9423091651485747,LysR family transcriptional regulator_7,0.30127895,-1.4317,3.4564,3h_SI9,3h,SI9,3h_st,3h,st,4.8881,3.9423091651485747,Positive
N900_RS07840,PC6,3.8740235682033606,chbG,0.42840743333333337,-0.98467,6.5211,6h_SI1,6h,SI1,6h_ce,6h,ce,7.50577,3.8740235682033606,Positive
N900_RS00915,PC6,3.784299414560574,epsH,-0.012676316666666698,-4.0234,3.8558,1h_SI6,1h,SI6,12h_SI3,12h,SI3,7.879199999999999,3.784299414560574,Positive
N900_RS12975,PC6,3.772274892541259,envc,1.3966725,-0.12388,5.565,6h_SI4,6h,SI4,3h_SI1,3h,SI1,5.68888,3.772274892541259,Positive
N900_RS09505,PC6,3.7163551499466796,yitt,0.5896746166666667,-1.555,5.8246,6h_co,6h,co,3h_SI1,3h,SI1,7.3796,3.7163551499466796,Positive
N900_RS05850,PC6,3.697959268849548,torC,1.0276815166666666,-0.79525,4.1319,12h_SI8,12h,SI8,3h_SI1,3h,SI1,4.92715,3.697959268849548,Positive
N900_RS05360,PC6,3.663203141909347,N900_RS05360,0.22612868333333333,-1.301,3.4917,24h_co,24h,co,3h_SI1,3h,SI1,4.7927,3.663203141909347,Positive
N900_RS12535,PC6,3.622438461305486,mshP,1.7246605516666667,-0.21597,6.7449,12h_ce,12h,ce,3h_st,3h,st,6.96087,3.622438461305486,Positive
N900_RS13145,PC6,3.6186116060390976,N900_RS13145,0.32362654416666664,-1.2169,3.3406,6h_SI1,6h,SI1,3h_SI1,3h,SI1,4.5575,3.6186116060390976,Positive
N900_RS11295,PC6,-3.5570612113354927,umuC,0.9131930833333332,-1.6022,5.423,3h_SI9,3h,SI9,6h_SI4,6h,SI4,7.0252,3.5570612113354927,Negative
N900_RS12870,PC6,-3.51393161450507,hflX,0.5955676499999999,-1.0186,4.41,24h_SI1,24h,SI1,3h_SI2,3h,SI2,5.4286,3.51393161450507,Negative
N900_RS05790,PC6,-3.5124229180199555,metE,0.40654108000000005,-1.3461,3.9769,3h_SI9,3h,SI9,3h_SI4,3h,SI4,5.323,3.5124229180199555,Negative
N900_RS07210,PC6,-3.33150406317108,N900_RS07210,-0.15206748333333334,-2.3909,5.0833,6h_ce,6h,ce,6h_st,6h,st,7.4742,3.33150406317108,Negative
N900_RS09555,PC6,-3.3153183733253138,N900_RS09555,0.9551864175499998,-0.46094,4.4575,24h_SI2,24h,SI2,6h_SI3,6h,SI3,4.9184399999999995,3.3153183733253138,Negative
N900_RS07080,PC6,-3.3109578168860057,rcsC_3,0.3931739,-0.8092,5.5141,3h_SI9,3h,SI9,6h_st,6h,st,6.3233,3.3109578168860057,Negative
N900_RS07190,PC6,-3.2965711796478305,chromosome segregation ATPase_1,0.33410280000000003,-1.3384,3.4822,24h_SI2,24h,SI2,3h_SI4,3h,SI4,4.820600000000001,3.2965711796478305,Negative
N900_RS19860,PC6,-3.2593082658925563,N900_RS19860,0.09501618666666665,-1.7518,3.6211,6h_SI3,6h,SI3,6h_st,6h,st,5.3729000000000005,3.2593082658925563,Negative
N900_RS05890,PC6,-3.193296999219298,sapF,0.1893208716666667,-2.0789,3.2929,3h_SI9,3h,SI9,6h_SI4,6h,SI4,5.3718,3.193296999219298,Negative
N900_RS06805,PC6,-3.1746221535396564,ABC transporter ATP-binding protein_2,0.32236509999999996,-1.5613,4.7015,12h_SI4,12h,SI4,6h_SI1,6h,SI1,6.2628,3.1746221535396564,Negative
N900_RS01090,PC6,-3.1460684294519896,superoxide dismutase,0.7178741116666667,-0.77886,3.6767,12h_SI1,12h,SI1,1h_ce,1h,ce,4.45556,3.1460684294519896,Negative
N900_RS07130,PC6,-3.1318282282579584,N900_RS07130,0.47849058166666664,-2.2824,4.8374,12h_SI3,12h,SI3,6h_st,6h,st,7.1198,3.1318282282579584,Negative
N900_RS13180,PC6,-3.115177726846738,N900_RS13180,0.782608515,-1.0068,4.4226,12h_st,12h,st,6h_SI1,6h,SI1,5.4294,3.115177726846738,Negative
N900_RS04250,PC6,-3.115097542846883,ychE_BLAST,0.6742577139999999,-0.82011,3.5925,3h_SI1,3h,SI1,6h_st,6h,st,4.41261,3.115097542846883,Negative
N900_RS13745,PC6,-3.096915006442885,cap2_BLAST,0.11527100000000004,-1.5725,2.6307,3h_SI1,3h,SI1,6h_st,6h,st,4.2032,3.096915006442885,Negative
N900_RS06750,PC6,-3.0795520761992923,formate dehydrogenase subunit gamma,0.396028855,-1.4337,4.3571,12h_SI2,12h,SI2,3h_SI5,3h,SI5,5.7908,3.0795520761992923,Negative
N900_RS00090,PC6,-3.029590944542787,avtA,0.7149570666666667,-0.89129,3.5684,12h_SI1,12h,SI1,6h_st,6h,st,4.45969,3.029590944542787,Negative
N900_RS10955,PC6,-3.022718397164978,primase,0.19470681666666667,-1.3159,2.75,6h_st,6h,st,3h_SI2,3h,SI2,4.0659,3.022718397164978,Negative
N900_RS04880,PC6,-3.0162669146665637,fadR,1.1680233833333333,-1.5989,4.8608,6h_SI7,6h,SI7,3h_SI2,3h,SI2,6.4597,3.0162669146665637,Negative
N900_RS07765,PC6,-3.0157434808638763,sdaC_2,1.31297405,-0.12973,4.4926,1h_st,1h,st,3h_SI3,3h,SI3,4.622330000000001,3.0157434808638763,Negative
N900_RS11130,PC6,-3.0103100441465274,N900_RS11130,-0.008475850000000033,-4.1588,3.8228,3h_SI9,3h,SI9,6h_SI4,6h,SI4,7.9816,3.0103100441465274,Negative
N900_RS19380,PC6,-3.0067994668069202,N900_RS19380,0.29095489179999995,-1.8964,3.3509,12h_SI2,12h,SI2,3h_SI4,3h,SI4,5.2473,3.0067994668069202,Negative
N900_RS14390,PC6,-2.9946482492085478,N900_RS14390,-0.2869692833333333,-1.5642,2.4019,12h_st,12h,st,3h_SI4,3h,SI4,3.9661,2.9946482492085478,Negative
N900_RS19565,PC6,-2.9699240004192333,N900_RS19565,0.2912597768333333,-1.5395,5.5196,3h_ce,3h,ce,3h_SI4,3h,SI4,7.0591,2.9699240004192333,Negative
N900_RS15435,PC6,-2.966641922184183,VC_A0308_BLAST,-0.29818726666666673,-2.0245,2.4114,6h_SI3,6h,SI3,1h_ce,1h,ce,4.4359,2.966641922184183,Negative
