Gene,Component,Gene_loading,Gene_display,mean_fitness,min_fitness,max_fitness,strongest_defect_feature,strongest_defect_time,strongest_defect_space,strongest_positive_feature,strongest_positive_time,strongest_positive_space,dynamic_range,abs_loading,abs_rank
N900_RS00050,TensorComp1,6.9854732300049935,patH,0.8948083666666666,-0.43105,3.6854,1h_st,1h,st,6h_SI4,6h,SI4,4.11645,6.9854732300049935,1.0
N900_RS06220,TensorComp1,6.796394805469414,ynfM,0.8763427666666668,-0.55502,3.4905,1h_st,1h,st,6h_SI4,6h,SI4,4.04552,6.796394805469414,2.0
N900_RS07515,TensorComp1,6.7559738779662055,diguanylate cyclase_1,0.9015788783333333,-0.54242,3.3394,6h_st,6h,st,12h_SI2,12h,SI2,3.88182,6.7559738779662055,3.0
N900_RS07385,TensorComp1,6.750658275959899,N900_RS07385,0.8699623183333335,-0.49244,3.4955,1h_SI6,1h,SI6,6h_SI3,6h,SI3,3.98794,6.750658275959899,4.0
N900_RS17515,TensorComp1,6.722471882807543,"resolvase, putative",1.0423008999999999,-0.41253,4.9603,6h_SI7,6h,SI7,3h_SI2,3h,SI2,5.37283,6.722471882807543,5.0
N900_RS04100,TensorComp1,6.708963990645823,cheA2,2.0485832166666667,-1.0892,6.0597,1h_SI5,1h,SI5,12h_SI1,12h,SI1,7.1489,6.708963990645823,6.0
N900_RS07365,TensorComp1,6.682718855469638,yegD,1.1373953833333335,-0.34514,3.4958,1h_SI6,1h,SI6,3h_SI2,3h,SI2,3.84094,6.682718855469638,7.0
N900_RS05575,TensorComp1,6.669416534504826,pqiB,0.5611877716666667,-1.1285,4.0344,12h_SI7,12h,SI7,6h_SI4,6h,SI4,5.1629,6.669416534504826,8.0
N900_RS13640,TensorComp1,6.63628560471869,fhuB,1.4736744166666667,0.010116,4.3813,1h_SI8,1h,SI8,12h_SI1,12h,SI1,4.371184,6.63628560471869,9.0
N900_RS04640,TensorComp1,6.616717755528871,chitinase_2,1.1515031966666667,-0.19687,4.4924,6h_SI9,6h,SI9,6h_SI2,6h,SI2,4.68927,6.616717755528871,10.0
N900_RS09520,TensorComp1,6.614497821252967,vpsO,1.0523468666666667,-0.83125,4.4351,6h_SI7,6h,SI7,3h_st,3h,st,5.26635,6.614497821252967,11.0
N900_RS14840,TensorComp1,6.603340018524918,methyl-accepting chemotaxis protein_20,1.6516783833333337,-0.30857,5.037,1h_SI6,1h,SI6,6h_SI1,6h,SI1,5.34557,6.603340018524918,12.0
N900_RS07585,TensorComp1,6.5956651871020355,acnD,0.5594032243333333,-0.82837,3.2134,6h_SI7,6h,SI7,6h_SI2,6h,SI2,4.04177,6.5956651871020355,13.0
N900_RS16725,TensorComp1,6.584605007761913,GNAT family acetyltransferase,1.179908833333333,-0.16635,4.7237,6h_co,6h,co,3h_SI1,3h,SI1,4.8900500000000005,6.584605007761913,14.0
N900_RS12225,TensorComp1,6.580751261001053,rsmE,1.0057010160000002,-0.35504,3.3369,12h_SI7,12h,SI7,12h_SI2,12h,SI2,3.6919399999999998,6.580751261001053,15.0
N900_RS07270,TensorComp1,6.568453941710208,rhlE_1,0.62821655,-0.8934,3.5773,6h_ce,6h,ce,3h_SI2,3h,SI2,4.4707,6.568453941710208,16.0
N900_RS12580,TensorComp1,6.56453826419528,MSHA biogenesis protein MshN,1.1088379333333331,-0.40777,3.6304,3h_SI4,3h,SI4,12h_SI2,12h,SI2,4.03817,6.56453826419528,17.0
N900_RS01360,TensorComp1,6.542430120260881,pilus assembly protein PilN,1.1552278166666663,-0.41744,3.5303,1h_st,1h,st,6h_SI2,6h,SI2,3.94774,6.542430120260881,18.0
N900_RS03270,TensorComp1,6.508602130483236,glnB,1.2820225333333333,-0.37078,4.1463,3h_SI6,3h,SI6,3h_st,3h,st,4.51708,6.508602130483236,19.0
N900_RS14265,TensorComp1,6.500887273821135,deoD_2,1.0826106466666665,-0.30296,3.7815,12h_SI7,12h,SI7,3h_st,3h,st,4.08446,6.500887273821135,20.0
N900_RS07880,TensorComp1,6.49308216981502,DNA-binding response regulator_1,0.7648298166666668,-0.91705,3.3324,1h_st,1h,st,3h_SI2,3h,SI2,4.2494499999999995,6.49308216981502,21.0
N900_RS02975,TensorComp1,6.48914122988549,"lipoprotein, putative",1.38081945,-0.25722,4.7706,1h_SI8,1h,SI8,3h_SI1,3h,SI1,5.02782,6.48914122988549,22.0
N900_RS11850,TensorComp1,6.487499896562654,qorA,0.8281166333333333,-0.76929,3.9372,6h_SI9,6h,SI9,1h_SI1,1h,SI1,4.70649,6.487499896562654,23.0
N900_RS06575,TensorComp1,6.485299918753873,tolQ_3,1.0613484833333333,-0.39571,4.9052,1h_st,1h,st,12h_SI1,12h,SI1,5.30091,6.485299918753873,24.0
N900_RS16735,TensorComp1,6.484270029255725,glpm,0.6334879999999999,-0.9542,4.6787,1h_SI3,1h,SI3,6h_SI2,6h,SI2,5.6329,6.484270029255725,25.0
N900_RS03915,TensorComp1,6.47851414922895,gltC,1.3515615,-0.22479,3.753,3h_st,3h,st,6h_st,6h,st,3.97779,6.47851414922895,26.0
N900_RS13490,TensorComp1,6.477792383723726,wavI,1.2794988166666668,-0.12819,4.0571,6h_ce,6h,ce,6h_SI3,6h,SI3,4.18529,6.477792383723726,27.0
N900_RS10825,TensorComp1,6.475519295909066,vpsR,1.4516895,0.13202,4.0584,1h_SI7,1h,SI7,3h_SI1,3h,SI1,3.92638,6.475519295909066,28.0
N900_RS04450,TensorComp1,6.446762681743956,fadH,1.1646299833333333,-0.26653,3.811,24h_SI7,24h,SI7,6h_st,6h,st,4.07753,6.446762681743956,29.0
N900_RS14095,TensorComp1,6.4317801733764535,glgB,0.15731536666666665,-1.5922,3.868,12h_SI8,12h,SI8,12h_SI1,12h,SI1,5.4602,6.4317801733764535,30.0
N900_RS16480,TensorComp1,6.426029013724616,TonB-dependent hemoglobin/transferrin/lactoferrin family receptor,0.43546566666666664,-1.2188,2.8525,1h_SI7,1h,SI7,3h_SI1,3h,SI1,4.0713,6.426029013724616,31.0
N900_RS18910,TensorComp1,6.424697891629436,N900_RS18910,1.1945625649999998,-0.21988,4.4357,12h_st,12h,st,12h_SI2,12h,SI2,4.65558,6.424697891629436,32.0
N900_RS00710,TensorComp1,6.420026287625656,lysoplasmalogenase_1,1.4763866666666665,0.18203,4.2859,6h_ce,6h,ce,6h_st,6h,st,4.10387,6.420026287625656,33.0
N900_RS11345,TensorComp1,6.409669877839858,N-acetyltransferase_2,0.6777983716666667,-0.76552,2.5645,3h_st,3h,st,6h_st,6h,st,3.3300199999999998,6.409669877839858,34.0
N900_RS02695,TensorComp1,6.404897473787871,thrA,1.3559940116666667,-0.31452,4.1366,1h_st,1h,st,3h_SI1,3h,SI1,4.4511199999999995,6.404897473787871,35.0
N900_RS15255,TensorComp1,6.402032766470801,emrD3,0.759544055,-0.64658,3.2808,12h_st,12h,st,3h_SI1,3h,SI1,3.9273800000000003,6.402032766470801,36.0
N900_RS08660,TensorComp1,6.401254014789201,bioD,0.89199252,-1.4831,4.018,12h_SI8,12h,SI8,12h_SI1,12h,SI1,5.5011,6.401254014789201,37.0
N900_RS12995,TensorComp1,6.399853609481547,nudC,1.1268217166666668,-0.24359,3.297,3h_SI9,3h,SI9,12h_SI1,12h,SI1,3.5405900000000003,6.399853609481547,38.0
N900_RS11560,TensorComp1,6.3997258190840105,oppF_2,1.0883238000000002,-0.51393,3.626,3h_st,3h,st,6h_ce,6h,ce,4.13993,6.3997258190840105,39.0
N900_RS13135,TensorComp1,6.397882974088358,paaE,1.2817756833333331,-0.14881,3.8272,1h_SI3,1h,SI3,3h_SI3,3h,SI3,3.97601,6.397882974088358,40.0
N900_RS16095,TensorComp1,6.389297052470917,N900_RS16095,0.4014964,-1.1377,3.7977,12h_SI8,12h,SI8,3h_st,3h,st,4.9354,6.389297052470917,41.0
N900_RS05240,TensorComp1,6.386670597146465,PTS fructose transporter subunit IIA_2,-0.37278711666666664,-3.3449,2.3735,3h_SI8,3h,SI8,6h_SI4,6h,SI4,5.7184,6.386670597146465,42.0
N900_RS06145,TensorComp1,6.385419202796853,Putative NAD(P)-binding protein YbjT_BLAST,1.2660860333333332,-0.30178,4.3368,1h_SI6,1h,SI6,6h_SI4,6h,SI4,4.63858,6.385419202796853,43.0
N900_RS05490,TensorComp1,6.383370313170202,N900_RS05490,1.1188048650000002,-0.65037,3.9243,12h_SI8,12h,SI8,3h_SI2,3h,SI2,4.57467,6.383370313170202,44.0
N900_RS01820,TensorComp1,6.381840364836395,thiP,0.40782968666666675,-1.1774,3.6386,3h_ce,3h,ce,12h_SI2,12h,SI2,4.816,6.381840364836395,45.0
N900_RS10130,TensorComp1,6.381725924874485,uvrB_2,1.5001344000000003,0.076314,4.4841,1h_SI8,1h,SI8,6h_SI4,6h,SI4,4.407786,6.381725924874485,46.0
N900_RS07890,TensorComp1,6.380639762373314,dctM_2,0.578338605,-0.85087,3.569,6h_SI7,6h,SI7,3h_SI3,3h,SI3,4.4198699999999995,6.380639762373314,47.0
N900_RS18710,TensorComp1,6.379489245946824,N900_RS18710,1.4617749166666667,-0.026851,4.8523,1h_SI8,1h,SI8,6h_SI1,6h,SI1,4.879150999999999,6.379489245946824,48.0
N900_RS17640,TensorComp1,6.368795363246308,ectC,1.6218537166666671,-0.078765,4.1303,1h_SI8,1h,SI8,6h_SI1,6h,SI1,4.209065,6.368795363246308,49.0
N900_RS10675,TensorComp1,6.362777956948306,N900_RS10675,1.0039942966666666,-0.4473,3.4993,3h_st,3h,st,6h_SI2,6h,SI2,3.9465999999999997,6.362777956948306,50.0
N900_RS14570,TensorComp2,4.826901416226767,tagO,1.0331540333333333,-0.47112,3.5782,12h_st,12h,st,3h_SI5,3h,SI5,4.04932,4.826901416226767,1.0
N900_RS14475,TensorComp2,4.777273193799812,ydgJ,0.7585031666666667,-0.89777,3.7676,6h_st,6h,st,3h_SI3,3h,SI3,4.665369999999999,4.777273193799812,2.0
N900_RS06810,TensorComp2,4.753759424292175,msrC_BLAST,0.8131330200000001,-0.61003,4.5476,1h_st,1h,st,3h_SI3,3h,SI3,5.15763,4.753759424292175,3.0
N900_RS02655,TensorComp2,4.690541830302208,gltB_1,0.940928,-0.34789,3.2615,6h_st,6h,st,1h_SI1,1h,SI1,3.60939,4.690541830302208,4.0
N900_RS10665,TensorComp2,4.670161930950176,sltY,1.2524905166666664,-0.26201,4.4344,1h_st,1h,st,3h_SI3,3h,SI3,4.69641,4.670161930950176,5.0
N900_RS13310,TensorComp2,4.663141158091217,N900_RS13310,0.439226475,-1.1918,3.122,6h_st,6h,st,3h_SI3,3h,SI3,4.3138,4.663141158091217,6.0
N900_RS10565,TensorComp2,4.6251932658947155,rdgC,1.1877280799999999,-0.16884,4.4638,6h_st,6h,st,3h_SI2,3h,SI2,4.63264,4.6251932658947155,7.0
N900_RS00170,TensorComp2,4.616530136868594,serine/threonine protein kinase,1.3087315166666664,-0.2317,3.81,1h_st,1h,st,3h_SI5,3h,SI5,4.0417,4.616530136868594,8.0
N900_RS08820,TensorComp2,4.605520878538232,response regulator,1.4910591166666667,-0.13847,4.7419,1h_SI6,1h,SI6,3h_SI4,3h,SI4,4.88037,4.605520878538232,9.0
N900_RS10265,TensorComp2,4.602491274864779,yjcS,0.855433515,-0.62998,3.6278,3h_ce,3h,ce,3h_SI2,3h,SI2,4.25778,4.602491274864779,10.0
N900_RS19185,TensorComp2,4.598776314412123,N900_RS19185,0.9914399666666667,-0.78349,3.2763,6h_st,6h,st,12h_SI3,12h,SI3,4.05979,4.598776314412123,11.0
N900_RS02935,TensorComp2,4.5465185560736305,4-methyl-5(B-hydroxyethyl)-thiazole monophosphate biosynthesis enzyme,1.0250198833333333,-0.59836,3.6007,6h_st,6h,st,3h_SI2,3h,SI2,4.199059999999999,4.5465185560736305,12.0
N900_RS04445,TensorComp2,4.54312059252303,sppA,1.7334983000000002,-0.32443,5.3733,3h_co,3h,co,3h_SI5,3h,SI5,5.69773,4.54312059252303,13.0
N900_RS14315,TensorComp2,4.537441758090537,tonb,0.9279087500000001,-0.55172,4.0346,6h_st,6h,st,1h_SI1,1h,SI1,4.586320000000001,4.537441758090537,14.0
N900_RS04535,TensorComp2,4.535550185436847,menD,0.7211290600000001,-0.58297,2.9033,3h_st,3h,st,3h_SI4,3h,SI4,3.48627,4.535550185436847,15.0
N900_RS18680,TensorComp2,4.521932972182142,MltR family transcriptional regulator,0.5647306150000001,-0.84684,3.3964,1h_st,1h,st,6h_SI4,6h,SI4,4.24324,4.521932972182142,16.0
N900_RS01040,TensorComp2,4.509269778520326,nhaP2,1.139512368333333,-0.49865,3.465,6h_st,6h,st,6h_SI4,6h,SI4,3.96365,4.509269778520326,17.0
N900_RS04380,TensorComp2,4.506097838474371,pykA_1,0.8676892666666667,-0.73358,3.9536,12h_st,12h,st,6h_SI4,6h,SI4,4.68718,4.506097838474371,18.0
N900_RS10705,TensorComp2,4.493139691878801,anmK,0.8871709581666667,-0.79866,3.4368,6h_st,6h,st,1h_SI1,1h,SI1,4.23546,4.493139691878801,19.0
N900_RS08230,TensorComp2,4.483674956585912,hutG,0.64989609,-0.8809,3.5459,6h_st,6h,st,3h_SI2,3h,SI2,4.4268,4.483674956585912,20.0
N900_RS18365,TensorComp2,4.480159655385595,mcpQ,1.0476492,-0.46607,4.335,3h_co,3h,co,3h_SI5,3h,SI5,4.80107,4.480159655385595,21.0
N900_RS17040,TensorComp2,4.473228315629988,diguanylate cyclase_5,1.2453789833333333,-0.3071,5.1603,1h_SI6,1h,SI6,3h_SI3,3h,SI3,5.4674000000000005,4.473228315629988,22.0
N900_RS06530,TensorComp2,4.4718679165931565,Toxin-antitoxin biofilm protein TabA homolog_BLAST,0.7889990166666667,-0.54007,3.4739,3h_st,3h,st,6h_SI1,6h,SI1,4.0139700000000005,4.4718679165931565,23.0
N900_RS08700,TensorComp2,4.469812309344304,prepilin peptidase_1,0.7370876483333332,-0.73322,4.3153,6h_st,6h,st,3h_SI4,3h,SI4,5.04852,4.469812309344304,24.0
N900_RS16505,TensorComp2,4.460753896897067,N900_RS16505,0.6978886499999999,-0.7216,4.636,6h_st,6h,st,3h_SI2,3h,SI2,5.3576,4.460753896897067,25.0
N900_RS17490,TensorComp2,4.456544092474414,N900_RS17490,1.3283790166666667,-0.35622,4.4181,12h_st,12h,st,3h_SI3,3h,SI3,4.7743199999999995,4.456544092474414,26.0
N900_RS05810,TensorComp2,4.449536279473803,yciB,1.0449707683333334,-0.21984,3.7696,3h_st,3h,st,3h_SI4,3h,SI4,3.98944,4.449536279473803,27.0
N900_RS07505,TensorComp2,4.442803451146337,acyP,0.6522378500000001,-0.76187,3.5309,6h_st,6h,st,3h_SI3,3h,SI3,4.29277,4.442803451146337,28.0
N900_RS01405,TensorComp2,4.440051662211758,gph,0.8096558,-0.85937,3.4672,12h_st,12h,st,6h_SI1,6h,SI1,4.32657,4.440051662211758,29.0
N900_RS18575,TensorComp2,4.4193447373304915,N900_RS18575,1.1693778750000001,-0.28541,4.5197,6h_st,6h,st,3h_SI2,3h,SI2,4.80511,4.4193447373304915,30.0
N900_RS13730,TensorComp2,4.4187104666106265,N900_RS13730,0.6004542133333335,-1.0513,3.8104,12h_st,12h,st,3h_SI1,3h,SI1,4.8617,4.4187104666106265,31.0
N900_RS09550,TensorComp2,4.405570623156682,hemolysin_1,0.4984524699999999,-0.85796,2.4637,3h_st,3h,st,3h_SI3,3h,SI3,3.3216599999999996,4.405570623156682,32.0
N900_RS17580,TensorComp2,4.403600886658688,phrB_1,0.9998710000000001,-0.26857,4.1433,1h_SI5,1h,SI5,3h_SI1,3h,SI1,4.41187,4.403600886658688,33.0
N900_RS17250,TensorComp2,4.391474735969464,N900_RS17250,1.2560773666666667,-0.47987,4.4691,3h_co,3h,co,3h_SI5,3h,SI5,4.94897,4.391474735969464,34.0
N900_RS08560,TensorComp2,4.390938339015792,hisB,0.7740042166666666,-0.66384,3.4869,3h_co,3h,co,3h_SI5,3h,SI5,4.15074,4.390938339015792,35.0
N900_RS18785,TensorComp2,4.388340900441872,putP,1.0645062,-0.53207,4.1169,12h_st,12h,st,6h_ce,6h,ce,4.64897,4.388340900441872,36.0
N900_RS13690,TensorComp2,4.3873155697822535,rhaS_2,1.3383161166666668,-0.081784,3.945,1h_SI1,1h,SI1,3h_SI4,3h,SI4,4.026784,4.3873155697822535,37.0
N900_RS17620,TensorComp2,4.386921904956365,groS_2,0.9049580516666667,-0.47564,4.331,6h_st,6h,st,6h_ce,6h,ce,4.806640000000001,4.386921904956365,38.0
N900_RS07335,TensorComp2,4.384950107767497,gdx,0.8789779936666666,-0.58326,4.2955,6h_SI1,6h,SI1,3h_SI5,3h,SI5,4.87876,4.384950107767497,39.0
N900_RS09905,TensorComp2,4.383045149363469,type IV pilin protein,1.4143810333333335,-0.17937,4.4726,3h_SI1,3h,SI1,3h_SI3,3h,SI3,4.6519699999999995,4.383045149363469,40.0
N900_RS18255,TensorComp2,4.381543988040848,marr_2,0.713241845,-0.91848,3.4133,12h_st,12h,st,6h_SI4,6h,SI4,4.33178,4.381543988040848,41.0
N900_RS16500,TensorComp2,4.366419948626107,bepA_3,0.5826428999999999,-1.0895,3.4383,6h_st,6h,st,3h_SI3,3h,SI3,4.5278,4.366419948626107,42.0
N900_RS10580,TensorComp2,4.364427651079073,nfsA,1.6759806666666668,0.13171,4.5403,1h_SI6,1h,SI6,3h_SI1,3h,SI1,4.40859,4.364427651079073,43.0
N900_RS18195,TensorComp2,4.359372631651487,N900_RS18195,0.9048698233333334,-0.65127,3.9226,3h_co,3h,co,12h_SI2,12h,SI2,4.57387,4.359372631651487,44.0
N900_RS01525,TensorComp2,4.356616837564197,rnr,1.1761258999999997,-0.88717,5.649,1h_SI7,1h,SI7,3h_SI5,3h,SI5,6.53617,4.356616837564197,45.0
N900_RS17785,TensorComp2,4.354260655099144,N900_RS17785,0.8527246999999999,-0.40066,3.4378,1h_st,1h,st,6h_SI1,6h,SI1,3.8384600000000004,4.354260655099144,46.0
N900_RS09680,TensorComp2,4.3482789848955195,metq,1.3567389333333333,-0.027598,3.7875,1h_st,1h,st,6h_SI2,6h,SI2,3.815098,4.3482789848955195,47.0
N900_RS13195,TensorComp2,4.341361855153745,acs_1,0.6116551833333334,-0.79391,3.4818,6h_st,6h,st,3h_SI2,3h,SI2,4.27571,4.341361855153745,48.0
N900_RS07845,TensorComp2,4.340523867402077,licH,1.2876851933333329,-0.11429,4.4205,6h_SI8,6h,SI8,3h_SI5,3h,SI5,4.534789999999999,4.340523867402077,49.0
N900_RS17830,TensorComp2,4.339269077173574,hapA,0.6224483216666667,-0.88243,3.2309,12h_st,12h,st,6h_ce,6h,ce,4.11333,4.339269077173574,50.0
N900_RS04565,TensorComp3,-4.242654215923553,sutR,1.0106300666666665,-0.47738,4.039,3h_SI3,3h,SI3,6h_SI3,6h,SI3,4.51638,4.242654215923553,1.0
N900_RS12765,TensorComp3,-4.1627207251460145,N900_RS12765,0.877642515,-0.69665,3.7281,3h_SI3,3h,SI3,12h_SI1,12h,SI1,4.4247499999999995,4.1627207251460145,2.0
N900_RS10885,TensorComp3,-4.117468264302483,flhD,0.7052683333333333,-1.2331,2.7638,3h_SI9,3h,SI9,3h_SI5,3h,SI5,3.9969,4.117468264302483,3.0
N900_RS18255,TensorComp3,-4.116577623485141,marr_2,0.713241845,-0.91848,3.4133,12h_st,12h,st,6h_SI4,6h,SI4,4.33178,4.116577623485141,4.0
N900_RS03055,TensorComp3,-4.105800201979098,diguanylate cyclase_4,0.7464228249999999,-0.75771,3.7322,3h_st,3h,st,6h_SI4,6h,SI4,4.48991,4.105800201979098,5.0
N900_RS01040,TensorComp3,-4.088056616368178,nhaP2,1.139512368333333,-0.49865,3.465,6h_st,6h,st,6h_SI4,6h,SI4,3.96365,4.088056616368178,6.0
N900_RS18065,TensorComp3,-4.08339392630019,exbD1,0.2369785333333333,-1.234,3.4798,3h_st,3h,st,6h_SI4,6h,SI4,4.7138,4.08339392630019,7.0
N900_RS16875,TensorComp3,-4.056770194450195,beta-phosphoglucomutase family hydrolase,0.43112399516666666,-1.1501,2.9659,12h_st,12h,st,3h_SI4,3h,SI4,4.116,4.056770194450195,8.0
N900_RS18340,TensorComp3,-4.040933563822423,methyl-accepting chemotaxis protein_25,0.6147865899999999,-0.93278,3.7644,3h_SI2,3h,SI2,3h_SI1,3h,SI1,4.69718,4.040933563822423,9.0
N900_RS07195,TensorComp3,-4.038505017177115,N900_RS07195,0.7000432833333333,-0.80146,3.5485,3h_st,3h,st,6h_SI4,6h,SI4,4.34996,4.038505017177115,10.0
N900_RS07250,TensorComp3,-4.036798774112151,vceB,0.7054589583333332,-0.8033,3.7177,12h_st,12h,st,12h_SI1,12h,SI1,4.521,4.036798774112151,11.0
N900_RS07150,TensorComp3,-4.016615883902369,N900_RS07150,0.8882288666666668,-0.58219,4.1202,3h_st,3h,st,6h_SI4,6h,SI4,4.702389999999999,4.016615883902369,12.0
N900_RS01715,TensorComp3,-4.0136289569421395,cobA,0.93742956,-1.1059,4.125,3h_ce,3h,ce,6h_SI3,6h,SI3,5.2309,4.0136289569421395,13.0
N900_RS05575,TensorComp3,-3.994999598823897,pqiB,0.5611877716666667,-1.1285,4.0344,12h_SI7,12h,SI7,6h_SI4,6h,SI4,5.1629,3.994999598823897,14.0
N900_RS13485,TensorComp3,-3.984948677976376,wavJ,1.6937460833333333,0.064504,4.5865,3h_SI2,3h,SI2,3h_SI1,3h,SI1,4.521996,3.984948677976376,15.0
N900_RS14860,TensorComp3,-3.9840900248739355,pepT,0.9717282,-0.9055,3.5006,12h_st,12h,st,3h_SI5,3h,SI5,4.4061,3.9840900248739355,16.0
N900_RS16375,TensorComp3,-3.973775787119973,N900_RS16375,0.362556495,-0.89203,3.8498,3h_SI3,3h,SI3,3h_SI1,3h,SI1,4.74183,3.973775787119973,17.0
N900_RS17665,TensorComp3,-3.9640469195113757,acs_2,0.13063101166666674,-1.1944,3.6812,1h_st,1h,st,6h_SI4,6h,SI4,4.8756,3.9640469195113757,18.0
N900_RS08230,TensorComp3,-3.943634213593153,hutG,0.64989609,-0.8809,3.5459,6h_st,6h,st,3h_SI2,3h,SI2,4.4268,3.943634213593153,19.0
N900_RS13265,TensorComp3,-3.937806429144516,peptidase_3,0.9794817666666666,-0.43693,4.2,3h_SI1,3h,SI1,6h_SI4,6h,SI4,4.63693,3.937806429144516,20.0
N900_RS10685,TensorComp3,-3.9308963348696264,aroF,1.2231554433333331,-0.30978,4.4271,12h_st,12h,st,3h_SI1,3h,SI1,4.73688,3.9308963348696264,21.0
N900_RS16535,TensorComp3,-3.9279106226788967,yejF,1.1135857333333334,-0.5661,4.5749,3h_SI2,3h,SI2,6h_SI3,6h,SI3,5.141,3.9279106226788967,22.0
N900_RS08200,TensorComp3,-3.927285686186967,nucleotidyltransferase,0.9407429166666668,-0.26924,4.3861,3h_SI3,3h,SI3,6h_SI1,6h,SI1,4.65534,3.927285686186967,23.0
N900_RS10675,TensorComp3,-3.9263179654379647,N900_RS10675,1.0039942966666666,-0.4473,3.4993,3h_st,3h,st,6h_SI2,6h,SI2,3.9465999999999997,3.9263179654379647,24.0
N900_RS04380,TensorComp3,-3.925083392937684,pykA_1,0.8676892666666667,-0.73358,3.9536,12h_st,12h,st,6h_SI4,6h,SI4,4.68718,3.925083392937684,25.0
N900_RS02965,TensorComp3,-3.9204686146157934,ampG,0.85857015,-0.56457,3.1332,3h_SI3,3h,SI3,6h_SI3,6h,SI3,3.6977700000000002,3.9204686146157934,26.0
N900_RS10495,TensorComp3,-3.918865402874146,malate synthase A,0.8153005333333333,-0.72766,4.1538,12h_st,12h,st,3h_SI1,3h,SI1,4.881460000000001,3.918865402874146,27.0
N900_RS10990,TensorComp3,-3.915399993086176,cobS,0.8855663333333333,-0.85332,3.7089,3h_SI9,3h,SI9,3h_SI5,3h,SI5,4.56222,3.915399993086176,28.0
N900_RS15255,TensorComp3,-3.9142219082142473,emrD3,0.759544055,-0.64658,3.2808,12h_st,12h,st,3h_SI1,3h,SI1,3.9273800000000003,3.9142219082142473,29.0
N900_RS14855,TensorComp3,-3.910519594066797,psuT,0.4617115500000001,-0.9648,3.3837,1h_ce,1h,ce,6h_SI4,6h,SI4,4.3485000000000005,3.910519594066797,30.0
N900_RS16355,TensorComp3,-3.901098252556143,N900_RS16355,-0.4701530666666666,-1.7787,2.4695,3h_SI6,3h,SI6,6h_SI2,6h,SI2,4.2482,3.901098252556143,31.0
N900_RS05495,TensorComp3,-3.8936119439793337,N900_RS05495,1.2176793500000003,-0.26547,4.1682,3h_SI2,3h,SI2,6h_SI2,6h,SI2,4.433669999999999,3.8936119439793337,32.0
N900_RS04610,TensorComp3,-3.891907914464949,minD,1.138129163333333,-0.32986,5.0559,3h_SI2,3h,SI2,6h_SI2,6h,SI2,5.38576,3.891907914464949,33.0
N900_RS11160,TensorComp3,-3.890324407082566,brxL,0.7628808399999998,-1.1955,3.9882,3h_co,3h,co,3h_SI1,3h,SI1,5.1837,3.890324407082566,34.0
N900_RS17460,TensorComp3,-3.8808832983853696,fabV_2,0.691949085,-0.67547,3.5099,3h_SI4,3h,SI4,12h_SI1,12h,SI1,4.18537,3.8808832983853696,35.0
N900_RS06575,TensorComp3,-3.869247377329292,tolQ_3,1.0613484833333333,-0.39571,4.9052,1h_st,1h,st,12h_SI1,12h,SI1,5.30091,3.869247377329292,36.0
N900_RS16795,TensorComp3,-3.8656764969852278,N900_RS16795,0.819769475,-0.41445,3.6613,6h_st,6h,st,6h_SI3,6h,SI3,4.07575,3.8656764969852278,37.0
N900_RS13730,TensorComp3,-3.8581798670664877,N900_RS13730,0.6004542133333335,-1.0513,3.8104,12h_st,12h,st,3h_SI1,3h,SI1,4.8617,3.8581798670664877,38.0
N900_RS15120,TensorComp3,-3.8488235776654802,phosphoribosyl-AMP cyclohydrolase,0.4060095799999999,-1.2686,3.7771,12h_st,12h,st,6h_SI1,6h,SI1,5.0457,3.8488235776654802,39.0
N900_RS11345,TensorComp3,-3.837187659039534,N-acetyltransferase_2,0.6777983716666667,-0.76552,2.5645,3h_st,3h,st,6h_st,6h,st,3.3300199999999998,3.837187659039534,40.0
N900_RS11655,TensorComp3,-3.8315728958442725,gluQ,0.35454593333333334,-1.4418,3.3399,3h_ce,3h,ce,6h_SI4,6h,SI4,4.7817,3.8315728958442725,41.0
N900_RS04625,TensorComp3,-3.8243173429341,lytic murein transglycosylase,0.8719859666666666,-0.64967,3.9466,3h_SI3,3h,SI3,6h_SI4,6h,SI4,4.5962700000000005,3.8243173429341,42.0
N900_RS01360,TensorComp3,-3.818249014069653,pilus assembly protein PilN,1.1552278166666663,-0.41744,3.5303,1h_st,1h,st,6h_SI2,6h,SI2,3.94774,3.818249014069653,43.0
N900_RS11490,TensorComp3,-3.806308657744645,vexF,0.8748146966666667,-0.27457,3.6229,3h_ce,3h,ce,6h_SI4,6h,SI4,3.89747,3.806308657744645,44.0
N900_RS01340,TensorComp3,-3.799041805706848,glutathione peroxidase,1.0858882633333335,-0.40625,4.3226,6h_st,6h,st,3h_SI5,3h,SI5,4.72885,3.799041805706848,45.0
N900_RS04230,TensorComp3,-3.7959504435888634,yejk,0.7181351666666665,-1.0922,4.2637,3h_SI9,3h,SI9,6h_SI3,6h,SI3,5.3559,3.7959504435888634,46.0
N900_RS04430,TensorComp3,-3.7958389218207764,N900_RS04430,0.8477246753333334,-0.45619,3.7678,3h_st,3h,st,6h_SI3,6h,SI3,4.22399,3.7958389218207764,47.0
N900_RS16635,TensorComp3,-3.791847176826985,elbB,0.7170730741666667,-0.63514,3.8834,3h_SI4,3h,SI4,3h_SI2,3h,SI2,4.51854,3.791847176826985,48.0
N900_RS12140,TensorComp3,-3.79074270577321,DeoR/GlpR transcriptional regulator,0.8222112833333335,-0.76753,4.1596,3h_SI1,3h,SI1,6h_SI2,6h,SI2,4.92713,3.79074270577321,49.0
N900_RS18915,TensorComp3,-3.786255385702207,ABC transporter substrate-binding protein_10,1.2910365666666668,-0.11376,4.3028,1h_st,1h,st,3h_SI1,3h,SI1,4.4165600000000005,3.786255385702207,50.0
N900_RS13305,TensorComp4,-4.484420164810762,purD,-1.9242205666666667,-5.3124,3.3529,12h_SI7,12h,SI7,1h_SI1,1h,SI1,8.6653,4.484420164810762,1.0
N900_RS14350,TensorComp4,-4.348581382960613,pstA_2,-0.7363195333333333,-2.9854,3.1507,24h_st,24h,st,1h_ce,1h,ce,6.1361,4.348581382960613,2.0
N900_RS10045,TensorComp4,-4.2430205980113,tcpB,-2.552958083333333,-5.5097,2.9322,12h_SI7,12h,SI7,1h_SI1,1h,SI1,8.4419,4.2430205980113,3.0
N900_RS03425,TensorComp4,-4.146381556050617,flgP,-1.4280121,-3.2313,0.98859,3h_SI6,3h,SI6,1h_co,1h,co,4.21989,4.146381556050617,4.0
N900_RS09995,TensorComp4,-4.141015729198287,tcpJ,-2.3957258,-5.3424,1.6028,12h_SI6,12h,SI6,1h_ce,1h,ce,6.9452,4.141015729198287,5.0
N900_RS09205,TensorComp4,-4.139447960296647,purF,-2.03226245,-5.1351,2.6569,12h_SI6,12h,SI6,1h_st,1h,st,7.792,4.139447960296647,6.0
N900_RS00255,TensorComp4,-4.049334815251978,purE,-2.029291016666667,-5.0325,3.2053,12h_SI7,12h,SI7,1h_st,1h,st,8.2378,4.049334815251978,7.0
N900_RS03420,TensorComp4,-4.0292880335376005,flgO,-0.7477126166666667,-2.6831,2.936,24h_SI4,24h,SI4,3h_SI6,3h,SI6,5.6190999999999995,4.0292880335376005,8.0
N900_RS03940,TensorComp4,-3.986173109420553,ybfF,-1.5442316166666665,-3.4541,2.6309,24h_co,24h,co,3h_SI3,3h,SI3,6.085,3.986173109420553,9.0
N900_RS10545,TensorComp4,-3.9719502023794018,ppx,-0.7627546066666666,-2.6007,2.5628,6h_SI5,6h,SI5,1h_ce,1h,ce,5.1635,3.9719502023794018,10.0
N900_RS03785,TensorComp4,-3.8838550358550683,fliH,-0.6827772483333334,-2.7364,2.1816,24h_st,24h,st,1h_ce,1h,ce,4.918,3.8838550358550683,11.0
N900_RS03465,TensorComp4,-3.867120687576453,flgD,-1.0865150800000003,-3.1374,2.58,12h_SI5,12h,SI5,1h_co,1h,co,5.7174,3.867120687576453,12.0
N900_RS04070,TensorComp4,-3.843905590872024,flhA,-0.4610293333333333,-2.2731,2.152,24h_st,24h,st,1h_SI1,1h,SI1,4.4251000000000005,3.843905590872024,13.0
N900_RS09210,TensorComp4,-3.842222897157239,cvpA,-2.3630791666666666,-5.6924,2.1232,12h_SI6,12h,SI6,3h_st,3h,st,7.8156,3.842222897157239,14.0
N900_RS10560,TensorComp4,-3.8081523122077283,phoB,-1.8571527500000002,-5.4058,3.2188,12h_SI6,12h,SI6,3h_SI4,3h,SI4,8.624600000000001,3.8081523122077283,15.0
N900_RS09740,TensorComp4,-3.790143549393156,motb,-1.347178383333333,-3.6124,0.51511,24h_SI4,24h,SI4,3h_SI7,3h,SI7,4.12751,3.790143549393156,16.0
N900_RS10035,TensorComp4,-3.7522119154781053,tcpC,-0.9827866,-3.9376,4.404,6h_SI6,6h,SI6,1h_SI1,1h,SI1,8.3416,3.7522119154781053,17.0
N900_RS08465,TensorComp4,-3.7467906432860265,N900_RS08465,-1.9702411166666667,-5.149,2.1107,12h_SI5,12h,SI5,1h_co,1h,co,7.2597000000000005,3.7467906432860265,18.0
N900_RS00270,TensorComp4,-3.70256659759992,aroE,-0.4271091333333334,-2.1854,3.4301,24h_SI9,24h,SI9,1h_SI1,1h,SI1,5.6155,3.70256659759992,19.0
N900_RS10335,TensorComp4,-3.6848106611973233,guaA,-2.461274333333334,-5.1525,0.92829,12h_ce,12h,ce,1h_ce,1h,ce,6.0807899999999995,3.6848106611973233,20.0
N900_RS00525,TensorComp4,-3.678443928311133,N900_RS00525,-0.5902245206666665,-2.5925,3.1908,24h_st,24h,st,1h_SI1,1h,SI1,5.7833,3.678443928311133,21.0
N900_RS04605,TensorComp4,-3.6561861168896277,minE,-2.3172268666666667,-4.7812,1.1327,12h_SI8,12h,SI8,3h_SI9,3h,SI9,5.9139,3.6561861168896277,22.0
N900_RS03330,TensorComp4,-3.645921862481291,purM,-0.5873585233333333,-3.6829,4.5548,12h_SI9,12h,SI9,6h_st,6h,st,8.2377,3.645921862481291,23.0
N900_RS03765,TensorComp4,-3.6446829661274847,flrC,-0.8707446933333334,-2.6561,2.3086,6h_SI7,6h,SI7,1h_co,1h,co,4.964700000000001,3.6446829661274847,24.0
N900_RS15415,TensorComp4,-3.6033281626779368,N900_RS15415,-1.0176916666666667,-2.9248,3.0967,24h_co,24h,co,1h_SI1,1h,SI1,6.0215,3.6033281626779368,25.0
N900_RS15460,TensorComp4,-3.5783572812394295,rppH_2,-0.5848261983333334,-2.4371,3.5886,24h_SI5,24h,SI5,12h_SI2,12h,SI2,6.0257000000000005,3.5783572812394295,26.0
N900_RS14945,TensorComp4,-3.576056577084771,DNA cytosine methyltransferase,-2.1396211666666667,-5.1845,2.9562,12h_SI5,12h,SI5,1h_st,1h,st,8.140699999999999,3.576056577084771,27.0
N900_RS10340,TensorComp4,-3.573968951117339,guaB,-2.5002714999999993,-5.2413,0.43624,12h_ce,12h,ce,1h_SI2,1h,SI2,5.67754,3.573968951117339,28.0
N900_RS06535,TensorComp4,-3.565731875180068,glpQ_1,-0.6283875833333333,-3.2997,3.3835,24h_ce,24h,ce,1h_SI1,1h,SI1,6.6832,3.565731875180068,29.0
N900_RS10960,TensorComp4,-3.5339861408966424,N900_RS10960,-0.44036805833333337,-1.7118,2.7622,24h_SI8,24h,SI8,3h_SI1,3h,SI1,4.474,3.5339861408966424,30.0
N900_RS13420,TensorComp4,-3.5326530746920786,wbeK,-2.5773265000000003,-5.442,4.5768,6h_SI9,6h,SI9,3h_SI3,3h,SI3,10.0188,3.5326530746920786,31.0
N900_RS08505,TensorComp4,-3.527780049866963,grxa,-2.188486333333333,-5.3571,2.7597,12h_SI9,12h,SI9,3h_SI9,3h,SI9,8.1168,3.527780049866963,32.0
N900_RS03275,TensorComp4,-3.512484930230768,VC0395_A1830_BLAST,-0.8288588166666668,-2.8774,2.8362,6h_SI6,6h,SI6,1h_ce,1h,ce,5.7136,3.512484930230768,33.0
N900_RS04950,TensorComp4,-3.4824781575146946,pilz_2,-0.8508710999999999,-3.5076,2.7429,3h_SI7,3h,SI7,1h_co,1h,co,6.250500000000001,3.4824781575146946,34.0
N900_RS02435,TensorComp4,-3.4787317567360603,dsbC,-0.19421205166666666,-1.9863,3.1401,12h_SI5,12h,SI5,1h_ce,1h,ce,5.1264,3.4787317567360603,35.0
N900_RS05480,TensorComp4,-3.457984818795594,nanM_2,-0.22444844500000005,-2.0285,2.5945,24h_SI1,24h,SI1,3h_SI5,3h,SI5,4.623,3.457984818795594,36.0
N900_RS16630,TensorComp4,-3.447639466882172,N900_RS16630,-1.6399974166666664,-4.2154,2.6879,3h_SI7,3h,SI7,6h_SI3,6h,SI3,6.9033,3.447639466882172,37.0
N900_RS13405,TensorComp4,-3.4160146422065365,wbeN,-3.3459535,-5.3127,2.5039,6h_SI9,6h,SI9,1h_SI1,1h,SI1,7.8166,3.4160146422065365,38.0
N900_RS06550,TensorComp4,-3.412169844676267,ugpE,-0.31219335,-2.0951,4.3218,24h_SI3,24h,SI3,3h_SI5,3h,SI5,6.4169,3.412169844676267,39.0
N900_RS10005,TensorComp4,-3.410372624527688,tcpF,-1.1926756833333334,-4.1516,2.9029,12h_SI7,12h,SI7,3h_SI3,3h,SI3,7.0545,3.410372624527688,40.0
N900_RS13300,TensorComp4,-3.409877557735461,purH,-1.4036716999999999,-4.2012,3.4987,12h_SI9,12h,SI9,1h_st,1h,st,7.6998999999999995,3.409877557735461,41.0
N900_RS10010,TensorComp4,-3.401956418002509,tcpE,-1.4925149333333334,-4.2571,4.007,6h_SI7,6h,SI7,3h_SI3,3h,SI3,8.2641,3.401956418002509,42.0
N900_RS09185,TensorComp4,-3.3868292333480214,motY,-0.6503969499999999,-2.4553,2.6154,24h_SI1,24h,SI1,3h_SI7,3h,SI7,5.0707,3.3868292333480214,43.0
N900_RS08435,TensorComp4,-3.3660658109073913,gonadoliberin III,-0.3288796,-1.9545,3.6517,24h_SI5,24h,SI5,1h_SI1,1h,SI1,5.606199999999999,3.3660658109073913,44.0
N900_RS19070,TensorComp4,-3.3579152531376515,Pseudogene_N900_RS19070,-0.9638598666666667,-2.9196,3.2641,6h_co,6h,co,3h_SI3,3h,SI3,6.1837,3.3579152531376515,45.0
N900_RS15555,TensorComp4,-3.3469390296124297,toxin,-1.616501666666667,-4.4485,3.3211,12h_SI4,12h,SI4,1h_ce,1h,ce,7.7696000000000005,3.3469390296124297,46.0
N900_RS13450,TensorComp4,-3.3249176087093444,manB,-4.000066333333334,-6.6305,0.07236,12h_ce,12h,ce,12h_SI3,12h,SI3,6.702859999999999,3.3249176087093444,47.0
N900_RS03730,TensorComp4,-3.2920737141018317,flaB,0.1458025983333333,-1.2065,3.0556,24h_st,24h,st,3h_SI4,3h,SI4,4.2621,3.2920737141018317,48.0
N900_RS01515,TensorComp4,-3.2904605632678336,motX_BLAST,-1.1445433166666668,-3.4328,2.4798,24h_SI1,24h,SI1,3h_SI7,3h,SI7,5.912599999999999,3.2904605632678336,49.0
N900_RS04085,TensorComp4,-3.2721461259918656,flia,-0.14443718333333333,-2.1923,2.7654,12h_SI3,12h,SI3,1h_ce,1h,ce,4.9577,3.2721461259918656,50.0
N900_RS01040,TensorComp5,-2.982148022435365,nhaP2,1.139512368333333,-0.49865,3.465,6h_st,6h,st,6h_SI4,6h,SI4,3.96365,2.982148022435365,1.0
N900_RS10885,TensorComp5,-2.922059481441269,flhD,0.7052683333333333,-1.2331,2.7638,3h_SI9,3h,SI9,3h_SI5,3h,SI5,3.9969,2.922059481441269,2.0
N900_RS04565,TensorComp5,-2.920874882700084,sutR,1.0106300666666665,-0.47738,4.039,3h_SI3,3h,SI3,6h_SI3,6h,SI3,4.51638,2.920874882700084,3.0
N900_RS18340,TensorComp5,-2.908463472402383,methyl-accepting chemotaxis protein_25,0.6147865899999999,-0.93278,3.7644,3h_SI2,3h,SI2,3h_SI1,3h,SI1,4.69718,2.908463472402383,4.0
N900_RS13730,TensorComp5,-2.8887185222885363,N900_RS13730,0.6004542133333335,-1.0513,3.8104,12h_st,12h,st,3h_SI1,3h,SI1,4.8617,2.8887185222885363,5.0
N900_RS18255,TensorComp5,-2.8872340410141226,marr_2,0.713241845,-0.91848,3.4133,12h_st,12h,st,6h_SI4,6h,SI4,4.33178,2.8872340410141226,6.0
N900_RS12765,TensorComp5,-2.8789158312068297,N900_RS12765,0.877642515,-0.69665,3.7281,3h_SI3,3h,SI3,12h_SI1,12h,SI1,4.4247499999999995,2.8789158312068297,7.0
N900_RS14860,TensorComp5,-2.8572851082658084,pepT,0.9717282,-0.9055,3.5006,12h_st,12h,st,3h_SI5,3h,SI5,4.4061,2.8572851082658084,8.0
N900_RS07150,TensorComp5,-2.850059890029585,N900_RS07150,0.8882288666666668,-0.58219,4.1202,3h_st,3h,st,6h_SI4,6h,SI4,4.702389999999999,2.850059890029585,9.0
N900_RS08230,TensorComp5,-2.8326218962108967,hutG,0.64989609,-0.8809,3.5459,6h_st,6h,st,3h_SI2,3h,SI2,4.4268,2.8326218962108967,10.0
N900_RS16375,TensorComp5,-2.814065341493184,N900_RS16375,0.362556495,-0.89203,3.8498,3h_SI3,3h,SI3,3h_SI1,3h,SI1,4.74183,2.814065341493184,11.0
N900_RS10990,TensorComp5,-2.7991249236687126,cobS,0.8855663333333333,-0.85332,3.7089,3h_SI9,3h,SI9,3h_SI5,3h,SI5,4.56222,2.7991249236687126,12.0
N900_RS16875,TensorComp5,-2.794257973971715,beta-phosphoglucomutase family hydrolase,0.43112399516666666,-1.1501,2.9659,12h_st,12h,st,3h_SI4,3h,SI4,4.116,2.794257973971715,13.0
N900_RS04380,TensorComp5,-2.7914764874586777,pykA_1,0.8676892666666667,-0.73358,3.9536,12h_st,12h,st,6h_SI4,6h,SI4,4.68718,2.7914764874586777,14.0
N900_RS11160,TensorComp5,-2.7874937229549586,brxL,0.7628808399999998,-1.1955,3.9882,3h_co,3h,co,3h_SI1,3h,SI1,5.1837,2.7874937229549586,15.0
N900_RS18065,TensorComp5,-2.7791781107145925,exbD1,0.2369785333333333,-1.234,3.4798,3h_st,3h,st,6h_SI4,6h,SI4,4.7138,2.7791781107145925,16.0
N900_RS07250,TensorComp5,-2.769020546570209,vceB,0.7054589583333332,-0.8033,3.7177,12h_st,12h,st,12h_SI1,12h,SI1,4.521,2.769020546570209,17.0
N900_RS05955,TensorComp5,-2.7682601585062776,metC,0.6725494999999999,-0.6194,2.7035,6h_st,6h,st,3h_SI3,3h,SI3,3.3228999999999997,2.7682601585062776,18.0
N900_RS15120,TensorComp5,-2.7664201062552394,phosphoribosyl-AMP cyclohydrolase,0.4060095799999999,-1.2686,3.7771,12h_st,12h,st,6h_SI1,6h,SI1,5.0457,2.7664201062552394,19.0
N900_RS17210,TensorComp5,-2.759942532672695,N900_RS17210,1.2762096333333335,-0.15081,4.5136,1h_ce,1h,ce,6h_SI2,6h,SI2,4.66441,2.759942532672695,20.0
N900_RS03965,TensorComp5,-2.7595965775211795,gltA,0.6352990666666667,-1.3576,4.6516,24h_SI6,24h,SI6,6h_ce,6h,ce,6.0092,2.7595965775211795,21.0
N900_RS10685,TensorComp5,-2.759378708544239,aroF,1.2231554433333331,-0.30978,4.4271,12h_st,12h,st,3h_SI1,3h,SI1,4.73688,2.759378708544239,22.0
N900_RS16795,TensorComp5,-2.7575115174558116,N900_RS16795,0.819769475,-0.41445,3.6613,6h_st,6h,st,6h_SI3,6h,SI3,4.07575,2.7575115174558116,23.0
N900_RS10495,TensorComp5,-2.7530284261555864,malate synthase A,0.8153005333333333,-0.72766,4.1538,12h_st,12h,st,3h_SI1,3h,SI1,4.881460000000001,2.7530284261555864,24.0
N900_RS07515,TensorComp5,-2.7526816423230107,diguanylate cyclase_1,0.9015788783333333,-0.54242,3.3394,6h_st,6h,st,12h_SI2,12h,SI2,3.88182,2.7526816423230107,25.0
N900_RS05000,TensorComp5,-2.748611467508812,ycgB_BLAST,0.6673474613333334,-1.0142,4.31,12h_st,12h,st,6h_SI3,6h,SI3,5.324199999999999,2.748611467508812,26.0
N900_RS07195,TensorComp5,-2.7441804148265887,N900_RS07195,0.7000432833333333,-0.80146,3.5485,3h_st,3h,st,6h_SI4,6h,SI4,4.34996,2.7441804148265887,27.0
N900_RS03055,TensorComp5,-2.738835810204359,diguanylate cyclase_4,0.7464228249999999,-0.75771,3.7322,3h_st,3h,st,6h_SI4,6h,SI4,4.48991,2.738835810204359,28.0
N900_RS06575,TensorComp5,-2.7352062656080394,tolQ_3,1.0613484833333333,-0.39571,4.9052,1h_st,1h,st,12h_SI1,12h,SI1,5.30091,2.7352062656080394,29.0
N900_RS19185,TensorComp5,-2.7338055204951877,N900_RS19185,0.9914399666666667,-0.78349,3.2763,6h_st,6h,st,12h_SI3,12h,SI3,4.05979,2.7338055204951877,30.0
N900_RS13265,TensorComp5,-2.7326357364260665,peptidase_3,0.9794817666666666,-0.43693,4.2,3h_SI1,3h,SI1,6h_SI4,6h,SI4,4.63693,2.7326357364260665,31.0
N900_RS04155,TensorComp5,-2.725412414596138,ccmf,0.6224349833333331,-1.9232,4.2958,1h_SI2,1h,SI2,3h_SI1,3h,SI1,6.218999999999999,2.725412414596138,32.0
N900_RS15255,TensorComp5,-2.7215465927606437,emrD3,0.759544055,-0.64658,3.2808,12h_st,12h,st,3h_SI1,3h,SI1,3.9273800000000003,2.7215465927606437,33.0
N900_RS08765,TensorComp5,-2.7168985236507246,oppC,0.5122310366666667,-1.4689,4.2893,3h_SI9,3h,SI9,6h_ce,6h,ce,5.7582,2.7168985236507246,34.0
N900_RS05080,TensorComp5,-2.7112873847761563,rsmS,0.10816503333333331,-1.2773,3.4677,3h_SI5,3h,SI5,3h_SI1,3h,SI1,4.745,2.7112873847761563,35.0
N900_RS08200,TensorComp5,-2.7061433348125448,nucleotidyltransferase,0.9407429166666668,-0.26924,4.3861,3h_SI3,3h,SI3,6h_SI1,6h,SI1,4.65534,2.7061433348125448,36.0
N900_RS01715,TensorComp5,-2.7051395695150804,cobA,0.93742956,-1.1059,4.125,3h_ce,3h,ce,6h_SI3,6h,SI3,5.2309,2.7051395695150804,37.0
N900_RS14855,TensorComp5,-2.7040964283958195,psuT,0.4617115500000001,-0.9648,3.3837,1h_ce,1h,ce,6h_SI4,6h,SI4,4.3485000000000005,2.7040964283958195,38.0
N900_RS05935,TensorComp5,-2.703993350852184,ttgG,1.1422450666666668,-0.74901,4.8566,12h_st,12h,st,1h_SI1,1h,SI1,5.60561,2.703993350852184,39.0
N900_RS18915,TensorComp5,-2.692842102345428,ABC transporter substrate-binding protein_10,1.2910365666666668,-0.11376,4.3028,1h_st,1h,st,3h_SI1,3h,SI1,4.4165600000000005,2.692842102345428,40.0
N900_RS14475,TensorComp5,-2.6912416235259617,ydgJ,0.7585031666666667,-0.89777,3.7676,6h_st,6h,st,3h_SI3,3h,SI3,4.665369999999999,2.6912416235259617,41.0
N900_RS11075,TensorComp5,-2.6885690994642744,dsbC_2,0.9409200166666666,-0.9583,3.3689,3h_SI9,3h,SI9,3h_SI4,3h,SI4,4.3272,2.6885690994642744,42.0
N900_RS07335,TensorComp5,-2.688027208960068,gdx,0.8789779936666666,-0.58326,4.2955,6h_SI1,6h,SI1,3h_SI5,3h,SI5,4.87876,2.688027208960068,43.0
N900_RS01340,TensorComp5,-2.686337548116418,glutathione peroxidase,1.0858882633333335,-0.40625,4.3226,6h_st,6h,st,3h_SI5,3h,SI5,4.72885,2.686337548116418,44.0
N900_RS08045,TensorComp5,-2.68576911689311,astE,0.8444706985,-0.73355,3.8073,3h_co,3h,co,6h_SI4,6h,SI4,4.54085,2.68576911689311,45.0
N900_RS10265,TensorComp5,-2.683386356178262,yjcS,0.855433515,-0.62998,3.6278,3h_ce,3h,ce,3h_SI2,3h,SI2,4.25778,2.683386356178262,46.0
N900_RS05610,TensorComp5,-2.6794611218390783,breR,0.5076679616666666,-0.88861,3.6377,12h_st,12h,st,3h_SI2,3h,SI2,4.5263100000000005,2.6794611218390783,47.0
N900_RS00745,TensorComp5,-2.677811695834403,sthA,1.1094407333333336,-0.28939,3.4948,3h_co,3h,co,3h_SI5,3h,SI5,3.78419,2.677811695834403,48.0
N900_RS00945,TensorComp5,-2.6749108819034912,epsN,0.8750885166666665,-0.65876,4.3504,1h_st,1h,st,6h_SI4,6h,SI4,5.00916,2.6749108819034912,49.0
N900_RS13360,TensorComp5,-2.673749106946486,rjg,1.1376497833333332,-0.50269,4.0166,12h_st,12h,st,6h_SI4,6h,SI4,4.519290000000001,2.673749106946486,50.0
