latent_dim,epoch,train_loss,val_loss
2,1,59.193472677831494,56.0095535947286
2,2,52.93242780991022,49.70992016244781
2,3,46.928158091620624,45.9188392973643
2,4,43.862967059449815,43.99388781967641
2,5,42.75579319175875,43.22703549060543
2,6,42.082401012891346,43.14057199243215
2,7,41.61675029494705,42.49244846033403
2,8,41.18094929788214,42.03799827113779
2,9,40.710031437039596,41.65131621868476
2,10,40.41830721972836,41.34304459159708
2,11,40.224806665803406,41.1322599980428
2,12,39.97254222778545,40.887273290709814
2,13,39.80954909069982,40.65060469402401
2,14,39.64370126179788,40.47073574504175
2,15,39.42268718347145,40.3482719532881
2,16,39.1913684823895,39.95606692001566
2,17,38.83672972059162,39.490941822155534
2,18,38.36407347059162,38.97570418515136
2,19,38.08267293968692,38.75483592118998
2,20,37.832548846109574,38.54481993736952
2,21,37.68678025725138,38.35557680388831
2,22,37.578808413904234,38.36229041623173
2,23,37.43231900322284,38.06342151617954
2,24,37.35803568859346,38.124969418710855
2,25,37.31551133747698,37.97928423473382
2,26,37.25357371518186,37.988617644180586
2,27,37.20520617518416,37.899285621085596
2,28,37.122447269221915,37.93914935086117
2,29,37.03458757769337,37.794799549843425
2,30,37.065147329650095,37.71766946111691
2,31,37.011420385877074,37.831941544885176
2,32,36.97425993468002,37.79073019963466
2,33,36.937335980662986,37.67348357580898
2,34,36.96585843980203,37.72676025900313
2,35,36.92751820039135,37.698921092119
2,36,36.85519376582643,37.82942164665971
2,37,36.81304241482505,37.8200576559238
2,38,36.80690535796501,37.72268887004175
2,39,36.78639161055479,37.79581892614823
2,40,36.82034415285451,37.65900843228079
2,41,36.81134718865101,37.67934906706681
2,42,36.69717714088398,37.622406706680586
2,43,36.72609256301796,37.7507421059499
2,44,36.74929572398711,37.63824577570459
2,45,36.71466084685773,37.614321013830896
2,46,36.70335628165285,37.53558234929541
2,47,36.63606878740792,37.690146300887264
2,48,36.69271768531308,37.64233347468685
2,49,36.65034494417588,37.50580025117432
2,50,36.64965901243094,37.70967551213466
2,51,36.61900592052256,37.49445051539666
2,52,36.617015387603594,37.51917854579854
2,53,36.607735346167125,37.5327790644572
2,54,36.58603461671271,37.53315419493737
2,55,36.58212854655847,37.54374551474426
2,56,36.574825549608654,37.4920814848643
2,57,36.52361482792357,37.5122712519572
2,58,36.510667191816296,37.56473855036534
2,59,36.54442765883978,37.49485214966075
2,60,36.4785206606814,37.48914568110647
3,1,58.53175069060774,55.42676392875783
3,2,52.3362903573895,48.97402425300104
3,3,46.67290425730893,45.20502919493737
3,4,43.43477659559162,43.586836589900834
3,5,42.10866317046501,42.71339623564718
3,6,41.42962563305709,42.349413654749476
3,7,40.93734892955801,41.81225331093424
3,8,40.498378870280845,41.17866404618998
3,9,40.135143121259205,40.83050422429541
3,10,39.789653653027166,40.59804361299582
3,11,39.479986043968694,40.16456607189457
3,12,39.04377553809853,39.615921434629435
3,13,38.54761560485728,39.26831003718685
3,14,38.04936118784531,38.73740050887265
3,15,37.73548878481814,38.371010161143005
3,16,37.5454504417012,38.024962486951985
3,17,37.31667296126842,37.92523690305324
3,18,37.187352886164824,37.742727769441544
3,19,37.11412220879374,37.663314277792274
3,20,37.045270416091164,37.75101122129436
3,21,36.956127704880295,37.7610826591858
3,22,36.88067521293738,37.49760854318894
3,23,36.80698754747928,37.50986144637265
3,24,36.745159810946134,37.523101105819414
3,25,36.677566758747695,37.40617660490605
3,26,36.67596757021179,37.29949479710334
3,27,36.63735324585635,37.21884174386743
3,28,36.51999705052947,37.29266293710856
3,29,36.483431888812156,37.2664527335595
3,30,36.465525365446595,37.058968880480165
3,31,36.42984162781998,37.11651267288622
3,32,36.36267337131676,37.06067123890919
3,33,36.313452463167586,37.17726138439457
3,34,36.313456239928634,37.078300332724424
3,35,36.28679158753453,37.0759374184499
3,36,36.17811097203039,37.038872896007305
3,37,36.17322941845074,36.923828125
3,38,36.14617360151934,36.90675764939979
3,39,36.09718127733655,36.88411322416493
3,40,36.05785152653085,36.86805600861169
3,41,36.01368500374079,36.99338220902923
3,42,35.98876737310083,36.89837225991649
3,43,35.93974645344153,36.8407346848904
3,44,35.9229844685198,36.66489431106472
3,45,35.862080959369244,36.77154553757829
3,46,35.91613738058241,36.746627903183715
3,47,35.8437575535221,36.77127438348121
3,48,35.83115270344153,36.57572742693111
3,49,35.79133233339088,36.77261996020355
3,50,35.74741255898941,36.81779464052714
3,51,35.72042166637891,36.607240426017746
3,52,35.68896754143646,36.64361381132568
3,53,35.70076902048803,36.68912896333507
3,54,35.7049653617058,36.67946731471816
3,55,35.67658623964088,36.58968268854384
3,56,35.720195240561694,36.76749861364823
4,1,59.15076146696593,55.88212951787578
4,2,52.8233524329535,49.47077448134134
4,3,46.739377589779004,45.616844989561585
4,4,43.60952571075046,44.0184282848382
4,5,42.43189456721915,43.11755243671712
4,6,41.73360669889503,42.56486087552192
4,7,41.212139589088395,42.016532244911275
4,8,40.85550615791897,41.578167813804804
4,9,40.63781490993324,41.47732907098121
4,10,40.33502766027855,41.27699104579854
4,11,40.16917065924263,41.06737057998434
4,12,39.96027279005525,40.84731170080898
4,13,39.75646167846455,40.88036599686848
4,14,39.584094440607736,40.7377511743215
4,15,39.47184964174724,40.47830767223382
4,16,39.34875330916206,40.42786893267223
4,17,39.23663548141114,40.14254346620564
4,18,39.06612065492634,40.03879746216075
4,19,38.87530861533149,39.76511938935282
4,20,38.67049216591851,39.732584975208766
4,21,38.427409573549724,39.29383114235386
4,22,38.0953371388697,38.95970813217641
4,23,37.62611756157919,38.442152433455114
4,24,37.24301712851059,38.126425088074114
4,25,36.91329671673573,37.87233331158664
4,26,36.70646977152394,37.49189391962422
4,27,36.4581729109116,37.227914192980165
4,28,36.30444902451657,37.121330245302715
4,29,36.15791573146869,37.13475135373173
4,30,35.974848929558014,36.88282065501044
4,31,35.890727871777166,36.89663932019833
4,32,35.80154451542357,36.610535050234866
4,33,35.7405701470419,36.6603478927453
4,34,35.57102414968923,36.615962209681626
4,35,35.5364333347721,36.69176507045929
4,36,35.52298428867403,36.61972982450418
4,37,35.40130460117403,36.5992485157881
4,38,35.3245595577233,36.48264613778706
4,39,35.337216922767034,36.478126223251564
4,40,35.3229416652279,36.44211573590814
4,41,35.250053234346225,36.282251027531316
4,42,35.16050766862339,36.360641065370565
4,43,35.1310773480663,36.399338628653446
4,44,35.07622295119705,36.32153371281315
4,45,35.05091397617403,36.130025525182674
4,46,34.995947355547884,36.1318359375
4,47,35.03776832988029,36.27691765070459
4,48,34.902488166148714,36.31337666362213
4,49,34.960521696593,36.35792952439979
4,50,34.83564794831952,36.213891652531316
4,51,34.849079189686925,36.15503286469207
4,52,34.81916040803407,36.219975290318374
4,53,34.80573887833794,36.11795814848643
4,54,34.73055291781768,36.10866143658664
4,55,34.7174205801105,36.01527535392745
4,56,34.71704722030387,36.14017239692067
4,57,34.71524066960175,35.99920386710595
4,58,34.69169616137201,36.03193196274791
4,59,34.67590948002993,36.12844141440501
4,60,34.59167745741252,36.01727435086117
5,1,58.23509905904696,55.041443763048015
5,2,51.8509236878453,48.842783631263046
5,3,46.35598670580111,45.49111715487996
5,4,43.693304881733425,43.98875220185282
5,5,42.65404473123849,43.34345845837683
5,6,42.02298968404696,42.89394205049582
5,7,41.616725476231586,42.21668270485386
5,8,41.28495320413214,41.988717543058456
5,9,40.941236115906996,41.72781021659708
5,10,40.68226145257827,41.68066814000522
5,11,40.400837541724215,41.35078981276096
5,12,40.25134794400322,41.116818485777664
5,13,39.896805219843465,40.9386885927714
5,14,39.750162220879375,40.644500668710855
5,15,39.54827833649862,40.39748948003653
5,16,39.42523272041897,40.360009052061585
5,17,39.251222591505524,40.18697604057933
5,18,39.147087397847606,40.069319627479125
5,19,39.07307565032228,39.91934490801148
5,20,38.99538030185313,39.865862310803756
5,21,38.74373633172191,39.51995123303758
5,22,38.45814035882827,38.93574463400313
5,23,38.00133481526243,38.56749290514092
5,24,37.61139071132597,38.06178847533925
5,25,37.26443082412523,37.8038373401618
5,26,36.962462771926795,37.56276707659186
5,27,36.566185759093,37.42370376109081
5,28,36.31111932406768,36.99410188870042
5,29,36.02576524372698,36.739268006263046
5,30,35.8844152854512,36.402998189587684
5,31,35.65332966447974,36.527062402139876
5,32,35.61578542242173,36.35160633318111
5,33,35.48894398164134,36.355926449960855
5,34,35.345705462994935,36.358932590683715
5,35,35.311646272157,36.02700022018528
5,36,35.15959171414595,36.19353980460595
5,37,35.17867209081492,36.24637203973121
5,38,35.12670943398941,36.17858657359081
5,39,35.10802004201197,35.8807747667667
5,40,34.98582599562615,36.019953271790186
5,41,35.00785961959024,36.00102753131524
5,42,34.93945654206952,35.946940443958766
5,43,35.01170490187615,35.985480003914404
5,44,34.93378492604742,35.70058267549582
5,45,34.86470778660221,35.70708018006263
5,46,34.847158436924495,35.77907668971816
5,47,34.838426745223295,35.77829176996347
5,48,34.75146880035681,35.73795199145355
5,49,34.77221922479282,35.92807586606211
5,50,34.676848634610955,35.737723651161275
5,51,34.62720023308011,35.78114602361691
5,52,34.61250071938306,35.75540983004958
6,1,60.488675471915286,57.806624314979125
6,2,55.259660235382135,52.262770746346554
6,3,49.19689891948665,46.83332381915449
6,4,44.90397243324125,44.38959339117954
6,5,42.94440751611418,43.31061415383612
6,6,42.02742611936004,42.69761221294363
6,7,41.50202578268877,42.248581028183715
6,8,41.23641265250921,42.23805494846033
6,9,40.98416619906768,42.079391065370565
6,10,40.8508039105663,41.8296112506524
6,11,40.716305716217775,41.67631744193633
6,12,40.518523933874306,41.11140152009395
6,13,40.25618165860958,40.89182786403967
6,14,39.986349706491715,40.755663654749476
6,15,39.699324139617865,40.41111446372651
6,16,39.37394700305018,39.96309246150835
6,17,39.065947283609574,39.74798978992693
6,18,38.66633233339088,39.20790791362213
6,19,38.28793468721225,38.78643862539144
6,20,38.04812456837016,38.7428235908142
6,21,37.85250722979973,38.54282399856472
6,22,37.716838779063075,38.32241649269311
6,23,37.593225030214086,38.370698231993735
6,24,37.427992273825964,38.117576901748436
6,25,37.30294245654926,37.966095544102295
6,26,37.170775782688764,37.710350339248436
6,27,37.106322657688764,37.62326094402401
6,28,36.898726512143185,37.58111992758351
6,29,36.737404142207644,37.37238428040188
6,30,36.592191096915286,37.2495331256524
6,31,36.36011776300644,37.284149106210855
6,32,36.2309444420465,37.07689155467119
6,33,36.101616273883515,37.013940990344466
6,34,35.91955319118324,36.89267598512526
6,35,35.969931766517035,36.75545977948852
6,36,35.77420382280157,36.78022246868476
6,37,35.72308823952578,36.748960236169104
6,38,35.718539400610034,36.694764075548015
6,39,35.60400192794659,36.63121819545929
6,40,35.53053906969383,36.60496110060021
6,41,35.45651185543278,36.59707928301148
6,42,35.42740094095304,36.484658386612736
6,43,35.360182687327345,36.26487473903967
6,44,35.29403415630755,36.44200564326722
6,45,35.21552752359577,36.2788300006524
6,46,35.14761686377762,36.244371004044886
6,47,35.147185054097605,36.013549549843425
6,48,34.942492878107736,36.15749160033925
6,49,34.86412418709715,36.01678708898747
6,50,34.82743906825507,36.09668172625261
6,51,34.70676489842311,35.82170904553758
6,52,34.65595595217541,35.766349776552715
6,53,34.509810226749536,35.69642769767745
6,54,34.52775865417818,35.725457496085596
6,55,34.44417731353591,35.65537129762526
6,56,34.35301295608886,35.46566944480689
6,57,34.35383341246547,35.72942694741649
6,58,34.20583707412523,35.49877369030532
6,59,34.1502803795465,35.40942026030793
6,60,34.11666558759208,35.41714815207463
7,1,57.729006244244935,54.79374347599165
7,2,51.69152027221455,48.81203924191023
7,3,46.01461750402854,44.922223626696244
7,4,43.31304906911832,43.85808446959812
7,5,42.522237209369244,43.20123303757829
7,6,42.06661523077808,42.78226733755219
7,7,41.581155401127994,42.54177811847599
7,8,41.28602922133978,42.2666219500261
7,9,40.948484439744476,41.97481121150835
7,10,40.732011826657455,41.77772703549061
7,11,40.49414134438306,41.36971963074113
7,12,40.20482436262661,41.16177705832463
7,13,40.01253758776473,40.944193224817326
7,14,39.73327146639043,40.61639034772965
7,15,39.587051104972375,40.42600755153967
7,16,39.39365270344153,40.34683259394572
7,17,39.127344469383054,39.9324051572286
7,18,38.84295706002532,39.67032147051148
7,19,38.52194909645488,39.35675724164927
7,20,38.24995629747928,39.130310950548015
7,21,37.93995849159761,38.7361160947286
7,22,37.80867234259899,38.55590463530793
7,23,37.59072175702118,38.58668979971294
7,24,37.439335865561695,38.391817670276616
7,25,37.246777883287294,38.24700507241649
7,26,37.214196485094384,38.05493418906576
7,27,36.990696578614184,38.161581338074114
7,28,36.937547299436005,37.95561431693633
7,29,36.75224537436694,37.693163654749476
7,30,36.59954121345534,37.50278289731211
7,31,36.509294249251845,37.462056775182674
7,32,36.39402174694982,37.36639850274008
7,33,36.273121331146406,37.12392557737474
7,34,36.19035631042818,37.17307174778184
7,35,36.086177594095304,36.95712299386743
7,36,35.939157458563535,36.89838041492693
7,37,35.77130075247468,36.70289258220251
7,38,35.64743971569982,36.55982923408142
7,39,35.5791292587477,36.50011009264092
7,40,35.49613007884438,36.371216075156575
7,41,35.31116932119015,36.3477418776096
7,42,35.32083693024862,36.40137942001566
7,43,35.283529185370625,36.2722264809499
7,44,35.06237698549724,36.097449316610124
7,45,34.97958516776013,36.235556457137264
7,46,34.98770052802716,35.96849719467641
7,47,34.882303356641344,36.08320557150313
7,48,34.83929989640884,35.825929263439455
7,49,34.702259222490795,35.8937891440501
7,50,34.62661357619705,35.71652877903184
7,51,34.5200572988605,35.80825633644311
7,52,34.60148570585866,35.68400048114562
7,53,34.44560331060083,35.46878262004175
7,54,34.41247895804558,35.53344981406576
7,55,34.4290814197744,35.40046096196503
7,56,34.290285091505524,35.45839415611952
7,57,34.23371820326888,35.4021317197286
7,58,34.20052299148251,35.53005834909969
7,59,34.19769689514273,35.47269702505219
7,60,34.217885301565374,35.13593586899791
8,1,57.8804712678407,54.89961589900835
8,2,52.05844771523941,48.93663556889353
8,3,46.51727130812615,45.29388618867432
8,4,43.4643705757942,43.41304720120042
8,5,42.32456225540976,43.19178953549061
8,6,41.76332351375461,42.71312304279749
8,7,41.37515718519798,42.174058504044886
8,8,41.14228425702118,42.09080196372651
8,9,40.94116633575046,41.69749192653967
8,10,40.617540717081035,41.46524130675887
8,11,40.40812633085866,41.19743076396138
8,12,40.08482155703269,40.947449112734866
8,13,39.81707545608886,40.84970927387787
8,14,39.59609249107965,40.51232425952505
8,15,39.389622180018414,40.375542308194156
8,16,39.291366863777625,40.22830971098643
8,17,39.03902617115562,39.722646056236954
8,18,38.79350576945212,39.482179263439455
8,19,38.47707056428407,39.28758848186326
8,20,38.209772998676335,38.87228438152401
8,21,37.98680831319061,38.67509622912317
8,22,37.851318269452115,38.41062924060543
8,23,37.563441852267495,38.0383203940501
8,24,37.4206804644337,38.10494275182672
8,25,37.22490198405847,37.90019286599687
8,26,36.99390286889963,37.67293922886221
8,27,36.7585061651128,37.45808732385177
8,28,36.600891675299266,37.47862367888831
8,29,36.51367133546271,37.34957675495825
8,30,36.38101386251151,37.13718970185282
8,31,36.14746075765424,36.973045651748436
8,32,35.984384531825505,36.98601619585073
8,33,35.888135754776705,36.66082088335073
8,34,35.744120302428634,36.49512942001566
8,35,35.61045281566528,36.54637550561065
8,36,35.597182176565376,36.46292528379436
8,37,35.455618921213166,36.36817221751044
8,38,35.36323089318601,36.34557060608038
8,39,35.26651253884668,36.08508428203288
8,40,35.21774987770488,36.110085505284445
8,41,35.180631330570904,35.97680307280793
8,42,35.053951750978364,36.156857548277664
8,43,35.03546702348066,36.00801025900313
8,44,34.87953912724448,35.87885630056106
8,45,34.803546918162986,35.7216796875
8,46,34.737264042357275,35.86921911697547
8,47,34.70185259121777,35.56307085073069
8,48,34.69342286055479,35.47948810999478
8,49,34.5276946290861,35.57690684531576
8,50,34.51550126611418,35.56693020942067
8,51,34.4433971426105,35.417131842053756
8,52,34.44308798774171,35.37563812956681
8,53,34.48257582297422,35.438042308194156
8,54,34.352090167472376,35.40449973088466
8,55,34.29403847260589,35.2758992937761
8,56,34.33896916004834,35.18687308357255
8,57,34.270389833678635,35.17811867986691
8,58,34.13914828642956,35.19798530467119
8,59,34.0996773566989,35.24696735549322
8,60,33.990206858598064,34.92628380251827
9,1,58.14792529926335,55.50182876109081
9,2,52.805040537235264,49.672264401748436
9,3,46.77335333218232,46.05495253783925
9,4,43.99230853619935,44.266153036925886
9,5,42.80476555306169,43.27157815762004
9,6,42.15032767898251,42.98868696176931
9,7,41.73569668652164,42.51276055258351
9,8,41.44243460808011,42.26991861299582
9,9,41.14603062413674,42.15903493606472
9,10,40.97409267811924,41.84382135634134
9,11,40.78588066873849,41.71424435673278
9,12,40.72260013812155,41.55560493867432
9,13,40.505657588052486,41.39514899204071
9,14,40.27739194866483,41.14129167210334
9,15,39.9866835002302,40.63796850534969
9,16,39.711595195959944,40.405715846816285
9,17,39.50905793191759,40.44923098251566
9,18,39.30867324182781,40.13953630610647
9,19,39.18398401530847,39.81974368802192
9,20,38.99662609346225,39.462095511482254
9,21,38.665694780156535,39.30084852883612
9,22,38.448374553982504,39.14971375913361
9,23,38.21373967685313,38.80767427257307
9,24,38.036774142495396,38.764505724817326
9,25,37.89867291810543,38.55756417993215
9,26,37.81610626726519,38.60283264287578
9,27,37.61550684133287,38.2992746118215
9,28,37.457356051450276,38.14530189848643
9,29,37.33316733569291,37.99482564587683
9,30,37.179147243324124,37.74942099425887
9,31,37.01682565032228,37.61080824308455
9,32,36.87224764042357,37.669693534707726
9,33,36.80113518646409,37.57163361169102
9,34,36.643510805133516,37.224984505480165
9,35,36.47905156537753,37.27155777009395
9,36,36.36921472145488,37.16847436064718
9,37,36.246421069290975,36.83995180388831
9,38,36.12357310370626,36.82319733494259
9,39,35.86773602958103,36.643956321764094
9,40,35.74345703125,36.789849458507305
9,41,35.55312086354742,36.352981471816285
9,42,35.47922781422652,36.45134313021921
9,43,35.3609873172767,36.31147858494259
9,44,35.235381596742634,36.163161371346554
9,45,35.12243647847606,36.056565191153446
9,46,34.90890955916206,36.1460175006524
9,47,34.71902264617864,35.655839191349166
9,48,34.55563115072514,35.64291553855689
9,49,34.46899243209024,35.50023751467902
9,50,34.34947808759208,35.5782514026618
9,51,34.23145646293739,35.317564261482254
9,52,34.13511506531998,35.334265722860124
9,53,34.183970706721915,35.36040966694937
9,54,34.15888150322284,35.028480354579855
9,55,33.99106939888352,35.21590186260438
9,56,33.97577639416436,35.10828630610647
9,57,33.92526850972606,34.84728213889614
9,58,33.87760272790055,34.95901903379436
9,59,33.830365878222835,35.07745017288622
9,60,33.705024351116485,34.93644494552453
10,1,59.7652318571593,56.187716107776616
10,2,52.9804385359116,49.337348316805844
10,3,46.226481029868786,45.028077700939455
10,4,43.31242320585866,43.75154537447808
10,5,42.31494770085175,43.04645705571503
10,6,41.73241809823895,42.4865625815501
10,7,41.44045522559853,42.43959379893006
10,8,41.20291332153545,42.116121232385176
10,9,41.09046457757827,42.086379909316285
10,10,40.99821682924724,41.86141986886743
10,11,40.901818780214086,41.915528363126306
10,12,40.81635751179788,41.80037553823069
10,13,40.722061320211786,41.774901324373694
10,14,40.65389527940838,41.637652498695196
10,15,40.51328412753223,41.38135683063674
10,16,40.40398646121086,41.46654406967641
10,17,40.09889340901243,41.173020778966595
10,18,40.032791997582876,40.77391660686326
10,19,39.703881071593,40.395842167927974
10,20,39.483401494877995,40.16829902792276
10,21,39.04496629690377,39.807288948329855
10,22,38.92989720016114,39.4918470283142
10,23,38.657078549436,39.39230697090292
10,24,38.48070614640884,39.24124355754175
10,25,38.28378204851519,39.217192393006265
10,26,38.140693341390424,38.80653257111169
10,27,38.0155852540861,38.814277792275576
10,28,37.99349623762661,38.809242073329855
10,29,37.81496118928407,38.45268462943633
10,30,37.69992518416206,38.4028106243476
10,31,37.5204801162523,38.20171826069937
10,32,37.292454391114184,37.81321356341336
10,33,37.143277005639966,37.87920798538622
10,34,36.92761747525322,37.90928774138831
10,35,36.77833470016114,37.5161550756785
10,36,36.673457103188305,37.56013708572547
10,37,36.55027912062615,37.35013129566806
10,38,36.424998561233885,37.30621044819937
10,39,36.360625467598986,37.074508252870565
10,40,36.28235802975368,36.87618655401879
10,41,36.06862410796501,36.87157897312109
10,42,36.00298849706492,36.822867057019835
10,43,35.916975281998155,36.72390396659708
10,44,35.74228983223987,36.79319301278706
10,45,35.57671950535221,36.59252674843424
10,46,35.577828074643186,36.5313560151357
10,47,35.51173277796961,36.40164038034969
10,48,35.43870838369015,36.190034169493735
10,49,35.239876481929095,36.25232927485647
10,50,35.16728407717542,36.01040681269572
10,51,35.06416123532458,36.244368965292274
10,52,35.02646520344153,35.91111446372651
10,53,34.96345156393877,35.98812426604906
10,54,34.938667199010126,35.87501732939718
10,55,34.84452945154236,35.79220931465292
10,56,34.78554345793048,35.84381524008351
10,57,34.75534213858195,35.81256218195459
10,58,34.733997323895025,35.65326424680324
10,59,34.63145862108656,35.63427224686848
10,60,34.56824894970074,35.5607385177453
