Model,Program,Program_number,Program_label,Space,Strength,Signed_mean,Relative_strength
CP,CP1,1,CP 1,SI1,0.1486545807659974,0.1486545807659974,0.9448618624956551
CP,CP1,1,CP 1,SI2,0.11877979806297896,0.11877979806297896,0.7549750612886273
CP,CP1,1,CP 1,SI3,0.13147657899157458,0.13147657899157458,0.8356769408679496
CP,CP1,1,CP 1,SI4,0.03039086983338458,0.03039086983338458,0.19316709734519633
CP,CP1,1,CP 1,SI5,0.046254350526986385,-0.046254350526986385,0.29399680495719976
CP,CP1,1,CP 1,SI6,0.11497073950786274,-0.11497073950786274,0.7307643431109784
CP,CP1,1,CP 1,SI7,0.11233298004477385,-0.11233298004477385,0.713998507128884
CP,CP1,1,CP 1,SI8,0.09188340212766166,-0.09188340212766166,0.5840191537954799
CP,CP1,1,CP 1,SI9,0.0850487875900937,-0.0850487875900937,0.5405777301398459
CP,CP1,1,CP 1,ce,0.06745046147223219,-0.06745046147223219,0.42872118924587055
CP,CP1,1,CP 1,co,0.05911711471534076,-0.05911711471534076,0.3757536890385739
CP,CP1,1,CP 1,st,0.15732943265733831,0.15732943265733831,1.0
CP,CP2,2,CP 2,SI1,0.01934051507077176,-6.554604876023978e-05,0.07473755159645311
CP,CP2,2,CP 2,SI2,0.11290948221212911,-0.0003826563253094439,0.4363161074913954
CP,CP2,2,CP 2,SI3,0.20021726394296357,-0.0006785471067875859,0.7736995648606995
CP,CP2,2,CP 2,SI4,0.24472565186567427,-0.0008293884341435299,0.9456933264888794
CP,CP2,2,CP 2,SI5,0.2587790830398252,-0.0008770162704043099,1.0
CP,CP2,2,CP 2,SI6,0.20514721530433205,-0.0006952549778621198,0.7927503757046723
CP,CP2,2,CP 2,SI7,0.2060562661269721,-0.0006983358001322771,0.7962632207613964
CP,CP2,2,CP 2,SI8,0.19509334754055396,-0.000661181877726881,0.7538992149165694
CP,CP2,2,CP 2,SI9,0.1638092381822842,-0.0005551583437146942,0.6330080324037416
CP,CP2,2,CP 2,ce,0.0563478410288011,-0.00019096587252689923,0.21774495978150352
CP,CP2,2,CP 2,co,0.00706638500592572,-2.394835993055986e-05,0.02730663128919978
CP,CP2,2,CP 2,st,0.1455553250251224,0.0004932948474485859,0.5624694365375811
CP,CP3,3,CP 3,SI1,0.2751740467288244,-0.2158005782808241,0.4491774676197581
CP,CP3,3,CP 3,SI2,0.10550754967183315,-0.08274250607148328,0.1722241415559907
CP,CP3,3,CP 3,SI3,0.0693127992755353,-0.05435738705643126,0.11314202055872989
CP,CP3,3,CP 3,SI4,0.00119074463607294,0.00093382128185426,0.0019436995115318326
CP,CP3,3,CP 3,SI5,0.022154714601344043,-0.01737445910852268,0.03616401589746214
CP,CP3,3,CP 3,SI6,0.01020764687213996,-0.00800517390386404,0.01666234525708376
CP,CP3,3,CP 3,SI7,0.02010019725262946,-0.01576323872923478,0.032810346062508884
CP,CP3,3,CP 3,SI8,0.009223871769568699,-0.00723366496776742,0.015056490291714167
CP,CP3,3,CP 3,SI9,0.005418874843765901,0.00424966067409874,0.008845443487880411
CP,CP3,3,CP 3,ce,0.0003635393476856427,0.00028509956658708273,0.0005934196393691761
CP,CP3,3,CP 3,co,0.0347817448339237,0.02727699337202994,0.05677561619499172
CP,CP3,3,CP 3,st,0.6126176546366019,0.4804350036175582,1.0
CP,CP4,4,CP 4,SI1,0.24302764439227684,-0.0032629961857558397,1.0
CP,CP4,4,CP 4,SI2,0.177890652141414,-0.0023884382407217963,0.7319770250263232
CP,CP4,4,CP 4,SI3,0.15174994193097352,-0.0020374615527696204,0.6244143225370289
CP,CP4,4,CP 4,SI4,0.18680726730219405,-0.002508156642849374,0.7686667406472651
CP,CP4,4,CP 4,SI5,0.18080809840321205,-0.002427609159109284,0.7439816110440723
CP,CP4,4,CP 4,SI6,0.14913502468476728,-0.0020023525221827152,0.6136545702761486
CP,CP4,4,CP 4,SI7,0.16354459985015765,-0.002195821824494415,0.6729464882858196
CP,CP4,4,CP 4,SI8,0.15141433187835224,-0.0020329555043966606,0.6230333683107699
CP,CP4,4,CP 4,SI9,0.1651027504772698,-0.002216742241041303,0.6793579014030743
CP,CP4,4,CP 4,ce,0.22577937497350228,-0.00303141332420489,0.9290275414473684
CP,CP4,4,CP 4,co,0.20473179722765425,-0.002748819275795955,0.8424218476857377
CP,CP4,4,CP 4,st,0.11679418150446197,-0.0015681301183678997,0.48057981961896334
CP,CP5,5,CP 5,SI1,0.40797636003136584,0.005909930518986894,0.8368060146021068
CP,CP5,5,CP 5,SI2,0.48753994702745374,0.0070624857085868215,1.0
CP,CP5,5,CP 5,SI3,0.3525712511586731,0.005107334153331408,0.7231638213613285
CP,CP5,5,CP 5,SI4,0.2372166917885526,0.0034363122566868575,0.48655847225416127
CP,CP5,5,CP 5,SI5,0.05475119489948693,0.0007931237919339389,0.1123009411501697
CP,CP5,5,CP 5,SI6,0.05172803763691865,0.0007493304472205596,0.10610010103234845
CP,CP5,5,CP 5,SI7,0.0182509287213131,0.00026438228097733967,0.03743473500497668
CP,CP5,5,CP 5,SI8,0.01983100428431428,0.00028727119736304065,0.04067565007795675
CP,CP5,5,CP 5,SI9,0.001200145119658087,-1.7385257982446932e-05,0.002461634430112669
CP,CP5,5,CP 5,ce,0.03311972740153672,0.0004797711507986021,0.06793233580851935
CP,CP5,5,CP 5,co,0.028700762172704904,0.0004157581833163399,0.05886853446101052
CP,CP5,5,CP 5,st,0.29259626210729894,0.004238538671790839,0.6001482830099718
CP,CP6,6,CP 6,SI1,0.04550431922574374,-0.043349667435586894,0.06371148721869689
CP,CP6,6,CP 6,SI2,0.26131994644947715,0.2489463190663755,0.36587916732940207
CP,CP6,6,CP 6,SI3,0.25479715624323807,0.2427323861693726,0.35674648120364344
CP,CP6,6,CP 6,SI4,0.1736546118164915,-0.16543198094131695,0.24313721794908005
CP,CP6,6,CP 6,SI5,0.15812726314274575,-0.15063985982806502,0.22139707342214185
CP,CP6,6,CP 6,SI6,0.0129402114895649,0.0123274861411715,0.01811784316197896
CP,CP6,6,CP 6,SI7,0.03411185106117284,0.03249663821533516,0.04776066975331141
CP,CP6,6,CP 6,SI8,0.12132399428297314,0.11557924376436965,0.16986809697633842
CP,CP6,6,CP 6,SI9,0.14398974509807758,0.13717176018326793,0.20160285793814453
CP,CP6,6,CP 6,ce,0.05733668288000796,0.05462176287876173,0.08027821096168478
CP,CP6,6,CP 6,co,0.04490943682654898,0.04278295300919486,0.06287858073821752
CP,CP6,6,CP 6,st,0.7142247216666754,-0.6804058314756368,1.0
CP,CP7,7,CP 7,SI1,0.0143110209158709,0.0027326113241263805,0.009820564259207652
CP,CP7,7,CP 7,SI2,0.20690905759683104,0.03950815509090554,0.14198593572652332
CP,CP7,7,CP 7,SI3,0.22345326989559128,0.042667182119243335,0.15333896923496892
CP,CP7,7,CP 7,SI4,0.3838733859631124,0.07329852759492712,0.2634230832595321
CP,CP7,7,CP 7,SI5,0.3262424852475649,0.06229422169385329,0.2238753831254772
CP,CP7,7,CP 7,SI6,0.1125293858417884,0.02148687196084264,0.0772203514483651
CP,CP7,7,CP 7,SI7,0.09650737986090223,0.018427557378328383,0.0662256683840558
CP,CP7,7,CP 7,SI8,0.1393857275807989,0.026614943814838848,0.09564981440321978
CP,CP7,7,CP 7,SI9,0.09809067524832295,0.018729878989800896,0.06731216348352341
CP,CP7,7,CP 7,ce,0.2316430905521077,0.044230983667722795,0.15895901971924364
CP,CP7,7,CP 7,co,0.0334657958700171,0.006390111041197221,0.022965028194637974
CP,CP7,7,CP 7,st,1.4572503715815561,-0.27825400374162074,1.0
CP,CP8,8,CP 8,SI1,0.14108747076887856,-0.13776089765305613,0.5969849272944188
CP,CP8,8,CP 8,SI2,0.23633338853008862,0.23076109857144805,1.0
CP,CP8,8,CP 8,SI3,0.08243969792222502,-0.08049592728624953,0.3488279774388682
CP,CP8,8,CP 8,SI4,0.08146122765899852,-0.07954052748317475,0.34468776572645526
CP,CP8,8,CP 8,SI5,0.01201659454845612,0.01173326619795992,0.05084594531138894
CP,CP8,8,CP 8,SI6,0.022146899152553877,-0.0216247175660656,0.09371041176322939
CP,CP8,8,CP 8,SI7,0.010975584720192841,-0.0107168013933556,0.04644110926711269
CP,CP8,8,CP 8,SI8,0.0160860312881221,-0.0157067533910011,0.06806499660573402
CP,CP8,8,CP 8,SI9,0.019951232189997222,-0.019480820237262622,0.08441986261055595
CP,CP8,8,CP 8,ce,0.01316635039571852,-0.01285591299811544,0.05571091955143806
CP,CP8,8,CP 8,co,0.002767560583891476,-0.002702306790733164,0.011710408762404412
CP,CP8,8,CP 8,st,0.19183636162140652,0.18731322657809454,0.8117192531049544
PCA,PC1,1,PCA 1,SI1,0.9647430626343626,0.9647430626343626,1.0
PCA,PC1,1,PCA 1,SI2,0.862909508912226,0.7886446038171273,0.8944448966089829
PCA,PC1,1,PCA 1,SI3,0.9441084194973197,0.6073086672478318,0.9786112552282085
PCA,PC1,1,PCA 1,SI4,0.8150920653793919,0.33925882741402646,0.8448799446701092
PCA,PC1,1,PCA 1,SI5,0.6890708837266848,-0.022404368701818368,0.714253266403474
PCA,PC1,1,PCA 1,SI6,0.5915996363841663,-0.5417559870988184,0.6132198916970937
PCA,PC1,1,PCA 1,SI7,0.6458274882392583,-0.5488110121396005,0.6694295230024647
PCA,PC1,1,PCA 1,SI8,0.5504111262197741,-0.5129691460972707,0.5705261302598035
PCA,PC1,1,PCA 1,SI9,0.5154340078863503,-0.5154340078863503,0.5342707585570892
PCA,PC1,1,PCA 1,ce,0.4001139120666154,-0.38522759877574064,0.4147362417658125
PCA,PC1,1,PCA 1,co,0.49100667176296275,-0.43390467261435184,0.5089507152528281
PCA,PC1,1,PCA 1,st,0.2605516322006027,0.2605516322006027,0.2700736002072209
PCA,PC2,2,PCA 2,SI1,0.6923671742779967,0.6923671742779967,1.0
PCA,PC2,2,PCA 2,SI2,0.5931003728887454,0.5404048089632572,0.8566269385997869
PCA,PC2,2,PCA 2,SI3,0.6486131898312715,0.44526723186435546,0.9368052298372579
PCA,PC2,2,PCA 2,SI4,0.41607323020462905,0.07231797684986492,0.6009430337862449
PCA,PC2,2,PCA 2,SI5,0.43526269849724253,-0.13825373781953193,0.6286587733613112
PCA,PC2,2,PCA 2,SI6,0.5013080105300456,-0.5013080105300456,0.7240493616018288
PCA,PC2,2,PCA 2,SI7,0.5023701481908389,-0.45324145404655364,0.7255834286406091
PCA,PC2,2,PCA 2,SI8,0.4629196396558446,-0.38228676936917505,0.6686042563161362
PCA,PC2,2,PCA 2,SI9,0.428901877906918,-0.36270982557668363,0.6194717107352449
PCA,PC2,2,PCA 2,ce,0.4753312196596237,-0.23997352046449386,0.6865305539005385
PCA,PC2,2,PCA 2,co,0.4605464473497577,-0.20580111432309756,0.6651766063722149
PCA,PC2,2,PCA 2,st,0.5397115981430618,0.5332172401741065,0.7795164447330641
PCA,PC3,3,PCA 3,SI1,0.6853942604590956,0.6853942604590956,1.0
PCA,PC3,3,PCA 3,SI2,0.5255219397797667,0.4549404479639779,0.7667440042870477
PCA,PC3,3,PCA 3,SI3,0.5606959708559355,0.29046881963068066,0.8180634172226161
PCA,PC3,3,PCA 3,SI4,0.6037484865917886,0.2378710312708669,0.880877651626936
PCA,PC3,3,PCA 3,SI5,0.6645810797782913,0.11445992426089494,0.969633272582611
PCA,PC3,3,PCA 3,SI6,0.4701659842994035,-0.35057817664395213,0.6859788758436256
PCA,PC3,3,PCA 3,SI7,0.5214327408012163,-0.33628647000368694,0.7607778046637661
PCA,PC3,3,PCA 3,SI8,0.38678399459745727,-0.36400851532348366,0.5643233638087061
PCA,PC3,3,PCA 3,SI9,0.40679401350474675,-0.40679401350474675,0.5935182667451361
PCA,PC3,3,PCA 3,ce,0.34072232431427135,-0.2195538742989695,0.4971187300081071
PCA,PC3,3,PCA 3,co,0.4227898571983773,-0.322897588216804,0.6168564308011293
PCA,PC3,3,PCA 3,st,0.29878483333619454,0.21698415440612714,0.43593133262607187
PCA,PC4,4,PCA 4,SI1,0.9001809709700425,0.8508631233110332,1.0
PCA,PC4,4,PCA 4,SI2,0.7268036103643365,0.6044297431606996,0.8073972165631617
PCA,PC4,4,PCA 4,SI3,0.7628683753758104,0.4881345016668052,0.8474611216828292
PCA,PC4,4,PCA 4,SI4,0.610318985048351,0.25150793021699736,0.6779958749746356
PCA,PC4,4,PCA 4,SI5,0.6152955213457216,0.02170875488735451,0.6835242481105483
PCA,PC4,4,PCA 4,SI6,0.5175745768104638,-0.4358915995565333,0.574967249366226
PCA,PC4,4,PCA 4,SI7,0.569782524908945,-0.39771092485610293,0.6329644185823464
PCA,PC4,4,PCA 4,SI8,0.46879994726252505,-0.3935730438420995,0.5207841116185141
PCA,PC4,4,PCA 4,SI9,0.4179759954261401,-0.4054723889698778,0.4643244068753483
PCA,PC4,4,PCA 4,ce,0.46233758417921544,-0.20364351117284105,0.5136051517296535
PCA,PC4,4,PCA 4,co,0.5130130174282458,-0.24673915731764584,0.5698998689956962
PCA,PC4,4,PCA 4,st,0.1499738130269171,-0.13361342752778965,0.16660406947427922
PCA,PC5,5,PCA 5,SI1,0.8607702794929739,0.8607702794929739,1.0
PCA,PC5,5,PCA 5,SI2,0.5514328227243717,0.5065011068440763,0.6406271636715737
PCA,PC5,5,PCA 5,SI3,0.47976049348615063,0.23970356657550732,0.5573618245378402
PCA,PC5,5,PCA 5,SI4,0.5399545614169072,0.19721619343967847,0.6272922918934432
PCA,PC5,5,PCA 5,SI5,0.609284899954187,0.05722306526358778,0.7078368229826415
PCA,PC5,5,PCA 5,SI6,0.4617646947656856,-0.38607768474781523,0.5364552027024938
PCA,PC5,5,PCA 5,SI7,0.5211812898090793,-0.3656665003564866,0.6054824408157711
PCA,PC5,5,PCA 5,SI8,0.4200519301776845,-0.35864912334915966,0.4879953922492664
PCA,PC5,5,PCA 5,SI9,0.37844134459675227,-0.37844134459675227,0.43965428827267183
PCA,PC5,5,PCA 5,ce,0.37274134070973297,-0.22265572900970812,0.43303230791064445
PCA,PC5,5,PCA 5,co,0.4292017083468032,-0.2648244443010281,0.4986251483957127
PCA,PC5,5,PCA 5,st,0.20210957983834682,0.11490061474512658,0.23480083438452007
PCA,PC6,6,PCA 6,SI1,0.7804023522228797,0.7804023522228797,1.0
PCA,PC6,6,PCA 6,SI2,0.497812409137025,0.46535008399184424,0.6378919895859717
PCA,PC6,6,PCA 6,SI3,0.6644628956863745,0.42731716381659357,0.8514363056361043
PCA,PC6,6,PCA 6,SI4,0.42305459357721115,0.06227925551683951,0.5420980502841802
PCA,PC6,6,PCA 6,SI5,0.49890539858804483,-0.01844467430070328,0.6392925356605788
PCA,PC6,6,PCA 6,SI6,0.4463719303236626,-0.37305792706407453,0.5719766592863634
PCA,PC6,6,PCA 6,SI7,0.516298609282941,-0.33488212158098996,0.6615800270364744
PCA,PC6,6,PCA 6,SI8,0.42585762525628634,-0.3170767635477526,0.5456898278731266
PCA,PC6,6,PCA 6,SI9,0.3865346211484807,-0.3216209795845056,0.49530171205594725
PCA,PC6,6,PCA 6,ce,0.30717184359468463,-0.19020122176962534,0.3936070191481914
PCA,PC6,6,PCA 6,co,0.40473035753903674,-0.2185677793549341,0.5186175520694066
PCA,PC6,6,PCA 6,st,0.17324895406787477,0.0385026116544277,0.2219995282874232
PCA,PC7,7,PCA 7,SI1,0.5552672791566303,0.5552672791566303,0.8459477720782811
PCA,PC7,7,PCA 7,SI2,0.6563848236073465,0.6227490051054353,1.0
PCA,PC7,7,PCA 7,SI3,0.5951773762931284,0.3512066738793217,0.90675066651018
PCA,PC7,7,PCA 7,SI4,0.4764119189914703,0.11455749028019646,0.725811904628165
PCA,PC7,7,PCA 7,SI5,0.5939482583324855,0.06085474882667817,0.9048781095642594
PCA,PC7,7,PCA 7,SI6,0.44955437442476187,-0.37336346293197853,0.6848945287219013
PCA,PC7,7,PCA 7,SI7,0.5157896915345773,-0.33329022365762234,0.7858038043900996
PCA,PC7,7,PCA 7,SI8,0.4138942585090419,-0.3267099049114318,0.6305664659252329
PCA,PC7,7,PCA 7,SI9,0.3530724670287417,-0.3530724670287417,0.5379046777595087
PCA,PC7,7,PCA 7,ce,0.31929314954659993,-0.18096408271452172,0.48644200484684436
PCA,PC7,7,PCA 7,co,0.4161507384710948,-0.2567614235119392,0.6340042053136176
PCA,PC7,7,PCA 7,st,0.210212947538631,0.11952636750797344,0.32025869578054367
PCA,PC8,8,PCA 8,SI1,0.6858212024231367,0.6858212024231367,0.9873789313868434
PCA,PC8,8,PCA 8,SI2,0.40280489950580567,0.374859999864512,0.5799194743851649
PCA,PC8,8,PCA 8,SI3,0.6084850864807423,0.37709571872861786,0.8760378832433683
PCA,PC8,8,PCA 8,SI4,0.6945876406941887,0.3493003879016581,1.0
PCA,PC8,8,PCA 8,SI5,0.6181681001683997,0.09203246489355903,0.889978548352209
PCA,PC8,8,PCA 8,SI6,0.4631725826773576,-0.3797417228503655,0.6668310167662227
PCA,PC8,8,PCA 8,SI7,0.5179781906838951,-0.37330173627799096,0.7457348221258506
PCA,PC8,8,PCA 8,SI8,0.41168349007413757,-0.3610206760992075,0.592702009011693
PCA,PC8,8,PCA 8,SI9,0.38991540175139894,-0.38991540175139894,0.5613624241308232
PCA,PC8,8,PCA 8,ce,0.37212115996173295,-0.2411410447864454,0.5357439985396595
PCA,PC8,8,PCA 8,co,0.4280065764010774,-0.28151509706787115,0.6162024074792299
PCA,PC8,8,PCA 8,st,0.1726846313602245,0.14752590502179602,0.24861460418103473
VAE,VAE1,1,VAE 1,SI1,0.02451888471841808,0.02451888471841808,0.34844569984478213
VAE,VAE1,1,VAE 1,SI2,0.01650952473282808,0.0064609132707118795,0.23462212762531287
VAE,VAE1,1,VAE 1,SI3,0.01571516990661616,-0.01030843257904052,0.22333329754502076
VAE,VAE1,1,VAE 1,SI4,0.03523333370685572,0.02745185196399688,0.5007121556441732
VAE,VAE1,1,VAE 1,SI5,0.039230120182037295,0.02699922323226926,0.5575117644546288
VAE,VAE1,1,VAE 1,SI6,0.02656096220016476,0.011113464832305879,0.37746631499250083
VAE,VAE1,1,VAE 1,SI7,0.015098232030868481,0.00985187888145444,0.214565796398683
VAE,VAE1,1,VAE 1,SI8,0.02035337984561916,-0.00707769691944124,0.28924838001240943
VAE,VAE1,1,VAE 1,SI9,0.027959974110126462,-0.007788594067096741,0.39734811996267577
VAE,VAE1,1,VAE 1,ce,0.02883936464786524,0.003530743718147321,0.40984541969218147
VAE,VAE1,1,VAE 1,co,0.01933908760547634,-0.00699085891246794,0.2748339491146529
VAE,VAE1,1,VAE 1,st,0.0703664436936378,-0.0703664436936378,1.0
VAE,VAE2,2,VAE 2,SI1,0.01024793982505792,0.00921524167060852,0.4984828666347629
VAE,VAE2,2,VAE 2,SI2,0.00920177102088922,-0.0006303071975707799,0.44759486051955055
VAE,VAE2,2,VAE 2,SI3,0.005286619067192042,0.0035239011049270777,0.2571530544096448
VAE,VAE2,2,VAE 2,SI4,0.00877492576837532,0.00446792691946028,0.42683214638238337
VAE,VAE2,2,VAE 2,SI5,0.00596830546855922,-0.0017435878515243398,0.29031181580952703
VAE,VAE2,2,VAE 2,SI6,0.0058508455753326,0.0016990482807159202,0.28459830213851095
VAE,VAE2,2,VAE 2,SI7,0.0052562117576598595,0.00102870464324946,0.25567397441102985
VAE,VAE2,2,VAE 2,SI8,0.0038786649703978957,0.003689217567443825,0.18866699709069115
VAE,VAE2,2,VAE 2,SI9,0.00841262787580486,0.0017238095402717798,0.40920916116318246
VAE,VAE2,2,VAE 2,ce,0.00432952940464016,0.002924969792366,0.21059805830703415
VAE,VAE2,2,VAE 2,co,0.005981793999671881,0.00285010635852812,0.2909679283326793
VAE,VAE2,2,VAE 2,st,0.0205582588911056,-0.01591087877750396,1.0
VAE,VAE3,3,VAE 3,SI1,0.06261148750782011,-0.042974886298179624,0.8286091069374764
VAE,VAE3,3,VAE 3,SI2,0.03123602494597432,0.007067165523767441,0.4133818850978077
VAE,VAE3,3,VAE 3,SI3,0.040251931548118534,0.0248555392026901,0.532699643151413
VAE,VAE3,3,VAE 3,SI4,0.04317760765552514,0.0047158986330032605,0.5714184464100597
VAE,VAE3,3,VAE 3,SI5,0.044877696037292435,0.02059444189071652,0.5939176517764078
VAE,VAE3,3,VAE 3,SI6,0.034002695977687805,0.02058261483907696,0.44999639313823026
VAE,VAE3,3,VAE 3,SI7,0.03262904882431026,0.00429421663284298,0.4318173562503874
VAE,VAE3,3,VAE 3,SI8,0.0402692019939422,0.007513803243637082,0.5329282026260393
VAE,VAE3,3,VAE 3,SI9,0.03526843637228006,0.0006216898560523793,0.46674737701873276
VAE,VAE3,3,VAE 3,ce,0.038412165641784624,-0.004940819740295421,0.5083519260582685
VAE,VAE3,3,VAE 3,co,0.02293474972248071,-0.012928131222724909,0.3035216577949167
VAE,VAE3,3,VAE 3,st,0.07556215226650234,0.00014054477214814343,1.0
VAE,VAE4,4,VAE 4,SI1,0.0629896000027656,-0.05412068814039228,0.6909925552179677
VAE,VAE4,4,VAE 4,SI2,0.02993549853563306,-0.0144625499844551,0.3283908236272753
VAE,VAE4,4,VAE 4,SI3,0.04714011549949642,-0.028904396295547457,0.5171245548604372
VAE,VAE4,4,VAE 4,SI4,0.06701714992523188,0.007643103599548321,0.7351745632331115
VAE,VAE4,4,VAE 4,SI5,0.06723915040493007,0.044036838412284826,0.7376098966646548
VAE,VAE4,4,VAE 4,SI6,0.05306910872459408,0.03326677680015564,0.5821652945746182
VAE,VAE4,4,VAE 4,SI7,0.056791174411773615,0.033395314216613736,0.6229961568083898
VAE,VAE4,4,VAE 4,SI8,0.05389442145824426,0.023130324482917783,0.5912189312805795
VAE,VAE4,4,VAE 4,SI9,0.058207896351814226,0.0098121732473373,0.6385375209913507
VAE,VAE4,4,VAE 4,ce,0.05866551846265785,0.00800909250974654,0.6435576111599213
VAE,VAE4,4,VAE 4,co,0.04650648236274716,-0.008022844791412359,0.5101736331175792
VAE,VAE4,4,VAE 4,st,0.09115814566612238,-0.04458576738834382,1.0
VAE,VAE5,5,VAE 5,SI1,0.02765593230724328,-0.0275322705507278,0.30921910886510445
VAE,VAE5,5,VAE 5,SI2,0.05699727907776828,-0.04010591134428976,0.637282722866195
VAE,VAE5,5,VAE 5,SI3,0.06989552974700923,-0.022507023811340322,0.7814971913408968
VAE,VAE5,5,VAE 5,SI4,0.08943797945976252,-0.057937771081924404,1.0
VAE,VAE5,5,VAE 5,SI5,0.07938003242015834,-0.037255749106407145,0.8875427743296775
VAE,VAE5,5,VAE 5,SI6,0.0347769826650619,0.0097632199525833,0.38883909134718103
VAE,VAE5,5,VAE 5,SI7,0.0400115609169006,0.009850537776947041,0.4473665567870023
VAE,VAE5,5,VAE 5,SI8,0.04353309571743006,0.029706737399101263,0.48674059924414187
VAE,VAE5,5,VAE 5,SI9,0.05176328122615807,0.046659764647483795,0.5787617468420783
VAE,VAE5,5,VAE 5,ce,0.05772511065006254,0.009948799014091497,0.6454205584556238
VAE,VAE5,5,VAE 5,co,0.035616657137870746,0.035616657137870746,0.39822743484376694
VAE,VAE5,5,VAE 5,st,0.0787229388952255,0.0772068530321121,0.8801958560640601
VAE,VAE6,6,VAE 6,SI1,0.28478325009346006,0.21564528346061707,1.0
VAE,VAE6,6,VAE 6,SI2,0.25429872870445247,0.17781955599784846,0.8929553568231166
VAE,VAE6,6,VAE 6,SI3,0.18919831216335292,0.11783255040645595,0.664358989165486
VAE,VAE6,6,VAE 6,SI4,0.17908091247081753,0.0647097438573837,0.6288323221679886
VAE,VAE6,6,VAE 6,SI5,0.10117128789424894,-0.09260582625865935,0.35525715736809166
VAE,VAE6,6,VAE 6,SI6,0.14261548221111295,-0.1205779880285263,0.5007860615549174
VAE,VAE6,6,VAE 6,SI7,0.14763922691345213,-0.14763922691345213,0.518426652076623
VAE,VAE6,6,VAE 6,SI8,0.11721881031990049,-0.1114769637584686,0.41160710920123167
VAE,VAE6,6,VAE 6,SI9,0.10003702640533445,-0.08772149085998535,0.35127426340033807
VAE,VAE6,6,VAE 6,ce,0.14920334517955774,-0.13851928412914277,0.5239189633891468
VAE,VAE6,6,VAE 6,co,0.1294428527355194,-0.11955257058143616,0.45453113093216996
VAE,VAE6,6,VAE 6,st,0.21562489867210388,0.21562489867210388,0.7571544274508426
VAE,VAE7,7,VAE 7,SI1,0.0669665783643722,-0.01886284053325652,1.0
VAE,VAE7,7,VAE 7,SI2,0.02805473804473872,-0.0066778242588043215,0.4189364117140634
VAE,VAE7,7,VAE 7,SI3,0.05183031558990472,0.027037048339843717,0.7739728810376203
VAE,VAE7,7,VAE 7,SI4,0.02448361217975608,-0.0013722568750381594,0.36560942454814055
VAE,VAE7,7,VAE 7,SI5,0.03869146704673762,0.007816797494888299,0.5777727934106665
VAE,VAE7,7,VAE 7,SI6,0.03056035339832302,-0.00830321013927458,0.4563523199892478
VAE,VAE7,7,VAE 7,SI7,0.03414333462715144,0.001528400182723999,0.5098563411941694
VAE,VAE7,7,VAE 7,SI8,0.01845729053020472,-0.006142792105674719,0.2756194355604771
VAE,VAE7,7,VAE 7,SI9,0.02628139257431026,-0.0065303087234497,0.3924553593183519
VAE,VAE7,7,VAE 7,ce,0.03868062794208524,0.0100957840681076,0.5776109349893894
VAE,VAE7,7,VAE 7,co,0.0345531374216079,0.009012010693550102,0.5159758534115427
VAE,VAE7,7,VAE 7,st,0.06427245363593098,0.010684370249509823,0.9597691147697259
VAE,VAE8,8,VAE 8,SI1,0.01532839238643642,0.005882969498634341,0.5512555068156753
VAE,VAE8,8,VAE 8,SI2,0.01434666812419888,0.002490505576133721,0.5159497231372856
VAE,VAE8,8,VAE 8,SI3,0.027806329727172802,0.02259194850921628,1.0
VAE,VAE8,8,VAE 8,SI4,0.01493017375469204,0.00504190027713772,0.5369343563563524
VAE,VAE8,8,VAE 8,SI5,0.02330611646175382,-0.00395791232585906,0.8381586743171897
VAE,VAE8,8,VAE 8,SI6,0.02205072343349452,-0.019095429778099037,0.7930109313184972
VAE,VAE8,8,VAE 8,SI7,0.020002660155296302,-0.0121985524892807,0.7193563606400515
VAE,VAE8,8,VAE 8,SI8,0.01526598334312434,-0.010953158140182499,0.5490110882273748
VAE,VAE8,8,VAE 8,SI9,0.01925503015518184,-0.00521640777587892,0.6924693170262419
VAE,VAE8,8,VAE 8,ce,0.0226093083620071,0.0014481753110885801,0.8130993404682572
VAE,VAE8,8,VAE 8,co,0.01585731804370876,0.0041948229074478,0.5702772785655609
VAE,VAE8,8,VAE 8,st,0.008739136159419961,0.007422621548175761,0.31428585667960107
weighted_CPVAE,CPVAE1,1,weighted CPVAE 1,SI1,0.06808318160474298,-0.0020769599825143786,1.0
weighted_CPVAE,CPVAE1,1,weighted CPVAE 1,SI2,0.051811967790126756,-0.00158058702945712,0.7610097908015112
weighted_CPVAE,CPVAE1,1,weighted CPVAE 1,SI3,0.02438079752027984,-0.0007437657564878797,0.3581030872179652
weighted_CPVAE,CPVAE1,1,weighted CPVAE 1,SI4,0.04392984192818398,-0.001340133138000979,0.6452377943090079
weighted_CPVAE,CPVAE1,1,weighted CPVAE 1,SI5,0.040946672670543124,-0.0012491272762418,0.6014212571360001
weighted_CPVAE,CPVAE1,1,weighted CPVAE 1,SI6,0.02715679937973614,-0.0008284515701234202,0.39887676720801596
weighted_CPVAE,CPVAE1,1,weighted CPVAE 1,SI7,0.032409732043743075,-0.0009886980056762792,0.47603139688591267
weighted_CPVAE,CPVAE1,1,weighted CPVAE 1,SI8,0.02083945488557214,-0.0006357328034937403,0.30608814679894997
weighted_CPVAE,CPVAE1,1,weighted CPVAE 1,SI9,0.025430925562977758,-0.0007758010178804391,0.373527278889771
weighted_CPVAE,CPVAE1,1,weighted CPVAE 1,ce,0.039590049721300556,-0.0012077426537871598,0.5814952942584359
weighted_CPVAE,CPVAE1,1,weighted CPVAE 1,co,0.028077987488359157,-0.0008565523661673208,0.4124071000583662
weighted_CPVAE,CPVAE1,1,weighted CPVAE 1,st,0.050210059806704455,-0.0015317190438509016,0.7374811021347245
weighted_CPVAE,CPVAE2,2,weighted CPVAE 2,SI1,0.00980942619498814,0.00748268945608286,0.17389462498277114
weighted_CPVAE,CPVAE2,2,weighted CPVAE 2,SI2,0.001101107733848,-0.00083993160951648,0.019519665333835406
weighted_CPVAE,CPVAE2,2,weighted CPVAE 2,SI3,0.04271659413352604,-0.032584474887698875,0.7572498094930347
weighted_CPVAE,CPVAE2,2,weighted CPVAE 2,SI4,0.00323444536770688,-0.0024672543921042,0.05733797809009656
weighted_CPVAE,CPVAE2,2,weighted CPVAE 2,SI5,0.00395825367886566,-0.00301937970798462,0.07016914398364056
weighted_CPVAE,CPVAE2,2,weighted CPVAE 2,SI6,0.016461357451043962,-0.01255682262126356,0.2918153950859198
weighted_CPVAE,CPVAE2,2,weighted CPVAE 2,SI7,0.01860547687392676,-0.01419236969668416,0.3298248398331547
weighted_CPVAE,CPVAE2,2,weighted CPVAE 2,SI8,0.02553792190738018,-0.01948048057965934,0.45271836136471805
weighted_CPVAE,CPVAE2,2,weighted CPVAE 2,SI9,0.033931350521743245,-0.02588303852826356,0.6015111747466113
weighted_CPVAE,CPVAE2,2,weighted CPVAE 2,ce,0.05641017481684683,-0.0430300213396549,1.0
weighted_CPVAE,CPVAE2,2,weighted CPVAE 2,co,0.04899405175819988,-0.0373729578219354,0.8685321738015226
weighted_CPVAE,CPVAE2,2,weighted CPVAE 2,st,0.01120879219379272,0.00855013413820416,0.19870160357037625
weighted_CPVAE,CPVAE3,3,weighted CPVAE 3,SI1,0.04011533908778796,-0.039989247021730956,0.8779117001219817
weighted_CPVAE,CPVAE3,3,weighted CPVAE 3,SI2,0.045694047684082716,0.0455504204088356,1.0
weighted_CPVAE,CPVAE3,3,weighted CPVAE 3,SI3,0.009072311427735227,-0.009043794991157452,0.19854470959672763
weighted_CPVAE,CPVAE3,3,weighted CPVAE 3,SI4,0.019880656775785578,-0.01981816713814622,0.43508198076991333
weighted_CPVAE,CPVAE3,3,weighted CPVAE 3,SI5,0.020315755347837642,-0.020251898092101282,0.44460397748730257
weighted_CPVAE,CPVAE3,3,weighted CPVAE 3,SI6,0.01932222205505238,-0.01926148771017322,0.42286081085749766
weighted_CPVAE,CPVAE3,3,weighted CPVAE 3,SI7,0.0180113572190748,-0.017954743231530283,0.3941729422528038
weighted_CPVAE,CPVAE3,3,weighted CPVAE 3,SI8,0.007406380273459889,-0.007383100256265551,0.16208632521823763
weighted_CPVAE,CPVAE3,3,weighted CPVAE 3,SI9,0.0003630777952821283,-0.0003619365553276786,0.00794584445204675
weighted_CPVAE,CPVAE3,3,weighted CPVAE 3,ce,0.0008702387264747592,0.0008675033587678407,0.019044903452006996
weighted_CPVAE,CPVAE3,3,weighted CPVAE 3,co,0.002978929908203963,0.0029695664223253967,0.06519295311283307
weighted_CPVAE,CPVAE3,3,weighted CPVAE 3,st,0.04374735432793382,0.04360984598170034,0.9573972222901361
weighted_CPVAE,CPVAE4,4,weighted CPVAE 4,SI1,0.044058455713093234,0.012041590921580803,0.7898247636883716
weighted_CPVAE,CPVAE4,4,weighted CPVAE 4,SI2,0.045835874974727575,0.01252737492322922,0.8216881080923906
weighted_CPVAE,CPVAE4,4,weighted CPVAE 4,SI3,0.04703399855643506,0.012854833714663982,0.8431665657340722
weighted_CPVAE,CPVAE4,4,weighted CPVAE 4,SI4,0.04455724162980908,0.0121779133565724,0.7987663723404449
weighted_CPVAE,CPVAE4,4,weighted CPVAE 4,SI5,0.00448638374218714,0.0012261708616279,0.08042626373614067
weighted_CPVAE,CPVAE4,4,weighted CPVAE 4,SI6,0.01216501817107196,-0.00332481376826764,0.21807919607532444
weighted_CPVAE,CPVAE4,4,weighted CPVAE 4,SI7,0.01386373434215776,-0.0037890890613198397,0.24853165013178236
weighted_CPVAE,CPVAE4,4,weighted CPVAE 4,SI8,0.01023667720146472,-0.0027977801393717595,0.18351031648161628
weighted_CPVAE,CPVAE4,4,weighted CPVAE 4,SI9,0.01010497834067788,-0.0027617854299024002,0.18114938439910389
weighted_CPVAE,CPVAE4,4,weighted CPVAE 4,ce,0.0048173840041271804,0.0013166363467462597,0.08636002150037138
weighted_CPVAE,CPVAE4,4,weighted CPVAE 4,co,0.0021789527789223403,-0.0005955283239018199,0.0390615339517907
weighted_CPVAE,CPVAE4,4,weighted CPVAE 4,st,0.05578257068991656,0.015245900303125401,1.0
weighted_CPVAE,CPVAE5,5,weighted CPVAE 5,SI1,0.07885711938142774,0.07885711938142774,0.9188150003856604
weighted_CPVAE,CPVAE5,5,weighted CPVAE 5,SI2,0.08582480624318117,0.08582480624318117,1.0
weighted_CPVAE,CPVAE5,5,weighted CPVAE 5,SI3,0.02978382539004084,0.02978382539004084,0.34703049961627125
weighted_CPVAE,CPVAE5,5,weighted CPVAE 5,SI4,0.00459380378015334,-0.00459380378015334,0.053525361503723994
weighted_CPVAE,CPVAE5,5,weighted CPVAE 5,SI5,0.02780285868793722,-0.02780285868793722,0.32394898287517165
weighted_CPVAE,CPVAE5,5,weighted CPVAE 5,SI6,0.03274601548910136,-0.03274601548910136,0.38154488104892226
weighted_CPVAE,CPVAE5,5,weighted CPVAE 5,SI7,0.027775206789374295,-0.027775206789374295,0.3236267928257752
weighted_CPVAE,CPVAE5,5,weighted CPVAE 5,SI8,0.0165787785314023,-0.0165787785314023,0.193170008265757
weighted_CPVAE,CPVAE5,5,weighted CPVAE 5,SI9,0.00885758558288212,-0.00885758558288212,0.10320542475545479
weighted_CPVAE,CPVAE5,5,weighted CPVAE 5,ce,0.011072562867775521,-0.011072562867775521,0.12901354925756378
weighted_CPVAE,CPVAE5,5,weighted CPVAE 5,co,0.01272279066033658,-0.01272279066033658,0.14824141430960017
weighted_CPVAE,CPVAE5,5,weighted CPVAE 5,st,0.00406001058872784,0.00406001058872784,0.047305793819376205
weighted_CPVAE,CPVAE6,6,weighted CPVAE 6,SI1,0.044818236306309656,-0.025358659401535977,0.6603724640509667
weighted_CPVAE,CPVAE6,6,weighted CPVAE 6,SI2,0.00544636091217394,-0.00308161200955506,0.0802491814069183
weighted_CPVAE,CPVAE6,6,weighted CPVAE 6,SI3,0.02870960943400854,-0.01624421812593934,0.4230205623064196
weighted_CPVAE,CPVAE6,6,weighted CPVAE 6,SI4,0.06786811798810957,-0.03840054124593732,1.0
weighted_CPVAE,CPVAE6,6,weighted CPVAE 6,SI5,0.01388861853629346,-0.00785833578556774,0.2046412800002312
weighted_CPVAE,CPVAE6,6,weighted CPVAE 6,SI6,0.006564524956047479,-0.00371428169310088,0.09672472363529482
weighted_CPVAE,CPVAE6,6,weighted CPVAE 6,SI7,0.00245221864897754,0.00138749277684834,0.03613211507363688
weighted_CPVAE,CPVAE6,6,weighted CPVAE 6,SI8,0.00551677853800352,0.00312145506031808,0.08128674702560713
weighted_CPVAE,CPVAE6,6,weighted CPVAE 6,SI9,0.00482290736399586,0.0027288550045341,0.07106293068036494
weighted_CPVAE,CPVAE6,6,weighted CPVAE 6,ce,0.00390575486235316,0.00220991983078416,0.05754918477387931
weighted_CPVAE,CPVAE6,6,weighted CPVAE 6,co,0.01281451731920238,0.007250597327947581,0.18881497968526947
weighted_CPVAE,CPVAE6,6,weighted CPVAE 6,st,0.06754592359066006,-0.03821823894977566,0.9952526398697844
weighted_CPVAE,CPVAE7,7,weighted CPVAE 7,SI1,0.04708721234928812,-0.006349309044890119,0.5331498197005782
weighted_CPVAE,CPVAE7,7,weighted CPVAE 7,SI2,0.0786798851564526,-0.0106093121692538,0.8908611169006502
weighted_CPVAE,CPVAE7,7,weighted CPVAE 7,SI3,0.02813935355516146,-0.0037943515111692207,0.3186107336985297
weighted_CPVAE,CPVAE7,7,weighted CPVAE 7,SI4,0.04887828344944862,-0.006590819195844223,0.5534294070126932
weighted_CPVAE,CPVAE7,7,weighted CPVAE 7,SI5,0.01697187515674154,-0.0022885128739289786,0.19216580741022088
weighted_CPVAE,CPVAE7,7,weighted CPVAE 7,SI6,0.001434635093028139,-0.00019344830216141902,0.016243803848703272
weighted_CPVAE,CPVAE7,7,weighted CPVAE 7,SI7,8.088452165111449e-06,1.090658844304926e-06,9.158233410585658e-05
weighted_CPVAE,CPVAE7,7,weighted CPVAE 7,SI8,0.00026765267466540845,3.60906866262608e-05,0.0030305250219892746
weighted_CPVAE,CPVAE7,7,weighted CPVAE 7,SI9,0.00470322887704238,-0.00063419014040846,0.053252794181255184
weighted_CPVAE,CPVAE7,7,weighted CPVAE 7,ce,0.0008857487671775552,-0.00011943567660635326,0.010028981796962598
weighted_CPVAE,CPVAE7,7,weighted CPVAE 7,co,0.0032433086133095796,-0.00043733247439374,0.03672269637863743
weighted_CPVAE,CPVAE7,7,weighted CPVAE 7,st,0.08831891263835132,0.011909052683040494,1.0
weighted_CPVAE,CPVAE8,8,weighted CPVAE 8,SI1,0.00429047161014746,0.00429047161014746,0.14610949558842865
weighted_CPVAE,CPVAE8,8,weighted CPVAE 8,SI2,0.007123444532044179,-0.007123444532044179,0.24258472774123627
weighted_CPVAE,CPVAE8,8,weighted CPVAE 8,SI3,0.00445409175008532,-0.00445409175008532,0.15168148353909758
weighted_CPVAE,CPVAE8,8,weighted CPVAE 8,SI4,0.017665110132656942,-0.017665110132656942,0.6015749701949054
weighted_CPVAE,CPVAE8,8,weighted CPVAE 8,SI5,0.02267963709309692,-0.02267963709309692,0.7723417462928085
weighted_CPVAE,CPVAE8,8,weighted CPVAE 8,SI6,0.0278437984641641,-0.0278437984641641,0.9482042345282081
weighted_CPVAE,CPVAE8,8,weighted CPVAE 8,SI7,0.029364769160747484,-0.029364769160747484,1.0
weighted_CPVAE,CPVAE8,8,weighted CPVAE 8,SI8,0.028238746756687715,-0.028238746756687715,0.9616539671095066
weighted_CPVAE,CPVAE8,8,weighted CPVAE 8,SI9,0.02591159581206734,-0.02591159581206734,0.8824042058775632
weighted_CPVAE,CPVAE8,8,weighted CPVAE 8,ce,0.011363782547414259,-0.011363782547414259,0.3869869531480762
weighted_CPVAE,CPVAE8,8,weighted CPVAE 8,co,0.00136641240678722,-0.00136641240678722,0.04653237351559817
weighted_CPVAE,CPVAE8,8,weighted CPVAE 8,st,0.01450111733283844,0.01450111733283844,0.49382705014491973
