Model,Program,Program_number,Program_label,Time,Strength,Signed_mean,Relative_strength
CP,CP1,1,CP 1,12h,0.11563282096633924,0.0009512867867231914,0.7089254816589837
CP,CP1,1,CP 1,1h,0.00966997216588219,7.955281789815822e-05,0.05928498170361662
CP,CP1,1,CP 1,24h,0.03763261101042791,0.00030959553961359184,0.23071924271759284
CP,CP1,1,CP 1,3h,0.1631099797622487,0.0013418713409723236,1.0
CP,CP1,1,CP 1,6h,0.1588250728851958,0.0013066203174271415,0.9737299527392582
CP,CP2,2,CP 2,12h,0.03725745918825287,-0.031281834594280626,0.10689366529336089
CP,CP2,2,CP 2,1h,0.2913455146586189,-0.24461738395220545,0.8358860375121779
CP,CP2,2,CP 2,24h,0.05081346544689958,-0.04266362913371404,0.1457865803578258
CP,CP2,2,CP 2,3h,0.3485469329356687,0.2926444191845251,1.0
CP,CP2,2,CP 2,6h,0.02830646708112471,0.02376646825823754,0.08121278486862839
CP,CP3,3,CP 3,12h,0.019187639522376846,0.002348020729861563,0.05816119792062932
CP,CP3,3,CP 3,1h,0.06796893293059549,0.008317462047454517,0.20602610112724548
CP,CP3,3,CP 3,24h,0.016378737212854644,0.0020042910676890792,0.04964690813666134
CP,CP3,3,CP 3,3h,0.3299044759800441,0.04037091418003147,1.0
CP,CP3,3,CP 3,6h,0.05241579121659778,-0.006414200360869675,0.15888172193143693
CP,CP4,4,CP 4,12h,0.1257410439522647,0.1257410439522647,0.3136615528240575
CP,CP4,4,CP 4,1h,0.4008812773518237,-0.4008812773518237,1.0
CP,CP4,4,CP 4,24h,0.2243656644943659,0.2243656644943659,0.5596810755954982
CP,CP4,4,CP 4,3h,0.04603675626441081,-0.04603675626441081,0.11483887840441041
CP,CP4,4,CP 4,6h,0.08496928492306653,0.08496928492306653,0.21195623174113792
CP,CP5,5,CP 5,12h,0.16538999433914006,-0.16519005098702674,0.40668419966033764
CP,CP5,5,CP 5,1h,0.007410598649698491,0.007401639825187325,0.018222223133261155
CP,CP5,5,CP 5,24h,0.00554438081859767,0.005537678103051347,0.0136333040268441
CP,CP5,5,CP 5,3h,0.406679173858423,0.4061875310744636,1.0
CP,CP5,5,CP 5,6h,0.2422601491463395,-0.24196727588942127,0.5957033571398899
CP,CP6,6,CP 6,12h,0.019948760640471335,0.0015860627641331327,0.041071324893148756
CP,CP6,6,CP 6,1h,0.07066404765675037,-0.00561827457711438,0.14548603353770898
CP,CP6,6,CP 6,24h,0.022114151509332356,-0.0017582261325143585,0.04552952024164672
CP,CP6,6,CP 6,3h,0.48571018082250994,-0.03861727782727782,1.0
CP,CP6,6,CP 6,6h,0.2441628344470681,-0.019412613499208548,0.5026924369458318
CP,CP7,7,CP 7,12h,0.1285150558749197,0.015820905347151082,0.23069960117604735
CP,CP7,7,CP 7,1h,0.1390634306288269,0.017119467896198004,0.24963517127104337
CP,CP7,7,CP 7,24h,0.004663505185013725,-0.000574102961055825,0.008371538874886454
CP,CP7,7,CP 7,3h,0.5555503693435397,-0.06839128496752457,0.9972780836316972
CP,CP7,7,CP 7,6h,0.5570666581987266,0.06857794840780039,1.0
CP,CP8,8,CP 8,12h,0.0028219634884663835,-0.00017029731247836659,0.009421395594404029
CP,CP8,8,CP 8,1h,0.006100510598565017,0.00036814812237205005,0.020367139373646155
CP,CP8,8,CP 8,24h,0.0012563996852863065,-7.582007728924338e-05,0.004194610776555419
CP,CP8,8,CP 8,3h,0.29952711996750553,0.018075593023553188,1.0
CP,CP8,8,CP 8,6h,0.03623917266873069,0.0021869289723792573,0.12098795151725202
PCA,PC1,1,PCA 1,12h,0.7278506369094786,0.02886044590761379,0.9007586236793585
PCA,PC1,1,PCA 1,1h,0.5721660698551209,-0.4360578629861223,0.7080896759080856
PCA,PC1,1,PCA 1,24h,0.3730090907105099,-0.30283853721607373,0.46162102240500547
PCA,PC1,1,PCA 1,3h,0.7401275562355547,0.47550359131489534,0.9159520444093787
PCA,PC1,1,PCA 1,6h,0.8080418191683839,0.23453236297968685,1.0
PCA,PC2,2,PCA 2,12h,0.6335178901251828,-0.1211641410195478,1.0
PCA,PC2,2,PCA 2,1h,0.42909983214256203,0.026782249193587914,0.6773286734771959
PCA,PC2,2,PCA 2,24h,0.342408135975866,-0.33674716422894546,0.5404869243837871
PCA,PC2,2,PCA 2,3h,0.5404388631776321,0.4049530715980337,0.8530759298223476
PCA,PC2,2,PCA 2,6h,0.6197459482187467,0.026175984456871398,0.9782611633844868
PCA,PC3,3,PCA 3,12h,0.42494217830809267,-0.15598096695179026,0.5541738914178784
PCA,PC3,3,PCA 3,1h,0.42859832704362716,-0.15579747579210154,0.5589419334617178
PCA,PC3,3,PCA 3,24h,0.3384442760201356,-0.32513104961401423,0.44137059356391317
PCA,PC3,3,PCA 3,3h,0.7668029564165488,0.5096731483265465,1.0
PCA,PC3,3,PCA 3,6h,0.4943020478434892,0.12723634403135972,0.6446272066470365
PCA,PC4,4,PCA 4,12h,0.5660611724745904,-0.08956983774066739,0.7954186831939588
PCA,PC4,4,PCA 4,1h,0.45453111314724604,0.021394598557270512,0.6386987079678138
PCA,PC4,4,PCA 4,24h,0.49940194400479104,-0.49940194400479104,0.7017503690427119
PCA,PC4,4,PCA 4,3h,0.7116518437832058,0.49712920678645234,1.0
PCA,PC4,4,PCA 4,6h,0.5662393108179643,0.0704479764017356,0.7956689998971754
PCA,PC5,5,PCA 5,12h,0.478533303948618,-0.12816742062813669,0.7372397239227005
PCA,PC5,5,PCA 5,1h,0.4311322256229544,-0.11295910504057648,0.6642125017626253
PCA,PC5,5,PCA 5,24h,0.3343381513553634,-0.3137202398220579,0.515089262060056
PCA,PC5,5,PCA 5,3h,0.5346980884730594,0.3050463477276467,0.8237685190876515
PCA,PC5,5,PCA 5,6h,0.6490877911494527,0.24980041776312442,1.0
PCA,PC6,6,PCA 6,12h,0.5408293611196088,0.07328209960463293,0.9538022885663437
PCA,PC6,6,PCA 6,1h,0.45155430840265504,-0.22209958254842901,0.7963575273998366
PCA,PC6,6,PCA 6,24h,0.3087616981829428,-0.28145477703888616,0.544529634520695
PCA,PC6,6,PCA 6,3h,0.5670245999645557,0.399409355710643,1.0
PCA,PC6,6,PCA 6,6h,0.43385152834044716,0.03086290427203899,0.765137047612338
PCA,PC7,7,PCA 7,12h,0.4735255059593222,-0.05079747211702292,0.7386129973140076
PCA,PC7,7,PCA 7,1h,0.42940067315152713,-0.20215509522576966,0.6697863457271664
PCA,PC7,7,PCA 7,24h,0.30496534673587067,-0.2774806861283869,0.47569004413637034
PCA,PC7,7,PCA 7,3h,0.641100965839099,0.4114804594436194,1.0
PCA,PC7,7,PCA 7,6h,0.46565637641189334,0.11895279402756015,0.7263385975443405
PCA,PC8,8,PCA 8,12h,0.550900085513825,-0.01841940565656787,0.8943020199043138
PCA,PC8,8,PCA 8,1h,0.4307794378808014,-0.15630864721802465,0.6993045228350717
PCA,PC8,8,PCA 8,24h,0.3168209179309087,-0.2718878675841384,0.5143102974639857
PCA,PC8,8,PCA 8,3h,0.6160112280331971,0.38633850407805187,1.0
PCA,PC8,8,PCA 8,6h,0.4877503982171416,0.060277416380679204,0.7917881623268993
VAE,VAE1,1,VAE 1,12h,0.02498791863520936,0.010750537117322259,0.5657622138661985
VAE,VAE1,1,VAE 1,1h,0.032604238328834335,-0.0314743826165795,0.7382065840550119
VAE,VAE1,1,VAE 1,24h,0.005504057432214367,-0.0025088234494129833,0.1246197317814427
VAE,VAE1,1,VAE 1,3h,0.04416682136555508,0.0019150841981172503,1.0
VAE,VAE1,1,VAE 1,6h,0.034288829813400847,0.024398807436227767,0.7763481444499444
VAE,VAE2,2,VAE 2,12h,0.004969320570429116,0.0020759335408608,0.4566590079945605
VAE,VAE2,2,VAE 2,1h,0.00932328278819715,0.008679706603288616,0.856769252248747
VAE,VAE2,2,VAE 2,24h,0.004773816714684117,-0.004035330067078233,0.4386930515708811
VAE,VAE2,2,VAE 2,3h,0.010881906375288908,0.00021195349593955792,1.0
VAE,VAE2,2,VAE 2,6h,0.009113129228353448,-0.001583033551772448,0.837457051555592
VAE,VAE3,3,VAE 3,12h,0.041327554732561056,0.027565636982520375,0.776361891390619
VAE,VAE3,3,VAE 3,1h,0.053232333001991074,-0.053232333001991074,1.0
VAE,VAE3,3,VAE 3,24h,0.017606986065705557,0.01630638788143789,0.3307573625421789
VAE,VAE3,3,VAE 3,3h,0.05207234993576998,0.0007610420385996674,0.9782090507628567
VAE,VAE3,3,VAE 3,6h,0.04460794230302171,0.020908464988072684,0.8379858591084711
VAE,VAE4,4,VAE 4,12h,0.06584892421960825,0.030371683339277884,0.9101991437029662
VAE,VAE4,4,VAE 4,1h,0.07234562312563254,-0.07234562312563254,1.0
VAE,VAE4,4,VAE 4,24h,0.026639868815739893,0.026639868815739893,0.36823055306992314
VAE,VAE4,4,VAE 4,3h,0.061452201257149335,-0.016711298376321786,0.849425281062738
VAE,VAE4,4,VAE 4,6h,0.06230265833437439,0.035877609625458697,0.8611807548631113
VAE,VAE5,5,VAE 5,12h,0.05374288931488986,-0.03245922053853668,0.8033675715863587
VAE,VAE5,5,VAE 5,1h,0.06219040602445599,0.061159424483776065,0.9296440161804735
VAE,VAE5,5,VAE 5,24h,0.035266872805853645,0.03463517036288973,0.5271815922936242
VAE,VAE5,5,VAE 5,3h,0.0668970110515753,-0.01751782620946565,1.0
VAE,VAE5,5,VAE 5,6h,0.05920131256182982,-0.03189511348803834,0.8849619980209226
VAE,VAE6,6,VAE 6,12h,0.1593027462561925,0.028869852423667897,0.7207335095659858
VAE,VAE6,6,VAE 6,1h,0.21937811871369675,-0.21525454024473822,0.9925325528803297
VAE,VAE6,6,VAE 6,24h,0.06246996919314062,0.06121933956940965,0.2826329187485746
VAE,VAE6,6,VAE 6,3h,0.17545141652226448,0.0556862068672975,0.7937949480484847
VAE,VAE6,6,VAE 6,6h,0.2210286383827527,0.058453592161337546,1.0
VAE,VAE7,7,VAE 7,12h,0.015231356024742083,-0.0062149564425150496,0.2750048296039601
VAE,VAE7,7,VAE 7,1h,0.05408286831031237,0.05408286831031237,0.976475762237507
VAE,VAE7,7,VAE 7,24h,0.05538577648500595,-0.05538577648500595,1.0
VAE,VAE7,7,VAE 7,3h,0.04063801715771353,0.025106539328892997,0.7337265943850234
VAE,VAE7,7,VAE 7,6h,0.0250683575868606,-0.0099698503812154,0.452613634362373
VAE,VAE8,8,VAE 8,12h,0.015354244659344317,-0.008916476120551417,0.6920667225325844
VAE,VAE8,8,VAE 8,1h,0.022186075647671957,0.022186075647671957,1.0
VAE,VAE8,8,VAE 8,24h,0.0193541763971249,-0.0193541763971249,0.8723569100043064
VAE,VAE8,8,VAE 8,3h,0.016396551082531567,0.010508079081773735,0.7390469293857339
VAE,VAE8,8,VAE 8,6h,0.018166385591030083,-0.005402050912380216,0.8188192395772493
weighted_CPVAE,CPVAE1,1,weighted CPVAE 1,12h,0.043856535417338166,0.043856535417338166,0.8265069310185409
weighted_CPVAE,CPVAE1,1,weighted CPVAE 1,1h,0.05306251378109053,-0.05306251378109053,1.0
weighted_CPVAE,CPVAE1,1,weighted CPVAE 1,24h,0.03882429205502069,0.03882429205502069,0.7316708027665323
weighted_CPVAE,CPVAE1,1,weighted CPVAE 1,3h,0.044163057270149346,-0.044163057270149346,0.8322835486525213
weighted_CPVAE,CPVAE1,1,weighted CPVAE 1,6h,0.008788380810680426,0.008788380810680426,0.16562315247515227
weighted_CPVAE,CPVAE2,2,weighted CPVAE 2,12h,0.002214629565059975,0.0018723289764844917,0.042892232059981855
weighted_CPVAE,CPVAE2,2,weighted CPVAE 2,1h,0.05163241591071705,-0.043651935741460535,1.0
weighted_CPVAE,CPVAE2,2,weighted CPVAE 2,24h,0.01122482832094339,0.009489881078479775,0.21739885928160715
weighted_CPVAE,CPVAE2,2,weighted CPVAE 2,3h,0.030356101672320265,-0.02566416047435872,0.5879271991613203
weighted_CPVAE,CPVAE2,2,weighted CPVAE 2,6h,0.017892421460904435,-0.015126908668510885,0.34653465551261575
weighted_CPVAE,CPVAE3,3,weighted CPVAE 3,12h,0.013512856518597448,-0.0024439746315086334,0.22812512449871247
weighted_CPVAE,CPVAE3,3,weighted CPVAE 3,1h,0.0037524468498304014,-0.0006786784191111346,0.06334910783772699
weighted_CPVAE,CPVAE3,3,weighted CPVAE 3,24h,0.00014915822096855152,2.6977189691016146e-05,0.002518101015993697
weighted_CPVAE,CPVAE3,3,weighted CPVAE 3,3h,0.05923440720653158,-0.010713306236236023,1.0
weighted_CPVAE,CPVAE3,3,weighted CPVAE 3,6h,0.01825849396603488,-0.0033022840798366663,0.3082413554401466
weighted_CPVAE,CPVAE4,4,weighted CPVAE 4,12h,0.02307036992472902,0.015479919190208117,0.4178107422180086
weighted_CPVAE,CPVAE4,4,weighted CPVAE 4,1h,0.004042019463668059,-0.0027121426561885916,0.0732020837847326
weighted_CPVAE,CPVAE4,4,weighted CPVAE 4,24h,0.010016640459070858,-0.006721035941154692,0.1814041126514137
weighted_CPVAE,CPVAE4,4,weighted CPVAE 4,3h,0.030620892784402973,-0.020546222396660607,0.5545527871192011
weighted_CPVAE,CPVAE4,4,weighted CPVAE 4,6h,0.05521727326170847,0.03705007501412182,1.0
weighted_CPVAE,CPVAE5,5,weighted CPVAE 5,12h,0.050380102009512436,0.008337076869793267,0.9670182570378334
weighted_CPVAE,CPVAE5,5,weighted CPVAE 5,1h,0.008067338213246884,0.0013350114362159337,0.15484810523876524
weighted_CPVAE,CPVAE5,5,weighted CPVAE 5,24h,0.010366585571318816,0.00171549901521455,0.19898088949318682
weighted_CPVAE,CPVAE5,5,weighted CPVAE 5,3h,0.052098397980444106,0.008621426648460342,1.0
weighted_CPVAE,CPVAE5,5,weighted CPVAE 5,6h,0.021035644555619567,0.0034810523696554327,0.40376758923596084
weighted_CPVAE,CPVAE6,6,weighted CPVAE 6,12h,0.015809304711486484,-0.012279433654233183,0.36661353182610806
weighted_CPVAE,CPVAE6,6,weighted CPVAE 6,1h,0.02391236692589394,0.018573259954185524,0.5545213690931196
weighted_CPVAE,CPVAE6,6,weighted CPVAE 6,24h,0.011313568179806026,-0.008787496558700992,0.26235860865788624
weighted_CPVAE,CPVAE6,6,weighted CPVAE 6,3h,0.04312253460132821,-0.03349421844662478,1.0
weighted_CPVAE,CPVAE6,6,weighted CPVAE 6,6h,0.015989545771541658,-0.012419430965868125,0.37079327361822484
weighted_CPVAE,CPVAE7,7,weighted CPVAE 7,12h,0.020512939804954496,-0.009105324361295639,0.37574388038080736
weighted_CPVAE,CPVAE7,7,weighted CPVAE 7,1h,0.002835296910220071,0.0012585373263836294,0.051935289295807804
weighted_CPVAE,CPVAE7,7,weighted CPVAE 7,24h,0.0008833914970954086,-0.00039212156940726905,0.01618144216139457
weighted_CPVAE,CPVAE7,7,weighted CPVAE 7,3h,0.054592877957626684,0.02423279598451698,1.0
weighted_CPVAE,CPVAE7,7,weighted CPVAE 7,6h,0.05393307082294993,-0.023939919613591557,0.9879140437478149
weighted_CPVAE,CPVAE8,8,weighted CPVAE 8,12h,0.0036233881764928338,-0.002924330874520783,0.08036605624194008
weighted_CPVAE,CPVAE8,8,weighted CPVAE 8,1h,0.045086051822484735,-0.03638763712175808,1.0
weighted_CPVAE,CPVAE8,8,weighted CPVAE 8,24h,0.014678389028025124,-0.011846499478754859,0.32556385921343656
weighted_CPVAE,CPVAE8,8,weighted CPVAE 8,3h,0.0015710345493667834,-0.0012679361510284167,0.0348452456106014
weighted_CPVAE,CPVAE8,8,weighted CPVAE 8,6h,0.016209043756437766,-0.013081846254256851,0.3595134881239302
