Gene,Gene_label,Model,Time,Space,Raw_fitness
N900_RS00365,mdtL_1,Observed,1h,st,0.38053
N900_RS00365,mdtL_1,Observed,1h,SI1,1.046
N900_RS00365,mdtL_1,Observed,1h,SI2,1.0636
N900_RS00365,mdtL_1,Observed,1h,SI3,1.4308
N900_RS00365,mdtL_1,Observed,1h,SI4,0.79255
N900_RS00365,mdtL_1,Observed,1h,SI5,0.68461
N900_RS00365,mdtL_1,Observed,1h,SI6,0.3820099999999999
N900_RS00365,mdtL_1,Observed,1h,SI7,0.2639
N900_RS00365,mdtL_1,Observed,1h,SI8,0.4910399999999999
N900_RS00365,mdtL_1,Observed,1h,SI9,0.94944
N900_RS00365,mdtL_1,Observed,1h,ce,1.8793
N900_RS00365,mdtL_1,Observed,1h,co,3.1319
N900_RS00365,mdtL_1,Observed,3h,st,0.4622699999999999
N900_RS00365,mdtL_1,Observed,3h,SI1,4.334
N900_RS00365,mdtL_1,Observed,3h,SI2,0.3930100000000001
N900_RS00365,mdtL_1,Observed,3h,SI3,0.36954
N900_RS00365,mdtL_1,Observed,3h,SI4,0.5051400000000001
N900_RS00365,mdtL_1,Observed,3h,SI5,0.3434900000000001
N900_RS00365,mdtL_1,Observed,3h,SI6,0.95688
N900_RS00365,mdtL_1,Observed,3h,SI7,3.1421
N900_RS00365,mdtL_1,Observed,3h,SI8,1.332
N900_RS00365,mdtL_1,Observed,3h,SI9,1.2672
N900_RS00365,mdtL_1,Observed,3h,ce,0.47985
N900_RS00365,mdtL_1,Observed,3h,co,0.48262
N900_RS00365,mdtL_1,Observed,6h,st,0.3883099999999999
N900_RS00365,mdtL_1,Observed,6h,SI1,2.623
N900_RS00365,mdtL_1,Observed,6h,SI2,3.2392
N900_RS00365,mdtL_1,Observed,6h,SI3,3.5084
N900_RS00365,mdtL_1,Observed,6h,SI4,3.7678
N900_RS00365,mdtL_1,Observed,6h,SI5,3.3166
N900_RS00365,mdtL_1,Observed,6h,SI6,1.2813
N900_RS00365,mdtL_1,Observed,6h,SI7,0.54318
N900_RS00365,mdtL_1,Observed,6h,SI8,0.94348
N900_RS00365,mdtL_1,Observed,6h,SI9,0.81329
N900_RS00365,mdtL_1,Observed,6h,ce,6.1683
N900_RS00365,mdtL_1,Observed,6h,co,0.65952
N900_RS00365,mdtL_1,Observed,12h,st,3.1114000000000006
N900_RS00365,mdtL_1,Observed,12h,SI1,4.928
N900_RS00365,mdtL_1,Observed,12h,SI2,1.5125
N900_RS00365,mdtL_1,Observed,12h,SI3,1.1226
N900_RS00365,mdtL_1,Observed,12h,SI4,1.3808
N900_RS00365,mdtL_1,Observed,12h,SI5,1.1239
N900_RS00365,mdtL_1,Observed,12h,SI6,0.5862799999999999
N900_RS00365,mdtL_1,Observed,12h,SI7,0.7398
N900_RS00365,mdtL_1,Observed,12h,SI8,1.113
N900_RS00365,mdtL_1,Observed,12h,SI9,0.6063
N900_RS00365,mdtL_1,Observed,12h,ce,1.9078
N900_RS00365,mdtL_1,Observed,12h,co,2.4426
N900_RS00365,mdtL_1,Observed,24h,st,2.3766
N900_RS00365,mdtL_1,Observed,24h,SI1,0.99302
N900_RS00365,mdtL_1,Observed,24h,SI2,1.0136
N900_RS00365,mdtL_1,Observed,24h,SI3,1.0302
N900_RS00365,mdtL_1,Observed,24h,SI4,0.90953
N900_RS00365,mdtL_1,Observed,24h,SI5,1.0879
N900_RS00365,mdtL_1,Observed,24h,SI6,0.99459
N900_RS00365,mdtL_1,Observed,24h,SI7,0.88842
N900_RS00365,mdtL_1,Observed,24h,SI8,0.71457
N900_RS00365,mdtL_1,Observed,24h,SI9,0.6400000000000001
N900_RS00365,mdtL_1,Observed,24h,ce,0.59177
N900_RS00365,mdtL_1,Observed,24h,co,0.78588
N900_RS00365,mdtL_1,PCA,1h,st,0.512976908726319
N900_RS00365,mdtL_1,PCA,1h,SI1,2.189765832862157
N900_RS00365,mdtL_1,PCA,1h,SI2,1.4736447466819462
N900_RS00365,mdtL_1,PCA,1h,SI3,0.8242223957795306
N900_RS00365,mdtL_1,PCA,1h,SI4,0.649719828582262
N900_RS00365,mdtL_1,PCA,1h,SI5,0.5532557318189852
N900_RS00365,mdtL_1,PCA,1h,SI6,0.4897068420062069
N900_RS00365,mdtL_1,PCA,1h,SI7,0.5598232202801745
N900_RS00365,mdtL_1,PCA,1h,SI8,0.442994725749956
N900_RS00365,mdtL_1,PCA,1h,SI9,0.6485758700510675
N900_RS00365,mdtL_1,PCA,1h,ce,1.649628646279539
N900_RS00365,mdtL_1,PCA,1h,co,2.1117775787914788
N900_RS00365,mdtL_1,PCA,3h,st,0.6637776791786371
N900_RS00365,mdtL_1,PCA,3h,SI1,4.595017413396891
N900_RS00365,mdtL_1,PCA,3h,SI2,0.9229055282885904
N900_RS00365,mdtL_1,PCA,3h,SI3,0.987371680319808
N900_RS00365,mdtL_1,PCA,3h,SI4,-0.8944433269053438
N900_RS00365,mdtL_1,PCA,3h,SI5,2.169477040112233
N900_RS00365,mdtL_1,PCA,3h,SI6,2.0396301893622053
N900_RS00365,mdtL_1,PCA,3h,SI7,2.53000914455777
N900_RS00365,mdtL_1,PCA,3h,SI8,2.0570846515057912
N900_RS00365,mdtL_1,PCA,3h,SI9,1.932275035939483
N900_RS00365,mdtL_1,PCA,3h,ce,0.851566385719992
N900_RS00365,mdtL_1,PCA,3h,co,0.7126056014535173
N900_RS00365,mdtL_1,PCA,6h,st,1.0388937446070503
N900_RS00365,mdtL_1,PCA,6h,SI1,2.192587176699901
N900_RS00365,mdtL_1,PCA,6h,SI2,3.4127247068353745
N900_RS00365,mdtL_1,PCA,6h,SI3,3.2739831950091265
N900_RS00365,mdtL_1,PCA,6h,SI4,2.879796486049106
N900_RS00365,mdtL_1,PCA,6h,SI5,2.4519289475855324
N900_RS00365,mdtL_1,PCA,6h,SI6,1.2280807853684856
N900_RS00365,mdtL_1,PCA,6h,SI7,1.0945187941065084
N900_RS00365,mdtL_1,PCA,6h,SI8,1.2938229539559194
N900_RS00365,mdtL_1,PCA,6h,SI9,1.2282230449860947
N900_RS00365,mdtL_1,PCA,6h,ce,2.1894265742545893
N900_RS00365,mdtL_1,PCA,6h,co,1.3526449844529294
N900_RS00365,mdtL_1,PCA,12h,st,1.1619521063350169
N900_RS00365,mdtL_1,PCA,12h,SI1,2.8971654708396617
N900_RS00365,mdtL_1,PCA,12h,SI2,2.946738790118198
N900_RS00365,mdtL_1,PCA,12h,SI3,2.800815465944268
N900_RS00365,mdtL_1,PCA,12h,SI4,2.075954905785723
N900_RS00365,mdtL_1,PCA,12h,SI5,1.3245669884569675
N900_RS00365,mdtL_1,PCA,12h,SI6,1.0877221943701567
N900_RS00365,mdtL_1,PCA,12h,SI7,1.0401019204631086
N900_RS00365,mdtL_1,PCA,12h,SI8,1.2994048797658002
N900_RS00365,mdtL_1,PCA,12h,SI9,1.2113349206285609
N900_RS00365,mdtL_1,PCA,12h,ce,1.5032949339693515
N900_RS00365,mdtL_1,PCA,12h,co,1.240255161198344
N900_RS00365,mdtL_1,PCA,24h,st,1.2739013538143409
N900_RS00365,mdtL_1,PCA,24h,SI1,1.391383333042875
N900_RS00365,mdtL_1,PCA,24h,SI2,1.1739954914770323
N900_RS00365,mdtL_1,PCA,24h,SI3,1.081944994272479
N900_RS00365,mdtL_1,PCA,24h,SI4,0.9325231498902028
N900_RS00365,mdtL_1,PCA,24h,SI5,0.9281683429120928
N900_RS00365,mdtL_1,PCA,24h,SI6,0.8855406305062052
N900_RS00365,mdtL_1,PCA,24h,SI7,0.8157798732752586
N900_RS00365,mdtL_1,PCA,24h,SI8,0.7557869523991644
N900_RS00365,mdtL_1,PCA,24h,SI9,0.7243451337685386
N900_RS00365,mdtL_1,PCA,24h,ce,0.6957105064600035
N900_RS00365,mdtL_1,PCA,24h,co,0.858831755856847
N900_RS00365,mdtL_1,CP,1h,st,0.5498635373716639
N900_RS00365,mdtL_1,CP,1h,SI1,1.981258998301911
N900_RS00365,mdtL_1,CP,1h,SI2,1.403116928713654
N900_RS00365,mdtL_1,CP,1h,SI3,0.9202318862358578
N900_RS00365,mdtL_1,CP,1h,SI4,0.7171798959083353
N900_RS00365,mdtL_1,CP,1h,SI5,0.6083073533302803
N900_RS00365,mdtL_1,CP,1h,SI6,0.6435791860060481
N900_RS00365,mdtL_1,CP,1h,SI7,0.6670804615783102
N900_RS00365,mdtL_1,CP,1h,SI8,0.7200568134707862
N900_RS00365,mdtL_1,CP,1h,SI9,0.8452705440067786
N900_RS00365,mdtL_1,CP,1h,ce,1.6105458800370172
N900_RS00365,mdtL_1,CP,1h,co,1.658537368103132
N900_RS00365,mdtL_1,CP,3h,st,0.5847689078207073
N900_RS00365,mdtL_1,CP,3h,SI1,4.536308896854839
N900_RS00365,mdtL_1,CP,3h,SI2,0.2500243258048187
N900_RS00365,mdtL_1,CP,3h,SI3,0.2397263313806827
N900_RS00365,mdtL_1,CP,3h,SI4,0.3203291100961092
N900_RS00365,mdtL_1,CP,3h,SI5,1.5855058038039611
N900_RS00365,mdtL_1,CP,3h,SI6,1.5085833411101
N900_RS00365,mdtL_1,CP,3h,SI7,1.800014858086554
N900_RS00365,mdtL_1,CP,3h,SI8,1.5987341862957989
N900_RS00365,mdtL_1,CP,3h,SI9,1.7737938338749262
N900_RS00365,mdtL_1,CP,3h,ce,0.5846693705503008
N900_RS00365,mdtL_1,CP,3h,co,0.6791103528407983
N900_RS00365,mdtL_1,CP,6h,st,-0.054362434417247
N900_RS00365,mdtL_1,CP,6h,SI1,3.064072691700217
N900_RS00365,mdtL_1,CP,6h,SI2,3.880582082556875
N900_RS00365,mdtL_1,CP,6h,SI3,3.644583217290031
N900_RS00365,mdtL_1,CP,6h,SI4,3.4030472337561815
N900_RS00365,mdtL_1,CP,6h,SI5,2.3157245178500143
N900_RS00365,mdtL_1,CP,6h,SI6,1.369157447802197
N900_RS00365,mdtL_1,CP,6h,SI7,1.223990634337468
N900_RS00365,mdtL_1,CP,6h,SI8,1.435913359475682
N900_RS00365,mdtL_1,CP,6h,SI9,1.2911452862850383
N900_RS00365,mdtL_1,CP,6h,ce,1.766019237260961
N900_RS00365,mdtL_1,CP,6h,co,1.2936552533001775
N900_RS00365,mdtL_1,CP,12h,st,1.5130610253733583
N900_RS00365,mdtL_1,CP,12h,SI1,2.8431867482517688
N900_RS00365,mdtL_1,CP,12h,SI2,2.803998497201489
N900_RS00365,mdtL_1,CP,12h,SI3,2.5101029028368003
N900_RS00365,mdtL_1,CP,12h,SI4,1.9597201060782703
N900_RS00365,mdtL_1,CP,12h,SI5,1.3139904708652794
N900_RS00365,mdtL_1,CP,12h,SI6,0.991594806754989
N900_RS00365,mdtL_1,CP,12h,SI7,0.9217905067434864
N900_RS00365,mdtL_1,CP,12h,SI8,1.0330081267537925
N900_RS00365,mdtL_1,CP,12h,SI9,1.0091235085887993
N900_RS00365,mdtL_1,CP,12h,ce,1.258302867323699
N900_RS00365,mdtL_1,CP,12h,co,1.1910155742291932
N900_RS00365,mdtL_1,CP,24h,st,1.4462864770558348
N900_RS00365,mdtL_1,CP,24h,SI1,1.3913547646206406
N900_RS00365,mdtL_1,CP,24h,SI2,1.331124614637239
N900_RS00365,mdtL_1,CP,24h,SI3,1.3078744339985628
N900_RS00365,mdtL_1,CP,24h,SI4,1.0935772238893755
N900_RS00365,mdtL_1,CP,24h,SI5,1.0103120477511327
N900_RS00365,mdtL_1,CP,24h,SI6,0.9980840645103785
N900_RS00365,mdtL_1,CP,24h,SI7,0.9941581750818668
N900_RS00365,mdtL_1,CP,24h,SI8,1.0315529642983412
N900_RS00365,mdtL_1,CP,24h,SI9,1.0465884068267712
N900_RS00365,mdtL_1,CP,24h,ce,1.1178174260221236
N900_RS00365,mdtL_1,CP,24h,co,1.1813467411824865
N900_RS00365,mdtL_1,VAE,1h,st,1.109097121433936
N900_RS00365,mdtL_1,VAE,1h,SI1,2.0904704492083885
N900_RS00365,mdtL_1,VAE,1h,SI2,1.451330114315459
N900_RS00365,mdtL_1,VAE,1h,SI3,0.9607420597712212
N900_RS00365,mdtL_1,VAE,1h,SI4,0.8934142660640656
N900_RS00365,mdtL_1,VAE,1h,SI5,0.8309486447458224
N900_RS00365,mdtL_1,VAE,1h,SI6,0.8438278535900177
N900_RS00365,mdtL_1,VAE,1h,SI7,0.830949391697882
N900_RS00365,mdtL_1,VAE,1h,SI8,0.8033063019204066
N900_RS00365,mdtL_1,VAE,1h,SI9,0.9312762575780018
N900_RS00365,mdtL_1,VAE,1h,ce,1.577123603396127
N900_RS00365,mdtL_1,VAE,1h,co,1.6176353233092535
N900_RS00365,mdtL_1,VAE,3h,st,0.9758385958042272
N900_RS00365,mdtL_1,VAE,3h,SI1,2.596677768508041
N900_RS00365,mdtL_1,VAE,3h,SI2,2.2868091136157425
N900_RS00365,mdtL_1,VAE,3h,SI3,2.0701219812017904
N900_RS00365,mdtL_1,VAE,3h,SI4,2.2773751091034695
N900_RS00365,mdtL_1,VAE,3h,SI5,2.4928199108519573
N900_RS00365,mdtL_1,VAE,3h,SI6,1.6758443449470737
N900_RS00365,mdtL_1,VAE,3h,SI7,1.872806639628956
N900_RS00365,mdtL_1,VAE,3h,SI8,1.619380446079811
N900_RS00365,mdtL_1,VAE,3h,SI9,1.2999381159770025
N900_RS00365,mdtL_1,VAE,3h,ce,0.8830699884244072
N900_RS00365,mdtL_1,VAE,3h,co,0.7899221908315502
N900_RS00365,mdtL_1,VAE,6h,st,1.5178128461442542
N900_RS00365,mdtL_1,VAE,6h,SI1,2.194626714212266
N900_RS00365,mdtL_1,VAE,6h,SI2,2.246364871484296
N900_RS00365,mdtL_1,VAE,6h,SI3,2.2770994837934913
N900_RS00365,mdtL_1,VAE,6h,SI4,2.478070968959869
N900_RS00365,mdtL_1,VAE,6h,SI5,2.0428985290913775
N900_RS00365,mdtL_1,VAE,6h,SI6,1.137282629123264
N900_RS00365,mdtL_1,VAE,6h,SI7,1.019859057658843
N900_RS00365,mdtL_1,VAE,6h,SI8,1.0954763012374042
N900_RS00365,mdtL_1,VAE,6h,SI9,0.9485887762861116
N900_RS00365,mdtL_1,VAE,6h,ce,1.48255206382479
N900_RS00365,mdtL_1,VAE,6h,co,1.2228601609614638
N900_RS00365,mdtL_1,VAE,12h,st,1.3524631312223765
N900_RS00365,mdtL_1,VAE,12h,SI1,2.310567268383831
N900_RS00365,mdtL_1,VAE,12h,SI2,2.392140483599724
N900_RS00365,mdtL_1,VAE,12h,SI3,2.101866323305102
N900_RS00365,mdtL_1,VAE,12h,SI4,1.703864159995789
N900_RS00365,mdtL_1,VAE,12h,SI5,1.243063309444874
N900_RS00365,mdtL_1,VAE,12h,SI6,0.9513139561802192
N900_RS00365,mdtL_1,VAE,12h,SI7,0.9035302751543218
N900_RS00365,mdtL_1,VAE,12h,SI8,1.1420139541851424
N900_RS00365,mdtL_1,VAE,12h,SI9,1.0095806611908382
N900_RS00365,mdtL_1,VAE,12h,ce,1.2534625067347118
N900_RS00365,mdtL_1,VAE,12h,co,1.050471393915888
N900_RS00365,mdtL_1,VAE,24h,st,1.528916503258366
N900_RS00365,mdtL_1,VAE,24h,SI1,1.591168953795711
N900_RS00365,mdtL_1,VAE,24h,SI2,1.372077513418638
N900_RS00365,mdtL_1,VAE,24h,SI3,1.3415007694272316
N900_RS00365,mdtL_1,VAE,24h,SI4,1.1808230062153977
N900_RS00365,mdtL_1,VAE,24h,SI5,1.1181206757894793
N900_RS00365,mdtL_1,VAE,24h,SI6,1.0152008031821915
N900_RS00365,mdtL_1,VAE,24h,SI7,1.0319623327035652
N900_RS00365,mdtL_1,VAE,24h,SI8,1.0302257438602886
N900_RS00365,mdtL_1,VAE,24h,SI9,1.0440795757518009
N900_RS00365,mdtL_1,VAE,24h,ce,1.0139561196177398
N900_RS00365,mdtL_1,VAE,24h,co,1.062741762136334
N900_RS00365,mdtL_1,CPVAE,1h,st,-0.0266089759454972
N900_RS00365,mdtL_1,CPVAE,1h,SI1,1.103915216215928
N900_RS00365,mdtL_1,CPVAE,1h,SI2,0.8192914494710712
N900_RS00365,mdtL_1,CPVAE,1h,SI3,0.8596396335676577
N900_RS00365,mdtL_1,CPVAE,1h,SI4,0.3865505252944703
N900_RS00365,mdtL_1,CPVAE,1h,SI5,0.5069983375838455
N900_RS00365,mdtL_1,CPVAE,1h,SI6,0.7453628404135629
N900_RS00365,mdtL_1,CPVAE,1h,SI7,0.493153431769445
N900_RS00365,mdtL_1,CPVAE,1h,SI8,0.6193910935581061
N900_RS00365,mdtL_1,CPVAE,1h,SI9,0.9697445874262878
N900_RS00365,mdtL_1,CPVAE,1h,ce,2.325783279398764
N900_RS00365,mdtL_1,CPVAE,1h,co,2.2684408155190443
N900_RS00365,mdtL_1,CPVAE,3h,st,0.7583647361335414
N900_RS00365,mdtL_1,CPVAE,3h,SI1,4.301653285072533
N900_RS00365,mdtL_1,CPVAE,3h,SI2,0.5545422843462261
N900_RS00365,mdtL_1,CPVAE,3h,SI3,0.7606112691478811
N900_RS00365,mdtL_1,CPVAE,3h,SI4,0.5449652385145473
N900_RS00365,mdtL_1,CPVAE,3h,SI5,0.942899578576852
N900_RS00365,mdtL_1,CPVAE,3h,SI6,1.6472847823401182
N900_RS00365,mdtL_1,CPVAE,3h,SI7,2.247023608505624
N900_RS00365,mdtL_1,CPVAE,3h,SI8,2.0583301851659064
N900_RS00365,mdtL_1,CPVAE,3h,SI9,1.9914802540388556
N900_RS00365,mdtL_1,CPVAE,3h,ce,1.0352921329422853
N900_RS00365,mdtL_1,CPVAE,3h,co,0.8316360273786346
N900_RS00365,mdtL_1,CPVAE,6h,st,0.2623981295704893
N900_RS00365,mdtL_1,CPVAE,6h,SI1,2.8480555954242477
N900_RS00365,mdtL_1,CPVAE,6h,SI2,3.7618456718871744
N900_RS00365,mdtL_1,CPVAE,6h,SI3,3.424796551975491
N900_RS00365,mdtL_1,CPVAE,6h,SI4,3.940083073559124
N900_RS00365,mdtL_1,CPVAE,6h,SI5,2.5390159826228578
N900_RS00365,mdtL_1,CPVAE,6h,SI6,1.098357780849975
N900_RS00365,mdtL_1,CPVAE,6h,SI7,0.9121349761424654
N900_RS00365,mdtL_1,CPVAE,6h,SI8,0.9636369471732612
N900_RS00365,mdtL_1,CPVAE,6h,SI9,0.972719286655892
N900_RS00365,mdtL_1,CPVAE,6h,ce,7.622176976774531
N900_RS00365,mdtL_1,CPVAE,6h,co,1.1866457963005104
N900_RS00365,mdtL_1,CPVAE,12h,st,2.7793253992252636
N900_RS00365,mdtL_1,CPVAE,12h,SI1,3.664245330414869
N900_RS00365,mdtL_1,CPVAE,12h,SI2,2.6918925691877216
N900_RS00365,mdtL_1,CPVAE,12h,SI3,2.4142793956930935
N900_RS00365,mdtL_1,CPVAE,12h,SI4,1.839788258745252
N900_RS00365,mdtL_1,CPVAE,12h,SI5,0.8713893388549857
N900_RS00365,mdtL_1,CPVAE,12h,SI6,0.709596534945538
N900_RS00365,mdtL_1,CPVAE,12h,SI7,0.7266826898319975
N900_RS00365,mdtL_1,CPVAE,12h,SI8,1.0094609621232935
N900_RS00365,mdtL_1,CPVAE,12h,SI9,0.8982297912968583
N900_RS00365,mdtL_1,CPVAE,12h,ce,1.2800131231036729
N900_RS00365,mdtL_1,CPVAE,12h,co,0.9736034164611927
N900_RS00365,mdtL_1,CPVAE,24h,st,1.6285933527824532
N900_RS00365,mdtL_1,CPVAE,24h,SI1,1.3002761397946567
N900_RS00365,mdtL_1,CPVAE,24h,SI2,1.1916800104225411
N900_RS00365,mdtL_1,CPVAE,24h,SI3,1.007606354854606
N900_RS00365,mdtL_1,CPVAE,24h,SI4,0.95365217755987
N900_RS00365,mdtL_1,CPVAE,24h,SI5,0.7911294894454209
N900_RS00365,mdtL_1,CPVAE,24h,SI6,0.8226225568758956
N900_RS00365,mdtL_1,CPVAE,24h,SI7,0.800648198321248
N900_RS00365,mdtL_1,CPVAE,24h,SI8,0.7134104721616634
N900_RS00365,mdtL_1,CPVAE,24h,SI9,0.8093383132774026
N900_RS00365,mdtL_1,CPVAE,24h,ce,0.8100893735732926
N900_RS00365,mdtL_1,CPVAE,24h,co,1.004140982817075
N900_RS14590,N900_RS14590,Observed,1h,st,5.430000000000001
N900_RS14590,N900_RS14590,Observed,1h,SI1,0.77556
N900_RS14590,N900_RS14590,Observed,1h,SI2,1.0747
N900_RS14590,N900_RS14590,Observed,1h,SI3,0.5782800000000001
N900_RS14590,N900_RS14590,Observed,1h,SI4,0.43242
N900_RS14590,N900_RS14590,Observed,1h,SI5,0.6247600000000001
N900_RS14590,N900_RS14590,Observed,1h,SI6,0.49635
N900_RS14590,N900_RS14590,Observed,1h,SI7,0.67756
N900_RS14590,N900_RS14590,Observed,1h,SI8,0.4451199999999999
N900_RS14590,N900_RS14590,Observed,1h,SI9,0.73046
N900_RS14590,N900_RS14590,Observed,1h,ce,-0.2306099999999999
N900_RS14590,N900_RS14590,Observed,1h,co,0.7428
N900_RS14590,N900_RS14590,Observed,3h,st,0.38812
N900_RS14590,N900_RS14590,Observed,3h,SI1,4.8345
N900_RS14590,N900_RS14590,Observed,3h,SI2,4.7912
N900_RS14590,N900_RS14590,Observed,3h,SI3,3.5565
N900_RS14590,N900_RS14590,Observed,3h,SI4,0.36121
N900_RS14590,N900_RS14590,Observed,3h,SI5,4.3965
N900_RS14590,N900_RS14590,Observed,3h,SI6,1.2577
N900_RS14590,N900_RS14590,Observed,3h,SI7,1.3841
N900_RS14590,N900_RS14590,Observed,3h,SI8,2.6121
N900_RS14590,N900_RS14590,Observed,3h,SI9,1.3547
N900_RS14590,N900_RS14590,Observed,3h,ce,0.73553
N900_RS14590,N900_RS14590,Observed,3h,co,0.65625
N900_RS14590,N900_RS14590,Observed,6h,st,0.4856499999999999
N900_RS14590,N900_RS14590,Observed,6h,SI1,3.0171
N900_RS14590,N900_RS14590,Observed,6h,SI2,4.9461
N900_RS14590,N900_RS14590,Observed,6h,SI3,-0.13646
N900_RS14590,N900_RS14590,Observed,6h,SI4,2.8037
N900_RS14590,N900_RS14590,Observed,6h,SI5,3.4886999999999997
N900_RS14590,N900_RS14590,Observed,6h,SI6,0.72162
N900_RS14590,N900_RS14590,Observed,6h,SI7,0.5405800000000001
N900_RS14590,N900_RS14590,Observed,6h,SI8,0.94422
N900_RS14590,N900_RS14590,Observed,6h,SI9,0.51231
N900_RS14590,N900_RS14590,Observed,6h,ce,1.1446
N900_RS14590,N900_RS14590,Observed,6h,co,1.849
N900_RS14590,N900_RS14590,Observed,12h,st,0.92441
N900_RS14590,N900_RS14590,Observed,12h,SI1,4.416900000000001
N900_RS14590,N900_RS14590,Observed,12h,SI2,4.5807
N900_RS14590,N900_RS14590,Observed,12h,SI3,2.082
N900_RS14590,N900_RS14590,Observed,12h,SI4,1.4258
N900_RS14590,N900_RS14590,Observed,12h,SI5,1.9435
N900_RS14590,N900_RS14590,Observed,12h,SI6,1.3613
N900_RS14590,N900_RS14590,Observed,12h,SI7,1.2781
N900_RS14590,N900_RS14590,Observed,12h,SI8,0.98621
N900_RS14590,N900_RS14590,Observed,12h,SI9,1.418
N900_RS14590,N900_RS14590,Observed,12h,ce,1.8072
N900_RS14590,N900_RS14590,Observed,12h,co,0.50166
N900_RS14590,N900_RS14590,Observed,24h,st,1.1235
N900_RS14590,N900_RS14590,Observed,24h,SI1,1.6334
N900_RS14590,N900_RS14590,Observed,24h,SI2,1.6998
N900_RS14590,N900_RS14590,Observed,24h,SI3,1.3584
N900_RS14590,N900_RS14590,Observed,24h,SI4,1.2276
N900_RS14590,N900_RS14590,Observed,24h,SI5,1.2521
N900_RS14590,N900_RS14590,Observed,24h,SI6,1.0604
N900_RS14590,N900_RS14590,Observed,24h,SI7,1.0504
N900_RS14590,N900_RS14590,Observed,24h,SI8,0.92232
N900_RS14590,N900_RS14590,Observed,24h,SI9,1.0027
N900_RS14590,N900_RS14590,Observed,24h,ce,0.8640299999999999
N900_RS14590,N900_RS14590,Observed,24h,co,0.93848
N900_RS14590,N900_RS14590,PCA,1h,st,1.1259551239266885
N900_RS14590,N900_RS14590,PCA,1h,SI1,1.7203966929777237
N900_RS14590,N900_RS14590,PCA,1h,SI2,1.175160625285596
N900_RS14590,N900_RS14590,PCA,1h,SI3,0.497559825338691
N900_RS14590,N900_RS14590,PCA,1h,SI4,0.2291121836622183
N900_RS14590,N900_RS14590,PCA,1h,SI5,0.1125409767523235
N900_RS14590,N900_RS14590,PCA,1h,SI6,0.0586434857566429
N900_RS14590,N900_RS14590,PCA,1h,SI7,0.1494944761118668
N900_RS14590,N900_RS14590,PCA,1h,SI8,0.1791168807112337
N900_RS14590,N900_RS14590,PCA,1h,SI9,0.38559917532227
N900_RS14590,N900_RS14590,PCA,1h,ce,1.3280551679186194
N900_RS14590,N900_RS14590,PCA,1h,co,1.6299935198556446
N900_RS14590,N900_RS14590,PCA,3h,st,1.6882208657320774
N900_RS14590,N900_RS14590,PCA,3h,SI1,4.521442162614612
N900_RS14590,N900_RS14590,PCA,3h,SI2,4.6984855829778756
N900_RS14590,N900_RS14590,PCA,3h,SI3,2.219722301479118
N900_RS14590,N900_RS14590,PCA,3h,SI4,1.8075294396488089
N900_RS14590,N900_RS14590,PCA,3h,SI5,2.8532842429611285
N900_RS14590,N900_RS14590,PCA,3h,SI6,1.8870391660639911
N900_RS14590,N900_RS14590,PCA,3h,SI7,2.28214448106021
N900_RS14590,N900_RS14590,PCA,3h,SI8,1.903181286614903
N900_RS14590,N900_RS14590,PCA,3h,SI9,1.714805904496783
N900_RS14590,N900_RS14590,PCA,3h,ce,0.5991131289314089
N900_RS14590,N900_RS14590,PCA,3h,co,0.4522413221775123
N900_RS14590,N900_RS14590,PCA,6h,st,1.2679688359938233
N900_RS14590,N900_RS14590,PCA,6h,SI1,2.576453855846272
N900_RS14590,N900_RS14590,PCA,6h,SI2,3.293350584054892
N900_RS14590,N900_RS14590,PCA,6h,SI3,3.2889497594963366
N900_RS14590,N900_RS14590,PCA,6h,SI4,2.844745981290351
N900_RS14590,N900_RS14590,PCA,6h,SI5,2.5230744234730267
N900_RS14590,N900_RS14590,PCA,6h,SI6,1.0309682586173894
N900_RS14590,N900_RS14590,PCA,6h,SI7,0.9096811148675128
N900_RS14590,N900_RS14590,PCA,6h,SI8,1.0332169653718415
N900_RS14590,N900_RS14590,PCA,6h,SI9,0.9692922635308068
N900_RS14590,N900_RS14590,PCA,6h,ce,1.6695299139911657
N900_RS14590,N900_RS14590,PCA,6h,co,1.0587131139770836
N900_RS14590,N900_RS14590,PCA,12h,st,1.847584904583778
N900_RS14590,N900_RS14590,PCA,12h,SI1,3.3217506106755827
N900_RS14590,N900_RS14590,PCA,12h,SI2,3.308437873614177
N900_RS14590,N900_RS14590,PCA,12h,SI3,3.0393628013623872
N900_RS14590,N900_RS14590,PCA,12h,SI4,2.19377158145889
N900_RS14590,N900_RS14590,PCA,12h,SI5,1.2749460026501218
N900_RS14590,N900_RS14590,PCA,12h,SI6,0.9334211386186432
N900_RS14590,N900_RS14590,PCA,12h,SI7,0.8233503331664683
N900_RS14590,N900_RS14590,PCA,12h,SI8,1.1156338802801808
N900_RS14590,N900_RS14590,PCA,12h,SI9,1.020999692130014
N900_RS14590,N900_RS14590,PCA,12h,ce,1.284060987875176
N900_RS14590,N900_RS14590,PCA,12h,co,1.0568265526643126
N900_RS14590,N900_RS14590,PCA,24h,st,1.952262986950045
N900_RS14590,N900_RS14590,PCA,24h,SI1,2.046341878721205
N900_RS14590,N900_RS14590,PCA,24h,SI2,1.7170908329625878
N900_RS14590,N900_RS14590,PCA,24h,SI3,1.6051196633132323
N900_RS14590,N900_RS14590,PCA,24h,SI4,1.3303595687165877
N900_RS14590,N900_RS14590,PCA,24h,SI5,1.2529594517429148
N900_RS14590,N900_RS14590,PCA,24h,SI6,1.1356301542963494
N900_RS14590,N900_RS14590,PCA,24h,SI7,1.050039677019135
N900_RS14590,N900_RS14590,PCA,24h,SI8,1.0091788944290925
N900_RS14590,N900_RS14590,PCA,24h,SI9,1.0947648870057167
N900_RS14590,N900_RS14590,PCA,24h,ce,1.022934695289889
N900_RS14590,N900_RS14590,PCA,24h,co,1.1602278615850223
N900_RS14590,N900_RS14590,CP,1h,st,1.50799767547986
N900_RS14590,N900_RS14590,CP,1h,SI1,1.902937893939899
N900_RS14590,N900_RS14590,CP,1h,SI2,1.220495872532616
N900_RS14590,N900_RS14590,CP,1h,SI3,0.4784163115773192
N900_RS14590,N900_RS14590,CP,1h,SI4,0.0180678008787833
N900_RS14590,N900_RS14590,CP,1h,SI5,-0.1229824076442978
N900_RS14590,N900_RS14590,CP,1h,SI6,0.1425087478995188
N900_RS14590,N900_RS14590,CP,1h,SI7,0.1614471568788922
N900_RS14590,N900_RS14590,CP,1h,SI8,0.2619726043732824
N900_RS14590,N900_RS14590,CP,1h,SI9,0.4794589101704167
N900_RS14590,N900_RS14590,CP,1h,ce,1.4256124237658263
N900_RS14590,N900_RS14590,CP,1h,co,1.6719249362853392
N900_RS14590,N900_RS14590,CP,3h,st,0.9672244937349732
N900_RS14590,N900_RS14590,CP,3h,SI1,4.394488744962726
N900_RS14590,N900_RS14590,CP,3h,SI2,4.691851878215692
N900_RS14590,N900_RS14590,CP,3h,SI3,2.496738019158455
N900_RS14590,N900_RS14590,CP,3h,SI4,1.6841304328972655
N900_RS14590,N900_RS14590,CP,3h,SI5,2.7533126329123645
N900_RS14590,N900_RS14590,CP,3h,SI6,2.020324032423453
N900_RS14590,N900_RS14590,CP,3h,SI7,2.327797642876998
N900_RS14590,N900_RS14590,CP,3h,SI8,2.3187780243762024
N900_RS14590,N900_RS14590,CP,3h,SI9,2.304926194806077
N900_RS14590,N900_RS14590,CP,3h,ce,1.027412901461484
N900_RS14590,N900_RS14590,CP,3h,co,0.8631427439060465
N900_RS14590,N900_RS14590,CP,6h,st,1.52053190009208
N900_RS14590,N900_RS14590,CP,6h,SI1,2.19203977321859
N900_RS14590,N900_RS14590,CP,6h,SI2,3.024533924689398
N900_RS14590,N900_RS14590,CP,6h,SI3,3.011563723067783
N900_RS14590,N900_RS14590,CP,6h,SI4,2.2851371016246795
N900_RS14590,N900_RS14590,CP,6h,SI5,1.780877682170832
N900_RS14590,N900_RS14590,CP,6h,SI6,0.9723528795256844
N900_RS14590,N900_RS14590,CP,6h,SI7,0.930817152606432
N900_RS14590,N900_RS14590,CP,6h,SI8,1.1835910875561362
N900_RS14590,N900_RS14590,CP,6h,SI9,1.155056315459499
N900_RS14590,N900_RS14590,CP,6h,ce,1.3964980742205038
N900_RS14590,N900_RS14590,CP,6h,co,1.2037760088476133
N900_RS14590,N900_RS14590,CP,12h,st,2.128346966358359
N900_RS14590,N900_RS14590,CP,12h,SI1,3.461856329128792
N900_RS14590,N900_RS14590,CP,12h,SI2,3.250710740519976
N900_RS14590,N900_RS14590,CP,12h,SI3,2.9293992049878175
N900_RS14590,N900_RS14590,CP,12h,SI4,2.1475416528834574
N900_RS14590,N900_RS14590,CP,12h,SI5,1.252665869612903
N900_RS14590,N900_RS14590,CP,12h,SI6,0.8097559740484304
N900_RS14590,N900_RS14590,CP,12h,SI7,0.7735379551669549
N900_RS14590,N900_RS14590,CP,12h,SI8,0.9290685531141386
N900_RS14590,N900_RS14590,CP,12h,SI9,0.947418930365933
N900_RS14590,N900_RS14590,CP,12h,ce,1.24065894311135
N900_RS14590,N900_RS14590,CP,12h,co,1.2270000536135672
N900_RS14590,N900_RS14590,CP,24h,st,1.794495145637384
N900_RS14590,N900_RS14590,CP,24h,SI1,1.7628479970946926
N900_RS14590,N900_RS14590,CP,24h,SI2,1.6333114384314542
N900_RS14590,N900_RS14590,CP,24h,SI3,1.5632521257297818
N900_RS14590,N900_RS14590,CP,24h,SI4,1.2399321080892969
N900_RS14590,N900_RS14590,CP,24h,SI5,1.0660634797773505
N900_RS14590,N900_RS14590,CP,24h,SI6,1.0267454477975546
N900_RS14590,N900_RS14590,CP,24h,SI7,1.027749024536639
N900_RS14590,N900_RS14590,CP,24h,SI8,1.0888956530263756
N900_RS14590,N900_RS14590,CP,24h,SI9,1.1289956669878376
N900_RS14590,N900_RS14590,CP,24h,ce,1.275511428635848
N900_RS14590,N900_RS14590,CP,24h,co,1.3569828438924083
N900_RS14590,N900_RS14590,VAE,1h,st,1.353170531068422
N900_RS14590,N900_RS14590,VAE,1h,SI1,2.087073317167424
N900_RS14590,N900_RS14590,VAE,1h,SI2,1.4062249290584168
N900_RS14590,N900_RS14590,VAE,1h,SI3,0.8342567753780549
N900_RS14590,N900_RS14590,VAE,1h,SI4,0.6772172810804903
N900_RS14590,N900_RS14590,VAE,1h,SI5,0.5335413620123981
N900_RS14590,N900_RS14590,VAE,1h,SI6,0.5737750114415767
N900_RS14590,N900_RS14590,VAE,1h,SI7,0.6659257302491397
N900_RS14590,N900_RS14590,VAE,1h,SI8,0.592720420355665
N900_RS14590,N900_RS14590,VAE,1h,SI9,0.7842271376883331
N900_RS14590,N900_RS14590,VAE,1h,ce,1.4883818758319218
N900_RS14590,N900_RS14590,VAE,1h,co,1.5956054650470055
N900_RS14590,N900_RS14590,VAE,3h,st,1.693381120291276
N900_RS14590,N900_RS14590,VAE,3h,SI1,3.155049025993412
N900_RS14590,N900_RS14590,VAE,3h,SI2,3.020563949985618
N900_RS14590,N900_RS14590,VAE,3h,SI3,2.732798052156532
N900_RS14590,N900_RS14590,VAE,3h,SI4,2.642982274967732
N900_RS14590,N900_RS14590,VAE,3h,SI5,2.6284023274764614
N900_RS14590,N900_RS14590,VAE,3h,SI6,1.6980215496497946
N900_RS14590,N900_RS14590,VAE,3h,SI7,1.8229502031468163
N900_RS14590,N900_RS14590,VAE,3h,SI8,1.6726778223070653
N900_RS14590,N900_RS14590,VAE,3h,SI9,1.464541883561134
N900_RS14590,N900_RS14590,VAE,3h,ce,0.8168042168533795
N900_RS14590,N900_RS14590,VAE,3h,co,0.710716255357739
N900_RS14590,N900_RS14590,VAE,6h,st,2.3679039617023556
N900_RS14590,N900_RS14590,VAE,6h,SI1,2.8647957290762625
N900_RS14590,N900_RS14590,VAE,6h,SI2,3.0237252028692545
N900_RS14590,N900_RS14590,VAE,6h,SI3,2.9191968278627956
N900_RS14590,N900_RS14590,VAE,6h,SI4,3.0082853295012804
N900_RS14590,N900_RS14590,VAE,6h,SI5,2.067909783119362
N900_RS14590,N900_RS14590,VAE,6h,SI6,0.9623782108674248
N900_RS14590,N900_RS14590,VAE,6h,SI7,0.8750524216671106
N900_RS14590,N900_RS14590,VAE,6h,SI8,0.9539535179574298
N900_RS14590,N900_RS14590,VAE,6h,SI9,0.8457422882727733
N900_RS14590,N900_RS14590,VAE,6h,ce,1.3688354538516572
N900_RS14590,N900_RS14590,VAE,6h,co,1.1017540485217716
N900_RS14590,N900_RS14590,VAE,12h,st,1.8072192223091608
N900_RS14590,N900_RS14590,VAE,12h,SI1,2.976328271440492
N900_RS14590,N900_RS14590,VAE,12h,SI2,2.9500311250135556
N900_RS14590,N900_RS14590,VAE,12h,SI3,2.570952079303933
N900_RS14590,N900_RS14590,VAE,12h,SI4,2.0098457600785156
N900_RS14590,N900_RS14590,VAE,12h,SI5,1.2640931658111176
N900_RS14590,N900_RS14590,VAE,12h,SI6,0.8751033778024021
N900_RS14590,N900_RS14590,VAE,12h,SI7,0.790636104510972
N900_RS14590,N900_RS14590,VAE,12h,SI8,1.04166706690985
N900_RS14590,N900_RS14590,VAE,12h,SI9,0.970479537786606
N900_RS14590,N900_RS14590,VAE,12h,ce,1.1691218399937078
N900_RS14590,N900_RS14590,VAE,12h,co,1.0187837760791612
N900_RS14590,N900_RS14590,VAE,24h,st,1.7524343704021277
N900_RS14590,N900_RS14590,VAE,24h,SI1,1.9941101356575632
N900_RS14590,N900_RS14590,VAE,24h,SI2,1.6497034473845429
N900_RS14590,N900_RS14590,VAE,24h,SI3,1.5358925442312112
N900_RS14590,N900_RS14590,VAE,24h,SI4,1.3702251180671046
N900_RS14590,N900_RS14590,VAE,24h,SI5,1.245227622420367
N900_RS14590,N900_RS14590,VAE,24h,SI6,1.1207311406457872
N900_RS14590,N900_RS14590,VAE,24h,SI7,1.0835224775319976
N900_RS14590,N900_RS14590,VAE,24h,SI8,1.0811933712125985
N900_RS14590,N900_RS14590,VAE,24h,SI9,1.0836839345122884
N900_RS14590,N900_RS14590,VAE,24h,ce,1.107354086696657
N900_RS14590,N900_RS14590,VAE,24h,co,1.1403970035630462
N900_RS14590,N900_RS14590,CPVAE,1h,st,5.28098353588216
N900_RS14590,N900_RS14590,CPVAE,1h,SI1,2.735228248873365
N900_RS14590,N900_RS14590,CPVAE,1h,SI2,1.275193446213666
N900_RS14590,N900_RS14590,CPVAE,1h,SI3,0.4135448412016103
N900_RS14590,N900_RS14590,CPVAE,1h,SI4,0.3354762613184459
N900_RS14590,N900_RS14590,CPVAE,1h,SI5,0.164032700383681
N900_RS14590,N900_RS14590,CPVAE,1h,SI6,0.138918065044769
N900_RS14590,N900_RS14590,CPVAE,1h,SI7,0.2405811436888572
N900_RS14590,N900_RS14590,CPVAE,1h,SI8,0.1399644739391758
N900_RS14590,N900_RS14590,CPVAE,1h,SI9,0.205103674177941
N900_RS14590,N900_RS14590,CPVAE,1h,ce,0.0636381007590927
N900_RS14590,N900_RS14590,CPVAE,1h,co,0.7827171923374031
N900_RS14590,N900_RS14590,CPVAE,3h,st,0.5418209943114423
N900_RS14590,N900_RS14590,CPVAE,3h,SI1,4.735605279844716
N900_RS14590,N900_RS14590,CPVAE,3h,SI2,5.149329319751757
N900_RS14590,N900_RS14590,CPVAE,3h,SI3,2.800179075786181
N900_RS14590,N900_RS14590,CPVAE,3h,SI4,-0.1419976844548309
N900_RS14590,N900_RS14590,CPVAE,3h,SI5,3.3886120608397117
N900_RS14590,N900_RS14590,CPVAE,3h,SI6,1.5039170864852798
N900_RS14590,N900_RS14590,CPVAE,3h,SI7,2.2604848122658807
N900_RS14590,N900_RS14590,CPVAE,3h,SI8,1.8339187578302705
N900_RS14590,N900_RS14590,CPVAE,3h,SI9,1.2589797381814378
N900_RS14590,N900_RS14590,CPVAE,3h,ce,0.3450812462589605
N900_RS14590,N900_RS14590,CPVAE,3h,co,0.2094500681436812
N900_RS14590,N900_RS14590,CPVAE,6h,st,0.4985201964742862
N900_RS14590,N900_RS14590,CPVAE,6h,SI1,3.0548023635357993
N900_RS14590,N900_RS14590,CPVAE,6h,SI2,4.020087939935971
N900_RS14590,N900_RS14590,CPVAE,6h,SI3,1.967572468053319
N900_RS14590,N900_RS14590,CPVAE,6h,SI4,2.293672954117851
N900_RS14590,N900_RS14590,CPVAE,6h,SI5,3.068912610521923
N900_RS14590,N900_RS14590,CPVAE,6h,SI6,1.0855650788713544
N900_RS14590,N900_RS14590,CPVAE,6h,SI7,1.0264924941946525
N900_RS14590,N900_RS14590,CPVAE,6h,SI8,0.9888125690167308
N900_RS14590,N900_RS14590,CPVAE,6h,SI9,0.9764485148184654
N900_RS14590,N900_RS14590,CPVAE,6h,ce,0.6666568686032587
N900_RS14590,N900_RS14590,CPVAE,6h,co,1.1113389386637722
N900_RS14590,N900_RS14590,CPVAE,12h,st,0.0534342168542723
N900_RS14590,N900_RS14590,CPVAE,12h,SI1,3.982697314106802
N900_RS14590,N900_RS14590,CPVAE,12h,SI2,4.472148581667676
N900_RS14590,N900_RS14590,CPVAE,12h,SI3,3.6669306911857418
N900_RS14590,N900_RS14590,CPVAE,12h,SI4,2.6793642980673886
N900_RS14590,N900_RS14590,CPVAE,12h,SI5,1.433227242647936
N900_RS14590,N900_RS14590,CPVAE,12h,SI6,1.1313383587989034
N900_RS14590,N900_RS14590,CPVAE,12h,SI7,0.7668063856545574
N900_RS14590,N900_RS14590,CPVAE,12h,SI8,1.2876160177802016
N900_RS14590,N900_RS14590,CPVAE,12h,SI9,0.9689654419762692
N900_RS14590,N900_RS14590,CPVAE,12h,ce,1.4810770672759312
N900_RS14590,N900_RS14590,CPVAE,12h,co,1.052499724867974
N900_RS14590,N900_RS14590,CPVAE,24h,st,2.42851957212427
N900_RS14590,N900_RS14590,CPVAE,24h,SI1,2.431768272311052
N900_RS14590,N900_RS14590,CPVAE,24h,SI2,2.005640851575524
N900_RS14590,N900_RS14590,CPVAE,24h,SI3,1.8494343257153465
N900_RS14590,N900_RS14590,CPVAE,24h,SI4,1.4984852035568563
N900_RS14590,N900_RS14590,CPVAE,24h,SI5,1.3632530037621788
N900_RS14590,N900_RS14590,CPVAE,24h,SI6,1.2206640941220968
N900_RS14590,N900_RS14590,CPVAE,24h,SI7,1.1051847936112489
N900_RS14590,N900_RS14590,CPVAE,24h,SI8,1.1193196967918684
N900_RS14590,N900_RS14590,CPVAE,24h,SI9,1.2856389608245469
N900_RS14590,N900_RS14590,CPVAE,24h,ce,1.1415361197487577
N900_RS14590,N900_RS14590,CPVAE,24h,co,1.2833700978070322
N900_RS02850,ypeA_2,Observed,1h,st,-0.4886
N900_RS02850,ypeA_2,Observed,1h,SI1,-1.6028
N900_RS02850,ypeA_2,Observed,1h,SI2,0.34444
N900_RS02850,ypeA_2,Observed,1h,SI3,0.11205
N900_RS02850,ypeA_2,Observed,1h,SI4,0.080729
N900_RS02850,ypeA_2,Observed,1h,SI5,-0.0110069999999999
N900_RS02850,ypeA_2,Observed,1h,SI6,0.0844609999999999
N900_RS02850,ypeA_2,Observed,1h,SI7,-0.56165
N900_RS02850,ypeA_2,Observed,1h,SI8,-0.11919
N900_RS02850,ypeA_2,Observed,1h,SI9,0.1233
N900_RS02850,ypeA_2,Observed,1h,ce,2.1892
N900_RS02850,ypeA_2,Observed,1h,co,1.1121
N900_RS02850,ypeA_2,Observed,3h,st,-0.8834499999999998
N900_RS02850,ypeA_2,Observed,3h,SI1,-0.56748
N900_RS02850,ypeA_2,Observed,3h,SI2,-0.72523
N900_RS02850,ypeA_2,Observed,3h,SI3,-0.98222
N900_RS02850,ypeA_2,Observed,3h,SI4,2.543499999999999
N900_RS02850,ypeA_2,Observed,3h,SI5,2.5474
N900_RS02850,ypeA_2,Observed,3h,SI6,-0.0433709999999999
N900_RS02850,ypeA_2,Observed,3h,SI7,-0.2401
N900_RS02850,ypeA_2,Observed,3h,SI8,1.0033
N900_RS02850,ypeA_2,Observed,3h,SI9,2.6305
N900_RS02850,ypeA_2,Observed,3h,ce,-0.2248199999999999
N900_RS02850,ypeA_2,Observed,3h,co,-0.4208099999999999
N900_RS02850,ypeA_2,Observed,6h,st,-0.5333399999999999
N900_RS02850,ypeA_2,Observed,6h,SI1,-1.0684
N900_RS02850,ypeA_2,Observed,6h,SI2,-0.64486
N900_RS02850,ypeA_2,Observed,6h,SI3,1.5169
N900_RS02850,ypeA_2,Observed,6h,SI4,-0.60802
N900_RS02850,ypeA_2,Observed,6h,SI5,0.96096
N900_RS02850,ypeA_2,Observed,6h,SI6,-0.30485
N900_RS02850,ypeA_2,Observed,6h,SI7,0.18056
N900_RS02850,ypeA_2,Observed,6h,SI8,-0.41995
N900_RS02850,ypeA_2,Observed,6h,SI9,-0.8402399999999999
N900_RS02850,ypeA_2,Observed,6h,ce,3.8246
N900_RS02850,ypeA_2,Observed,6h,co,-0.46476
N900_RS02850,ypeA_2,Observed,12h,st,1.8486
N900_RS02850,ypeA_2,Observed,12h,SI1,2.8709
N900_RS02850,ypeA_2,Observed,12h,SI2,-1.2694
N900_RS02850,ypeA_2,Observed,12h,SI3,-1.3591
N900_RS02850,ypeA_2,Observed,12h,SI4,0.3899199999999999
N900_RS02850,ypeA_2,Observed,12h,SI5,-0.60511
N900_RS02850,ypeA_2,Observed,12h,SI6,-0.67656
N900_RS02850,ypeA_2,Observed,12h,SI7,-0.2362099999999999
N900_RS02850,ypeA_2,Observed,12h,SI8,-0.1826399999999999
N900_RS02850,ypeA_2,Observed,12h,SI9,-0.53569
N900_RS02850,ypeA_2,Observed,12h,ce,-0.8473199999999999
N900_RS02850,ypeA_2,Observed,12h,co,0.13178
N900_RS02850,ypeA_2,Observed,24h,st,1.2068
N900_RS02850,ypeA_2,Observed,24h,SI1,0.64712
N900_RS02850,ypeA_2,Observed,24h,SI2,1.7759
N900_RS02850,ypeA_2,Observed,24h,SI3,0.8633500000000001
N900_RS02850,ypeA_2,Observed,24h,SI4,0.15278
N900_RS02850,ypeA_2,Observed,24h,SI5,0.06042
N900_RS02850,ypeA_2,Observed,24h,SI6,0.0406519999999999
N900_RS02850,ypeA_2,Observed,24h,SI7,-0.37657
N900_RS02850,ypeA_2,Observed,24h,SI8,-0.2368699999999999
N900_RS02850,ypeA_2,Observed,24h,SI9,-0.38859
N900_RS02850,ypeA_2,Observed,24h,ce,-0.22654
N900_RS02850,ypeA_2,Observed,24h,co,-0.29216
N900_RS02850,ypeA_2,PCA,1h,st,0.1052359613639657
N900_RS02850,ypeA_2,PCA,1h,SI1,0.4670282664258667
N900_RS02850,ypeA_2,PCA,1h,SI2,0.3670652947028023
N900_RS02850,ypeA_2,PCA,1h,SI3,0.0149686581605202
N900_RS02850,ypeA_2,PCA,1h,SI4,-0.1163492469030506
N900_RS02850,ypeA_2,PCA,1h,SI5,-0.1433260448808989
N900_RS02850,ypeA_2,PCA,1h,SI6,-0.1596766278963539
N900_RS02850,ypeA_2,PCA,1h,SI7,-0.1371417516076019
N900_RS02850,ypeA_2,PCA,1h,SI8,-0.0748633847043786
N900_RS02850,ypeA_2,PCA,1h,SI9,0.0953549060343622
N900_RS02850,ypeA_2,PCA,1h,ce,0.7060032466583863
N900_RS02850,ypeA_2,PCA,1h,co,0.8696676352450705
N900_RS02850,ypeA_2,PCA,3h,st,-0.8400244329026885
N900_RS02850,ypeA_2,PCA,3h,SI1,-0.1239110039513915
N900_RS02850,ypeA_2,PCA,3h,SI2,0.1824903841212417
N900_RS02850,ypeA_2,PCA,3h,SI3,0.031711534633709
N900_RS02850,ypeA_2,PCA,3h,SI4,1.2039019139991247
N900_RS02850,ypeA_2,PCA,3h,SI5,1.1438704524118626
N900_RS02850,ypeA_2,PCA,3h,SI6,0.3933684254837087
N900_RS02850,ypeA_2,PCA,3h,SI7,0.8673746261782342
N900_RS02850,ypeA_2,PCA,3h,SI8,0.647844634225446
N900_RS02850,ypeA_2,PCA,3h,SI9,0.2825021215907647
N900_RS02850,ypeA_2,PCA,3h,ce,-0.0717741060178298
N900_RS02850,ypeA_2,PCA,3h,co,-0.1174438236058681
N900_RS02850,ypeA_2,PCA,6h,st,0.3746513547904466
N900_RS02850,ypeA_2,PCA,6h,SI1,-0.3311244993991921
N900_RS02850,ypeA_2,PCA,6h,SI2,-0.8300312478986533
N900_RS02850,ypeA_2,PCA,6h,SI3,-0.2105967650232363
N900_RS02850,ypeA_2,PCA,6h,SI4,-0.5694388965622916
N900_RS02850,ypeA_2,PCA,6h,SI5,0.5365559922289947
N900_RS02850,ypeA_2,PCA,6h,SI6,-0.0098891169220428
N900_RS02850,ypeA_2,PCA,6h,SI7,-0.0278413670939353
N900_RS02850,ypeA_2,PCA,6h,SI8,0.130795645222916
N900_RS02850,ypeA_2,PCA,6h,SI9,-4.2216339540102066e-05
N900_RS02850,ypeA_2,PCA,6h,ce,-0.0028754154854101
N900_RS02850,ypeA_2,PCA,6h,co,0.1552570301073149
N900_RS02850,ypeA_2,PCA,12h,st,0.5378964991490451
N900_RS02850,ypeA_2,PCA,12h,SI1,0.6993315737657659
N900_RS02850,ypeA_2,PCA,12h,SI2,1.0794209178013758
N900_RS02850,ypeA_2,PCA,12h,SI3,0.9944427431854084
N900_RS02850,ypeA_2,PCA,12h,SI4,0.3073518896239123
N900_RS02850,ypeA_2,PCA,12h,SI5,0.1089086036993162
N900_RS02850,ypeA_2,PCA,12h,SI6,-0.0505741997111932
N900_RS02850,ypeA_2,PCA,12h,SI7,-0.0665060823464883
N900_RS02850,ypeA_2,PCA,12h,SI8,0.0057574527804264
N900_RS02850,ypeA_2,PCA,12h,SI9,-0.0535009282796921
N900_RS02850,ypeA_2,PCA,12h,ce,0.1297942461995788
N900_RS02850,ypeA_2,PCA,12h,co,0.0152409512236312
N900_RS02850,ypeA_2,PCA,24h,st,0.3842905969052734
N900_RS02850,ypeA_2,PCA,24h,SI1,0.414161203128347
N900_RS02850,ypeA_2,PCA,24h,SI2,0.2838945443339699
N900_RS02850,ypeA_2,PCA,24h,SI3,0.2445917539062387
N900_RS02850,ypeA_2,PCA,24h,SI4,0.0228919310858881
N900_RS02850,ypeA_2,PCA,24h,SI5,0.0556524069399449
N900_RS02850,ypeA_2,PCA,24h,SI6,0.0655506209505661
N900_RS02850,ypeA_2,PCA,24h,SI7,0.0191342798794666
N900_RS02850,ypeA_2,PCA,24h,SI8,-0.0273012732081339
N900_RS02850,ypeA_2,PCA,24h,SI9,0.0986427752364507
N900_RS02850,ypeA_2,PCA,24h,ce,0.0907584465860691
N900_RS02850,ypeA_2,PCA,24h,co,0.0851849107744582
N900_RS02850,ypeA_2,CP,1h,st,0.7888224816543794
N900_RS02850,ypeA_2,CP,1h,SI1,0.3912985333439747
N900_RS02850,ypeA_2,CP,1h,SI2,0.0520326019919938
N900_RS02850,ypeA_2,CP,1h,SI3,-0.2251351888396392
N900_RS02850,ypeA_2,CP,1h,SI4,-0.29901768968956
N900_RS02850,ypeA_2,CP,1h,SI5,-0.3619151035947077
N900_RS02850,ypeA_2,CP,1h,SI6,-0.2448114554948899
N900_RS02850,ypeA_2,CP,1h,SI7,-0.2295546320680762
N900_RS02850,ypeA_2,CP,1h,SI8,-0.2054101751970988
N900_RS02850,ypeA_2,CP,1h,SI9,-0.0885857056558088
N900_RS02850,ypeA_2,CP,1h,ce,0.3291355634652997
N900_RS02850,ypeA_2,CP,1h,co,0.4459155746192136
N900_RS02850,ypeA_2,CP,3h,st,-0.5175162182240582
N900_RS02850,ypeA_2,CP,3h,SI1,-0.0789871671960844
N900_RS02850,ypeA_2,CP,3h,SI2,-0.699677338122388
N900_RS02850,ypeA_2,CP,3h,SI3,0.5967423871046758
N900_RS02850,ypeA_2,CP,3h,SI4,0.8951878724333504
N900_RS02850,ypeA_2,CP,3h,SI5,0.9213132365967158
N900_RS02850,ypeA_2,CP,3h,SI6,0.9046051372962188
N900_RS02850,ypeA_2,CP,3h,SI7,0.930770822941174
N900_RS02850,ypeA_2,CP,3h,SI8,0.9206127222183662
N900_RS02850,ypeA_2,CP,3h,SI9,0.8820074918716148
N900_RS02850,ypeA_2,CP,3h,ce,0.3737650733351806
N900_RS02850,ypeA_2,CP,3h,co,0.2366786164863461
N900_RS02850,ypeA_2,CP,6h,st,-0.0533248522110556
N900_RS02850,ypeA_2,CP,6h,SI1,0.1011796054847175
N900_RS02850,ypeA_2,CP,6h,SI2,0.0967986947681391
N900_RS02850,ypeA_2,CP,6h,SI3,0.2579339454011813
N900_RS02850,ypeA_2,CP,6h,SI4,0.221970262607994
N900_RS02850,ypeA_2,CP,6h,SI5,0.2470678014246013
N900_RS02850,ypeA_2,CP,6h,SI6,0.2442387196295616
N900_RS02850,ypeA_2,CP,6h,SI7,0.2088405578996126
N900_RS02850,ypeA_2,CP,6h,SI8,0.2143846493989434
N900_RS02850,ypeA_2,CP,6h,SI9,0.1839781659153414
N900_RS02850,ypeA_2,CP,6h,ce,0.1696822205861569
N900_RS02850,ypeA_2,CP,6h,co,0.1337463666441616
N900_RS02850,ypeA_2,CP,12h,st,0.2596928922037709
N900_RS02850,ypeA_2,CP,12h,SI1,0.5506141862445069
N900_RS02850,ypeA_2,CP,12h,SI2,0.6496702886176409
N900_RS02850,ypeA_2,CP,12h,SI3,0.4466803700973927
N900_RS02850,ypeA_2,CP,12h,SI4,0.3163618439046864
N900_RS02850,ypeA_2,CP,12h,SI5,0.0764255905532093
N900_RS02850,ypeA_2,CP,12h,SI6,0.0872185169284972
N900_RS02850,ypeA_2,CP,12h,SI7,0.0551625895031918
N900_RS02850,ypeA_2,CP,12h,SI8,0.0736144879260631
N900_RS02850,ypeA_2,CP,12h,SI9,0.0583904955621599
N900_RS02850,ypeA_2,CP,12h,ce,0.1111936534919068
N900_RS02850,ypeA_2,CP,12h,co,0.1120423676980666
N900_RS02850,ypeA_2,CP,24h,st,0.1720680953524983
N900_RS02850,ypeA_2,CP,24h,SI1,-0.0378961521673393
N900_RS02850,ypeA_2,CP,24h,SI2,-0.0184133600109536
N900_RS02850,ypeA_2,CP,24h,SI3,-0.0501405318978434
N900_RS02850,ypeA_2,CP,24h,SI4,-0.1017045747550413
N900_RS02850,ypeA_2,CP,24h,SI5,-0.1095821500507818
N900_RS02850,ypeA_2,CP,24h,SI6,-0.054120244063113
N900_RS02850,ypeA_2,CP,24h,SI7,-0.0655480756460606
N900_RS02850,ypeA_2,CP,24h,SI8,-0.048801215403774
N900_RS02850,ypeA_2,CP,24h,SI9,-0.042146227008261
N900_RS02850,ypeA_2,CP,24h,ce,-0.0334545135966865
N900_RS02850,ypeA_2,CP,24h,co,0.0100674058724286
N900_RS02850,ypeA_2,VAE,1h,st,0.11472922476572
N900_RS02850,ypeA_2,VAE,1h,SI1,0.9551256571531128
N900_RS02850,ypeA_2,VAE,1h,SI2,0.4896525293139594
N900_RS02850,ypeA_2,VAE,1h,SI3,0.1316426197446185
N900_RS02850,ypeA_2,VAE,1h,SI4,0.1716816667986902
N900_RS02850,ypeA_2,VAE,1h,SI5,0.1420212280398658
N900_RS02850,ypeA_2,VAE,1h,SI6,0.1190522595077918
N900_RS02850,ypeA_2,VAE,1h,SI7,0.0763570411787138
N900_RS02850,ypeA_2,VAE,1h,SI8,0.0855300617409671
N900_RS02850,ypeA_2,VAE,1h,SI9,0.1943985220484508
N900_RS02850,ypeA_2,VAE,1h,ce,0.7500384996162
N900_RS02850,ypeA_2,VAE,1h,co,0.6902422074015022
N900_RS02850,ypeA_2,VAE,3h,st,0.0904635396664504
N900_RS02850,ypeA_2,VAE,3h,SI1,0.2379018825273391
N900_RS02850,ypeA_2,VAE,3h,SI2,0.3165871998793381
N900_RS02850,ypeA_2,VAE,3h,SI3,0.3427018755134243
N900_RS02850,ypeA_2,VAE,3h,SI4,0.4156995040409814
N900_RS02850,ypeA_2,VAE,3h,SI5,0.8888648991007158
N900_RS02850,ypeA_2,VAE,3h,SI6,0.3934928363052941
N900_RS02850,ypeA_2,VAE,3h,SI7,0.6795492763799427
N900_RS02850,ypeA_2,VAE,3h,SI8,0.4570879395871327
N900_RS02850,ypeA_2,VAE,3h,SI9,0.1658883262426215
N900_RS02850,ypeA_2,VAE,3h,ce,-0.0573341868172644
N900_RS02850,ypeA_2,VAE,3h,co,-0.0978335392792768
N900_RS02850,ypeA_2,VAE,6h,st,-0.0644638872702292
N900_RS02850,ypeA_2,VAE,6h,SI1,0.1958997057379328
N900_RS02850,ypeA_2,VAE,6h,SI2,0.2771733622743866
N900_RS02850,ypeA_2,VAE,6h,SI3,0.4514799958356257
N900_RS02850,ypeA_2,VAE,6h,SI4,0.4411782835259932
N900_RS02850,ypeA_2,VAE,6h,SI5,0.5368522805766276
N900_RS02850,ypeA_2,VAE,6h,SI6,0.0484555975663252
N900_RS02850,ypeA_2,VAE,6h,SI7,-0.0271649620099999
N900_RS02850,ypeA_2,VAE,6h,SI8,0.0873797697926199
N900_RS02850,ypeA_2,VAE,6h,SI9,-0.0598211253475467
N900_RS02850,ypeA_2,VAE,6h,ce,0.204117602295083
N900_RS02850,ypeA_2,VAE,6h,co,0.1895983134342798
N900_RS02850,ypeA_2,VAE,12h,st,0.0376270516667199
N900_RS02850,ypeA_2,VAE,12h,SI1,0.2807216550655729
N900_RS02850,ypeA_2,VAE,12h,SI2,0.3855119510843572
N900_RS02850,ypeA_2,VAE,12h,SI3,0.3943028834413243
N900_RS02850,ypeA_2,VAE,12h,SI4,0.0448483592984438
N900_RS02850,ypeA_2,VAE,12h,SI5,0.0186435954393686
N900_RS02850,ypeA_2,VAE,12h,SI6,-0.1431342458647952
N900_RS02850,ypeA_2,VAE,12h,SI7,-0.0738351942395658
N900_RS02850,ypeA_2,VAE,12h,SI8,0.0396208757023257
N900_RS02850,ypeA_2,VAE,12h,SI9,-0.1091317859662722
N900_RS02850,ypeA_2,VAE,12h,ce,0.1300704018883532
N900_RS02850,ypeA_2,VAE,12h,co,0.0108682137539259
N900_RS02850,ypeA_2,VAE,24h,st,0.0885652670542004
N900_RS02850,ypeA_2,VAE,24h,SI1,0.0437435512108986
N900_RS02850,ypeA_2,VAE,24h,SI2,-0.0176979357771119
N900_RS02850,ypeA_2,VAE,24h,SI3,0.0009734635665677
N900_RS02850,ypeA_2,VAE,24h,SI4,-0.0750426533907407
N900_RS02850,ypeA_2,VAE,24h,SI5,-0.1406556489922343
N900_RS02850,ypeA_2,VAE,24h,SI6,-0.1273685463394229
N900_RS02850,ypeA_2,VAE,24h,SI7,-0.0922591803509097
N900_RS02850,ypeA_2,VAE,24h,SI8,-0.0968829595474696
N900_RS02850,ypeA_2,VAE,24h,SI9,-0.1014616065154324
N900_RS02850,ypeA_2,VAE,24h,ce,-0.0317751461507162
N900_RS02850,ypeA_2,VAE,24h,co,-0.0410622812619588
N900_RS02850,ypeA_2,CPVAE,1h,st,-1.6321014181656013
N900_RS02850,ypeA_2,CPVAE,1h,SI1,-0.3559886112696248
N900_RS02850,ypeA_2,CPVAE,1h,SI2,-0.2645847205553794
N900_RS02850,ypeA_2,CPVAE,1h,SI3,-0.1138566385286232
N900_RS02850,ypeA_2,CPVAE,1h,SI4,-0.4071954800661945
N900_RS02850,ypeA_2,CPVAE,1h,SI5,-0.4075488843820524
N900_RS02850,ypeA_2,CPVAE,1h,SI6,-0.2508209181790213
N900_RS02850,ypeA_2,CPVAE,1h,SI7,-0.2075811884913688
N900_RS02850,ypeA_2,CPVAE,1h,SI8,-0.1051309624397058
N900_RS02850,ypeA_2,CPVAE,1h,SI9,0.1444244478805821
N900_RS02850,ypeA_2,CPVAE,1h,ce,1.4645785221023244
N900_RS02850,ypeA_2,CPVAE,1h,co,1.1033717183673175
N900_RS02850,ypeA_2,CPVAE,3h,st,-0.0158187969471604
N900_RS02850,ypeA_2,CPVAE,3h,SI1,0.3555156184625816
N900_RS02850,ypeA_2,CPVAE,3h,SI2,-0.356598878220831
N900_RS02850,ypeA_2,CPVAE,3h,SI3,0.3850340093433632
N900_RS02850,ypeA_2,CPVAE,3h,SI4,2.208855933356451
N900_RS02850,ypeA_2,CPVAE,3h,SI5,1.3222997169303694
N900_RS02850,ypeA_2,CPVAE,3h,SI6,0.8274173279056145
N900_RS02850,ypeA_2,CPVAE,3h,SI7,0.9162407763166084
N900_RS02850,ypeA_2,CPVAE,3h,SI8,0.5789656347116002
N900_RS02850,ypeA_2,CPVAE,3h,SI9,0.3143431764641495
N900_RS02850,ypeA_2,CPVAE,3h,ce,0.0759939860516087
N900_RS02850,ypeA_2,CPVAE,3h,co,-0.2096504902629365
N900_RS02850,ypeA_2,CPVAE,6h,st,0.7037949003798329
N900_RS02850,ypeA_2,CPVAE,6h,SI1,-0.8928834489037569
N900_RS02850,ypeA_2,CPVAE,6h,SI2,-0.9767387603888756
N900_RS02850,ypeA_2,CPVAE,6h,SI3,0.8251424890305135
N900_RS02850,ypeA_2,CPVAE,6h,SI4,1.525626163679347
N900_RS02850,ypeA_2,CPVAE,6h,SI5,1.1741682570017211
N900_RS02850,ypeA_2,CPVAE,6h,SI6,0.0184214757245099
N900_RS02850,ypeA_2,CPVAE,6h,SI7,0.0243061711745437
N900_RS02850,ypeA_2,CPVAE,6h,SI8,0.0318759150523358
N900_RS02850,ypeA_2,CPVAE,6h,SI9,-0.1707898119826377
N900_RS02850,ypeA_2,CPVAE,6h,ce,3.7874742076407992
N900_RS02850,ypeA_2,CPVAE,6h,co,0.0907035007941015
N900_RS02850,ypeA_2,CPVAE,12h,st,1.4759846732510715
N900_RS02850,ypeA_2,CPVAE,12h,SI1,1.2297956001659187
N900_RS02850,ypeA_2,CPVAE,12h,SI2,0.6280185431419409
N900_RS02850,ypeA_2,CPVAE,12h,SI3,0.8013432192468051
N900_RS02850,ypeA_2,CPVAE,12h,SI4,0.6395087486606454
N900_RS02850,ypeA_2,CPVAE,12h,SI5,0.0371957107560345
N900_RS02850,ypeA_2,CPVAE,12h,SI6,-0.0643097092665499
N900_RS02850,ypeA_2,CPVAE,12h,SI7,-0.088015659901504
N900_RS02850,ypeA_2,CPVAE,12h,SI8,0.1845045407789887
N900_RS02850,ypeA_2,CPVAE,12h,SI9,-0.0511939714534473
N900_RS02850,ypeA_2,CPVAE,12h,ce,0.1273670837779018
N900_RS02850,ypeA_2,CPVAE,12h,co,-0.1656610855576115
N900_RS02850,ypeA_2,CPVAE,24h,st,0.9349902045672228
N900_RS02850,ypeA_2,CPVAE,24h,SI1,0.3599967670609196
N900_RS02850,ypeA_2,CPVAE,24h,SI2,0.0197042447714511
N900_RS02850,ypeA_2,CPVAE,24h,SI3,-0.0592499987299548
N900_RS02850,ypeA_2,CPVAE,24h,SI4,-0.0644598591055347
N900_RS02850,ypeA_2,CPVAE,24h,SI5,-0.062542536631084
N900_RS02850,ypeA_2,CPVAE,24h,SI6,-0.1629924264475517
N900_RS02850,ypeA_2,CPVAE,24h,SI7,-0.2268360507070171
N900_RS02850,ypeA_2,CPVAE,24h,SI8,-0.5003917697973048
N900_RS02850,ypeA_2,CPVAE,24h,SI9,-0.2029205348038353
N900_RS02850,ypeA_2,CPVAE,24h,ce,-0.3548993284001728
N900_RS02850,ypeA_2,CPVAE,24h,co,-0.1270150077514085
N900_RS02595,Ga0059260_01848_BLAST,Observed,1h,st,6.7286
N900_RS02595,Ga0059260_01848_BLAST,Observed,1h,SI1,-0.4317799999999999
N900_RS02595,Ga0059260_01848_BLAST,Observed,1h,SI2,2.4912
N900_RS02595,Ga0059260_01848_BLAST,Observed,1h,SI3,0.73181
N900_RS02595,Ga0059260_01848_BLAST,Observed,1h,SI4,0.30862
N900_RS02595,Ga0059260_01848_BLAST,Observed,1h,SI5,-0.0400509999999999
N900_RS02595,Ga0059260_01848_BLAST,Observed,1h,SI6,0.14463
N900_RS02595,Ga0059260_01848_BLAST,Observed,1h,SI7,0.64994
N900_RS02595,Ga0059260_01848_BLAST,Observed,1h,SI8,0.64316
N900_RS02595,Ga0059260_01848_BLAST,Observed,1h,SI9,-1.1736999999999995
N900_RS02595,Ga0059260_01848_BLAST,Observed,1h,ce,0.29976
N900_RS02595,Ga0059260_01848_BLAST,Observed,1h,co,0.35809
N900_RS02595,Ga0059260_01848_BLAST,Observed,3h,st,1.187
N900_RS02595,Ga0059260_01848_BLAST,Observed,3h,SI1,0.0479889999999999
N900_RS02595,Ga0059260_01848_BLAST,Observed,3h,SI2,0.39864
N900_RS02595,Ga0059260_01848_BLAST,Observed,3h,SI3,0.017989
N900_RS02595,Ga0059260_01848_BLAST,Observed,3h,SI4,0.095947
N900_RS02595,Ga0059260_01848_BLAST,Observed,3h,SI5,3.0313
N900_RS02595,Ga0059260_01848_BLAST,Observed,3h,SI6,-1.2252
N900_RS02595,Ga0059260_01848_BLAST,Observed,3h,SI7,2.7892
N900_RS02595,Ga0059260_01848_BLAST,Observed,3h,SI8,-0.3456199999999999
N900_RS02595,Ga0059260_01848_BLAST,Observed,3h,SI9,0.19333
N900_RS02595,Ga0059260_01848_BLAST,Observed,3h,ce,-0.19099
N900_RS02595,Ga0059260_01848_BLAST,Observed,3h,co,0.57248
N900_RS02595,Ga0059260_01848_BLAST,Observed,6h,st,0.37779
N900_RS02595,Ga0059260_01848_BLAST,Observed,6h,SI1,0.2012899999999999
N900_RS02595,Ga0059260_01848_BLAST,Observed,6h,SI2,2.6123
N900_RS02595,Ga0059260_01848_BLAST,Observed,6h,SI3,-0.39783
N900_RS02595,Ga0059260_01848_BLAST,Observed,6h,SI4,0.27309
N900_RS02595,Ga0059260_01848_BLAST,Observed,6h,SI5,-1.4449
N900_RS02595,Ga0059260_01848_BLAST,Observed,6h,SI6,1.1256
N900_RS02595,Ga0059260_01848_BLAST,Observed,6h,SI7,0.32788
N900_RS02595,Ga0059260_01848_BLAST,Observed,6h,SI8,-0.21325
N900_RS02595,Ga0059260_01848_BLAST,Observed,6h,SI9,-0.16048
N900_RS02595,Ga0059260_01848_BLAST,Observed,6h,ce,-0.8083999999999999
N900_RS02595,Ga0059260_01848_BLAST,Observed,6h,co,1.1003
N900_RS02595,Ga0059260_01848_BLAST,Observed,12h,st,0.69885
N900_RS02595,Ga0059260_01848_BLAST,Observed,12h,SI1,0.22824
N900_RS02595,Ga0059260_01848_BLAST,Observed,12h,SI2,-0.3317800000000001
N900_RS02595,Ga0059260_01848_BLAST,Observed,12h,SI3,-0.91329
N900_RS02595,Ga0059260_01848_BLAST,Observed,12h,SI4,1.2534
N900_RS02595,Ga0059260_01848_BLAST,Observed,12h,SI5,0.48606
N900_RS02595,Ga0059260_01848_BLAST,Observed,12h,SI6,0.5375
N900_RS02595,Ga0059260_01848_BLAST,Observed,12h,SI7,1.0296
N900_RS02595,Ga0059260_01848_BLAST,Observed,12h,SI8,0.61082
N900_RS02595,Ga0059260_01848_BLAST,Observed,12h,SI9,-0.0454259999999999
N900_RS02595,Ga0059260_01848_BLAST,Observed,12h,ce,1.0413
N900_RS02595,Ga0059260_01848_BLAST,Observed,12h,co,-0.57868
N900_RS02595,Ga0059260_01848_BLAST,Observed,24h,st,0.74715
N900_RS02595,Ga0059260_01848_BLAST,Observed,24h,SI1,0.0821549999999999
N900_RS02595,Ga0059260_01848_BLAST,Observed,24h,SI2,0.66628
N900_RS02595,Ga0059260_01848_BLAST,Observed,24h,SI3,0.73008
N900_RS02595,Ga0059260_01848_BLAST,Observed,24h,SI4,0.40867
N900_RS02595,Ga0059260_01848_BLAST,Observed,24h,SI5,0.73923
N900_RS02595,Ga0059260_01848_BLAST,Observed,24h,SI6,0.72691
N900_RS02595,Ga0059260_01848_BLAST,Observed,24h,SI7,0.64014
N900_RS02595,Ga0059260_01848_BLAST,Observed,24h,SI8,0.33866
N900_RS02595,Ga0059260_01848_BLAST,Observed,24h,SI9,0.86823
N900_RS02595,Ga0059260_01848_BLAST,Observed,24h,ce,2.0135
N900_RS02595,Ga0059260_01848_BLAST,Observed,24h,co,0.92782
N900_RS02595,Ga0059260_01848_BLAST,PCA,1h,st,1.561911145499232
N900_RS02595,Ga0059260_01848_BLAST,PCA,1h,SI1,0.7387108167054987
N900_RS02595,Ga0059260_01848_BLAST,PCA,1h,SI2,0.5714551687573602
N900_RS02595,Ga0059260_01848_BLAST,PCA,1h,SI3,0.4558268766558927
N900_RS02595,Ga0059260_01848_BLAST,PCA,1h,SI4,0.2734804357825875
N900_RS02595,Ga0059260_01848_BLAST,PCA,1h,SI5,0.3398809279628805
N900_RS02595,Ga0059260_01848_BLAST,PCA,1h,SI6,0.332062035873974
N900_RS02595,Ga0059260_01848_BLAST,PCA,1h,SI7,0.3161277652809681
N900_RS02595,Ga0059260_01848_BLAST,PCA,1h,SI8,0.5740995557897784
N900_RS02595,Ga0059260_01848_BLAST,PCA,1h,SI9,0.6550125292895758
N900_RS02595,Ga0059260_01848_BLAST,PCA,1h,ce,0.9064486868847954
N900_RS02595,Ga0059260_01848_BLAST,PCA,1h,co,0.7899014649202785
N900_RS02595,Ga0059260_01848_BLAST,PCA,3h,st,2.592732769671987
N900_RS02595,Ga0059260_01848_BLAST,PCA,3h,SI1,-0.238190389238879
N900_RS02595,Ga0059260_01848_BLAST,PCA,3h,SI2,0.6188430231237471
N900_RS02595,Ga0059260_01848_BLAST,PCA,3h,SI3,-0.6291703419916567
N900_RS02595,Ga0059260_01848_BLAST,PCA,3h,SI4,0.6776536905259705
N900_RS02595,Ga0059260_01848_BLAST,PCA,3h,SI5,1.085498505501437
N900_RS02595,Ga0059260_01848_BLAST,PCA,3h,SI6,0.3933022942206326
N900_RS02595,Ga0059260_01848_BLAST,PCA,3h,SI7,0.8444013578663695
N900_RS02595,Ga0059260_01848_BLAST,PCA,3h,SI8,0.8038147828920619
N900_RS02595,Ga0059260_01848_BLAST,PCA,3h,SI9,0.4189643615144001
N900_RS02595,Ga0059260_01848_BLAST,PCA,3h,ce,0.3757101439814728
N900_RS02595,Ga0059260_01848_BLAST,PCA,3h,co,0.3927956623136251
N900_RS02595,Ga0059260_01848_BLAST,PCA,6h,st,1.2229985765259943
N900_RS02595,Ga0059260_01848_BLAST,PCA,6h,SI1,1.121824439226319
N900_RS02595,Ga0059260_01848_BLAST,PCA,6h,SI2,0.9494993036338836
N900_RS02595,Ga0059260_01848_BLAST,PCA,6h,SI3,0.5104147588588676
N900_RS02595,Ga0059260_01848_BLAST,PCA,6h,SI4,0.2910015914454627
N900_RS02595,Ga0059260_01848_BLAST,PCA,6h,SI5,0.6876274409409157
N900_RS02595,Ga0059260_01848_BLAST,PCA,6h,SI6,0.2813568342100876
N900_RS02595,Ga0059260_01848_BLAST,PCA,6h,SI7,0.3307640564634653
N900_RS02595,Ga0059260_01848_BLAST,PCA,6h,SI8,0.3735184455609658
N900_RS02595,Ga0059260_01848_BLAST,PCA,6h,SI9,0.2344046265598273
N900_RS02595,Ga0059260_01848_BLAST,PCA,6h,ce,-0.379430781074491
N900_RS02595,Ga0059260_01848_BLAST,PCA,6h,co,0.5132180553997715
N900_RS02595,Ga0059260_01848_BLAST,PCA,12h,st,1.2424354666955444
N900_RS02595,Ga0059260_01848_BLAST,PCA,12h,SI1,-0.3940352515170745
N900_RS02595,Ga0059260_01848_BLAST,PCA,12h,SI2,-0.0180227160003243
N900_RS02595,Ga0059260_01848_BLAST,PCA,12h,SI3,0.0888045014698307
N900_RS02595,Ga0059260_01848_BLAST,PCA,12h,SI4,-0.2885338248373572
N900_RS02595,Ga0059260_01848_BLAST,PCA,12h,SI5,0.1998403775439776
N900_RS02595,Ga0059260_01848_BLAST,PCA,12h,SI6,0.2026127363335023
N900_RS02595,Ga0059260_01848_BLAST,PCA,12h,SI7,0.2003167168447537
N900_RS02595,Ga0059260_01848_BLAST,PCA,12h,SI8,0.1334353186060078
N900_RS02595,Ga0059260_01848_BLAST,PCA,12h,SI9,0.0881222582623384
N900_RS02595,Ga0059260_01848_BLAST,PCA,12h,ce,0.1811947565539068
N900_RS02595,Ga0059260_01848_BLAST,PCA,12h,co,0.1612477080902842
N900_RS02595,Ga0059260_01848_BLAST,PCA,24h,st,1.224215641745495
N900_RS02595,Ga0059260_01848_BLAST,PCA,24h,SI1,1.0057005077802936
N900_RS02595,Ga0059260_01848_BLAST,PCA,24h,SI2,0.9706961696781792
N900_RS02595,Ga0059260_01848_BLAST,PCA,24h,SI3,0.9302531445561084
N900_RS02595,Ga0059260_01848_BLAST,PCA,24h,SI4,0.6878101230611927
N900_RS02595,Ga0059260_01848_BLAST,PCA,24h,SI5,0.6915884827545695
N900_RS02595,Ga0059260_01848_BLAST,PCA,24h,SI6,0.7351526055037103
N900_RS02595,Ga0059260_01848_BLAST,PCA,24h,SI7,0.7367662686049194
N900_RS02595,Ga0059260_01848_BLAST,PCA,24h,SI8,0.7119849582023491
N900_RS02595,Ga0059260_01848_BLAST,PCA,24h,SI9,0.9431598470621048
N900_RS02595,Ga0059260_01848_BLAST,PCA,24h,ce,0.94711311743092
N900_RS02595,Ga0059260_01848_BLAST,PCA,24h,co,0.8108234680397073
N900_RS02595,Ga0059260_01848_BLAST,CP,1h,st,2.593974521586881
N900_RS02595,Ga0059260_01848_BLAST,CP,1h,SI1,0.1593551113218004
N900_RS02595,Ga0059260_01848_BLAST,CP,1h,SI2,0.3645150414719184
N900_RS02595,Ga0059260_01848_BLAST,CP,1h,SI3,0.267549713027841
N900_RS02595,Ga0059260_01848_BLAST,CP,1h,SI4,0.1304001725171116
N900_RS02595,Ga0059260_01848_BLAST,CP,1h,SI5,0.0925311757557367
N900_RS02595,Ga0059260_01848_BLAST,CP,1h,SI6,0.3265592958613322
N900_RS02595,Ga0059260_01848_BLAST,CP,1h,SI7,0.3408496830653166
N900_RS02595,Ga0059260_01848_BLAST,CP,1h,SI8,0.3630207280990218
N900_RS02595,Ga0059260_01848_BLAST,CP,1h,SI9,0.4754575997717284
N900_RS02595,Ga0059260_01848_BLAST,CP,1h,ce,0.633068239235321
N900_RS02595,Ga0059260_01848_BLAST,CP,1h,co,0.8561209754745216
N900_RS02595,Ga0059260_01848_BLAST,CP,3h,st,1.9028348218671227
N900_RS02595,Ga0059260_01848_BLAST,CP,3h,SI1,-0.2141201243201538
N900_RS02595,Ga0059260_01848_BLAST,CP,3h,SI2,0.6129443865939742
N900_RS02595,Ga0059260_01848_BLAST,CP,3h,SI3,-0.1768601759747315
N900_RS02595,Ga0059260_01848_BLAST,CP,3h,SI4,0.6529874019438117
N900_RS02595,Ga0059260_01848_BLAST,CP,3h,SI5,1.026040476844095
N900_RS02595,Ga0059260_01848_BLAST,CP,3h,SI6,1.094699137661724
N900_RS02595,Ga0059260_01848_BLAST,CP,3h,SI7,1.0338822155321674
N900_RS02595,Ga0059260_01848_BLAST,CP,3h,SI8,1.3306490087433136
N900_RS02595,Ga0059260_01848_BLAST,CP,3h,SI9,1.560167257960817
N900_RS02595,Ga0059260_01848_BLAST,CP,3h,ce,1.26203181854116
N900_RS02595,Ga0059260_01848_BLAST,CP,3h,co,1.066607182002854
N900_RS02595,Ga0059260_01848_BLAST,CP,6h,st,1.882445990931388
N900_RS02595,Ga0059260_01848_BLAST,CP,6h,SI1,1.192933081251541
N900_RS02595,Ga0059260_01848_BLAST,CP,6h,SI2,1.051620848818252
N900_RS02595,Ga0059260_01848_BLAST,CP,6h,SI3,0.6828722242167167
N900_RS02595,Ga0059260_01848_BLAST,CP,6h,SI4,-0.1808376177634812
N900_RS02595,Ga0059260_01848_BLAST,CP,6h,SI5,-0.1747657401098997
N900_RS02595,Ga0059260_01848_BLAST,CP,6h,SI6,0.4918413534567425
N900_RS02595,Ga0059260_01848_BLAST,CP,6h,SI7,0.5540037126008039
N900_RS02595,Ga0059260_01848_BLAST,CP,6h,SI8,0.5231654901243059
N900_RS02595,Ga0059260_01848_BLAST,CP,6h,SI9,0.5867223461840922
N900_RS02595,Ga0059260_01848_BLAST,CP,6h,ce,0.1773554825791164
N900_RS02595,Ga0059260_01848_BLAST,CP,6h,co,0.5094863870567965
N900_RS02595,Ga0059260_01848_BLAST,CP,12h,st,1.633938322633019
N900_RS02595,Ga0059260_01848_BLAST,CP,12h,SI1,-0.0574921081509349
N900_RS02595,Ga0059260_01848_BLAST,CP,12h,SI2,-0.2141253439557763
N900_RS02595,Ga0059260_01848_BLAST,CP,12h,SI3,-0.1298895605327588
N900_RS02595,Ga0059260_01848_BLAST,CP,12h,SI4,-0.0054462174495564
N900_RS02595,Ga0059260_01848_BLAST,CP,12h,SI5,0.2422629529372742
N900_RS02595,Ga0059260_01848_BLAST,CP,12h,SI6,0.4499954670159639
N900_RS02595,Ga0059260_01848_BLAST,CP,12h,SI7,0.4468575712744858
N900_RS02595,Ga0059260_01848_BLAST,CP,12h,SI8,0.4048327997665629
N900_RS02595,Ga0059260_01848_BLAST,CP,12h,SI9,0.4446169361887692
N900_RS02595,Ga0059260_01848_BLAST,CP,12h,ce,0.3478252164805563
N900_RS02595,Ga0059260_01848_BLAST,CP,12h,co,0.5034172020234041
N900_RS02595,Ga0059260_01848_BLAST,CP,24h,st,0.628618448284171
N900_RS02595,Ga0059260_01848_BLAST,CP,24h,SI1,0.1268213028350166
N900_RS02595,Ga0059260_01848_BLAST,CP,24h,SI2,0.3258054014809085
N900_RS02595,Ga0059260_01848_BLAST,CP,24h,SI3,0.3628766444904688
N900_RS02595,Ga0059260_01848_BLAST,CP,24h,SI4,0.3381236771499661
N900_RS02595,Ga0059260_01848_BLAST,CP,24h,SI5,0.3529585004056677
N900_RS02595,Ga0059260_01848_BLAST,CP,24h,SI6,0.4216721295778212
N900_RS02595,Ga0059260_01848_BLAST,CP,24h,SI7,0.4083595388832162
N900_RS02595,Ga0059260_01848_BLAST,CP,24h,SI8,0.4270862735515578
N900_RS02595,Ga0059260_01848_BLAST,CP,24h,SI9,0.4266860769721368
N900_RS02595,Ga0059260_01848_BLAST,CP,24h,ce,0.4081847163875707
N900_RS02595,Ga0059260_01848_BLAST,CP,24h,co,0.4452261210802438
N900_RS02595,Ga0059260_01848_BLAST,VAE,1h,st,0.8456670016296866
N900_RS02595,Ga0059260_01848_BLAST,VAE,1h,SI1,1.152789378996656
N900_RS02595,Ga0059260_01848_BLAST,VAE,1h,SI2,0.7936753995438758
N900_RS02595,Ga0059260_01848_BLAST,VAE,1h,SI3,0.5187537220143447
N900_RS02595,Ga0059260_01848_BLAST,VAE,1h,SI4,0.4585504038013445
N900_RS02595,Ga0059260_01848_BLAST,VAE,1h,SI5,0.5062716898216376
N900_RS02595,Ga0059260_01848_BLAST,VAE,1h,SI6,0.4409268190396941
N900_RS02595,Ga0059260_01848_BLAST,VAE,1h,SI7,0.4559269515552209
N900_RS02595,Ga0059260_01848_BLAST,VAE,1h,SI8,0.5098907725098407
N900_RS02595,Ga0059260_01848_BLAST,VAE,1h,SI9,0.5663862491390319
N900_RS02595,Ga0059260_01848_BLAST,VAE,1h,ce,1.0995948394977422
N900_RS02595,Ga0059260_01848_BLAST,VAE,1h,co,1.022663075323382
N900_RS02595,Ga0059260_01848_BLAST,VAE,3h,st,1.464292058471227
N900_RS02595,Ga0059260_01848_BLAST,VAE,3h,SI1,0.4549337689921524
N900_RS02595,Ga0059260_01848_BLAST,VAE,3h,SI2,0.8943032533833459
N900_RS02595,Ga0059260_01848_BLAST,VAE,3h,SI3,0.9657058974490488
N900_RS02595,Ga0059260_01848_BLAST,VAE,3h,SI4,0.6056869388997368
N900_RS02595,Ga0059260_01848_BLAST,VAE,3h,SI5,0.9521972239122266
N900_RS02595,Ga0059260_01848_BLAST,VAE,3h,SI6,0.6106881331016941
N900_RS02595,Ga0059260_01848_BLAST,VAE,3h,SI7,0.8443958961076039
N900_RS02595,Ga0059260_01848_BLAST,VAE,3h,SI8,0.8142878357087988
N900_RS02595,Ga0059260_01848_BLAST,VAE,3h,SI9,0.6551845336458194
N900_RS02595,Ga0059260_01848_BLAST,VAE,3h,ce,0.3648060034789875
N900_RS02595,Ga0059260_01848_BLAST,VAE,3h,co,0.3658279752278155
N900_RS02595,Ga0059260_01848_BLAST,VAE,6h,st,0.8146354167901035
N900_RS02595,Ga0059260_01848_BLAST,VAE,6h,SI1,0.6164979788134507
N900_RS02595,Ga0059260_01848_BLAST,VAE,6h,SI2,0.8540521757052713
N900_RS02595,Ga0059260_01848_BLAST,VAE,6h,SI3,0.9925382700130816
N900_RS02595,Ga0059260_01848_BLAST,VAE,6h,SI4,0.6943988192640975
N900_RS02595,Ga0059260_01848_BLAST,VAE,6h,SI5,0.6332001854630211
N900_RS02595,Ga0059260_01848_BLAST,VAE,6h,SI6,0.2410356531342152
N900_RS02595,Ga0059260_01848_BLAST,VAE,6h,SI7,0.2688979619229884
N900_RS02595,Ga0059260_01848_BLAST,VAE,6h,SI8,0.3763713626314091
N900_RS02595,Ga0059260_01848_BLAST,VAE,6h,SI9,0.2718649864050799
N900_RS02595,Ga0059260_01848_BLAST,VAE,6h,ce,0.2976050905208607
N900_RS02595,Ga0059260_01848_BLAST,VAE,6h,co,0.4916621979982787
N900_RS02595,Ga0059260_01848_BLAST,VAE,12h,st,0.8026363041198894
N900_RS02595,Ga0059260_01848_BLAST,VAE,12h,SI1,0.6987699950401688
N900_RS02595,Ga0059260_01848_BLAST,VAE,12h,SI2,0.7147901392274895
N900_RS02595,Ga0059260_01848_BLAST,VAE,12h,SI3,0.8542935933381651
N900_RS02595,Ga0059260_01848_BLAST,VAE,12h,SI4,0.298872275888875
N900_RS02595,Ga0059260_01848_BLAST,VAE,12h,SI5,0.2916086206418979
N900_RS02595,Ga0059260_01848_BLAST,VAE,12h,SI6,0.1997140363686744
N900_RS02595,Ga0059260_01848_BLAST,VAE,12h,SI7,0.2379539863184431
N900_RS02595,Ga0059260_01848_BLAST,VAE,12h,SI8,0.2590706323448658
N900_RS02595,Ga0059260_01848_BLAST,VAE,12h,SI9,0.1844884417794592
N900_RS02595,Ga0059260_01848_BLAST,VAE,12h,ce,0.3091958331143309
N900_RS02595,Ga0059260_01848_BLAST,VAE,12h,co,0.3402177328673922
N900_RS02595,Ga0059260_01848_BLAST,VAE,24h,st,0.5581172262573334
N900_RS02595,Ga0059260_01848_BLAST,VAE,24h,SI1,0.5404756438200198
N900_RS02595,Ga0059260_01848_BLAST,VAE,24h,SI2,0.407921578532752
N900_RS02595,Ga0059260_01848_BLAST,VAE,24h,SI3,0.4720235298777465
N900_RS02595,Ga0059260_01848_BLAST,VAE,24h,SI4,0.3628453765589731
N900_RS02595,Ga0059260_01848_BLAST,VAE,24h,SI5,0.2584438688885342
N900_RS02595,Ga0059260_01848_BLAST,VAE,24h,SI6,0.2644190351248
N900_RS02595,Ga0059260_01848_BLAST,VAE,24h,SI7,0.3389152306362558
N900_RS02595,Ga0059260_01848_BLAST,VAE,24h,SI8,0.2573682566605092
N900_RS02595,Ga0059260_01848_BLAST,VAE,24h,SI9,0.3453799726747165
N900_RS02595,Ga0059260_01848_BLAST,VAE,24h,ce,0.450894165523419
N900_RS02595,Ga0059260_01848_BLAST,VAE,24h,co,0.3492855458984721
N900_RS02595,Ga0059260_01848_BLAST,CPVAE,1h,st,5.94560046555476
N900_RS02595,Ga0059260_01848_BLAST,CPVAE,1h,SI1,1.1791652398633956
N900_RS02595,Ga0059260_01848_BLAST,CPVAE,1h,SI2,0.8976793042575684
N900_RS02595,Ga0059260_01848_BLAST,CPVAE,1h,SI3,0.4516714203241644
N900_RS02595,Ga0059260_01848_BLAST,CPVAE,1h,SI4,0.2338080597570157
N900_RS02595,Ga0059260_01848_BLAST,CPVAE,1h,SI5,-0.020543882018818
N900_RS02595,Ga0059260_01848_BLAST,CPVAE,1h,SI6,-0.1014606158405074
N900_RS02595,Ga0059260_01848_BLAST,CPVAE,1h,SI7,0.0837769165972733
N900_RS02595,Ga0059260_01848_BLAST,CPVAE,1h,SI8,0.2548151543285705
N900_RS02595,Ga0059260_01848_BLAST,CPVAE,1h,SI9,0.043726529521591
N900_RS02595,Ga0059260_01848_BLAST,CPVAE,1h,ce,0.0882891026211543
N900_RS02595,Ga0059260_01848_BLAST,CPVAE,1h,co,0.6671641164987068
N900_RS02595,Ga0059260_01848_BLAST,CPVAE,3h,st,0.9175543080013088
N900_RS02595,Ga0059260_01848_BLAST,CPVAE,3h,SI1,-0.43222448452769
N900_RS02595,Ga0059260_01848_BLAST,CPVAE,3h,SI2,0.925814019408454
N900_RS02595,Ga0059260_01848_BLAST,CPVAE,3h,SI3,-0.0951044319147074
N900_RS02595,Ga0059260_01848_BLAST,CPVAE,3h,SI4,0.1075343274054335
N900_RS02595,Ga0059260_01848_BLAST,CPVAE,3h,SI5,2.097581347387053
N900_RS02595,Ga0059260_01848_BLAST,CPVAE,3h,SI6,0.8640306174666872
N900_RS02595,Ga0059260_01848_BLAST,CPVAE,3h,SI7,2.495596683055415
N900_RS02595,Ga0059260_01848_BLAST,CPVAE,3h,SI8,1.6601672926075386
N900_RS02595,Ga0059260_01848_BLAST,CPVAE,3h,SI9,0.5245012776309423
N900_RS02595,Ga0059260_01848_BLAST,CPVAE,3h,ce,0.1766952109681877
N900_RS02595,Ga0059260_01848_BLAST,CPVAE,3h,co,0.0442733998832456
N900_RS02595,Ga0059260_01848_BLAST,CPVAE,6h,st,0.8128756578550186
N900_RS02595,Ga0059260_01848_BLAST,CPVAE,6h,SI1,1.9891149060215931
N900_RS02595,Ga0059260_01848_BLAST,CPVAE,6h,SI2,1.6575984387063118
N900_RS02595,Ga0059260_01848_BLAST,CPVAE,6h,SI3,-0.1481267684466752
N900_RS02595,Ga0059260_01848_BLAST,CPVAE,6h,SI4,0.1394060668933917
N900_RS02595,Ga0059260_01848_BLAST,CPVAE,6h,SI5,1.0754089434331393
N900_RS02595,Ga0059260_01848_BLAST,CPVAE,6h,SI6,0.3169639288201057
N900_RS02595,Ga0059260_01848_BLAST,CPVAE,6h,SI7,0.0223537785882086
N900_RS02595,Ga0059260_01848_BLAST,CPVAE,6h,SI8,0.4023000421223034
N900_RS02595,Ga0059260_01848_BLAST,CPVAE,6h,SI9,0.2561583303754472
N900_RS02595,Ga0059260_01848_BLAST,CPVAE,6h,ce,-0.1140490997282478
N900_RS02595,Ga0059260_01848_BLAST,CPVAE,6h,co,0.6704986066445037
N900_RS02595,Ga0059260_01848_BLAST,CPVAE,12h,st,0.5884265448826493
N900_RS02595,Ga0059260_01848_BLAST,CPVAE,12h,SI1,0.1509025129301784
N900_RS02595,Ga0059260_01848_BLAST,CPVAE,12h,SI2,0.4042263987361643
N900_RS02595,Ga0059260_01848_BLAST,CPVAE,12h,SI3,0.7776138187959055
N900_RS02595,Ga0059260_01848_BLAST,CPVAE,12h,SI4,-0.4915340386550618
N900_RS02595,Ga0059260_01848_BLAST,CPVAE,12h,SI5,0.0353563087938777
N900_RS02595,Ga0059260_01848_BLAST,CPVAE,12h,SI6,0.2498296052663789
N900_RS02595,Ga0059260_01848_BLAST,CPVAE,12h,SI7,0.1000206159960093
N900_RS02595,Ga0059260_01848_BLAST,CPVAE,12h,SI8,-0.1627884284741737
N900_RS02595,Ga0059260_01848_BLAST,CPVAE,12h,SI9,0.0040715635974496
N900_RS02595,Ga0059260_01848_BLAST,CPVAE,12h,ce,0.1084500824910897
N900_RS02595,Ga0059260_01848_BLAST,CPVAE,12h,co,-0.0282424969848393
N900_RS02595,Ga0059260_01848_BLAST,CPVAE,24h,st,1.2850201845657274
N900_RS02595,Ga0059260_01848_BLAST,CPVAE,24h,SI1,0.6736995454781728
N900_RS02595,Ga0059260_01848_BLAST,CPVAE,24h,SI2,0.9411703449274582
N900_RS02595,Ga0059260_01848_BLAST,CPVAE,24h,SI3,0.4893774133609742
N900_RS02595,Ga0059260_01848_BLAST,CPVAE,24h,SI4,0.2877548431189541
N900_RS02595,Ga0059260_01848_BLAST,CPVAE,24h,SI5,0.3026378410761551
N900_RS02595,Ga0059260_01848_BLAST,CPVAE,24h,SI6,0.488577524548504
N900_RS02595,Ga0059260_01848_BLAST,CPVAE,24h,SI7,0.3289376935257787
N900_RS02595,Ga0059260_01848_BLAST,CPVAE,24h,SI8,0.4072883583520726
N900_RS02595,Ga0059260_01848_BLAST,CPVAE,24h,SI9,0.4958879555704952
N900_RS02595,Ga0059260_01848_BLAST,CPVAE,24h,ce,0.3355724212494724
N900_RS02595,Ga0059260_01848_BLAST,CPVAE,24h,co,0.4749095082786703
N900_RS09560,N900_RS09560,Observed,1h,st,-0.2208399999999999
N900_RS09560,N900_RS09560,Observed,1h,SI1,-1.1866
N900_RS09560,N900_RS09560,Observed,1h,SI2,0.095644
N900_RS09560,N900_RS09560,Observed,1h,SI3,1.0921
N900_RS09560,N900_RS09560,Observed,1h,SI4,-0.28927
N900_RS09560,N900_RS09560,Observed,1h,SI5,0.0059339999999999
N900_RS09560,N900_RS09560,Observed,1h,SI6,-0.21548
N900_RS09560,N900_RS09560,Observed,1h,SI7,-0.40961
N900_RS09560,N900_RS09560,Observed,1h,SI8,0.40123
N900_RS09560,N900_RS09560,Observed,1h,SI9,0.81191
N900_RS09560,N900_RS09560,Observed,1h,ce,-0.057739
N900_RS09560,N900_RS09560,Observed,1h,co,2.7998
N900_RS09560,N900_RS09560,Observed,3h,st,-0.47964
N900_RS09560,N900_RS09560,Observed,3h,SI1,-0.1625399999999999
N900_RS09560,N900_RS09560,Observed,3h,SI2,-0.4895399999999999
N900_RS09560,N900_RS09560,Observed,3h,SI3,-0.1535999999999999
N900_RS09560,N900_RS09560,Observed,3h,SI4,-0.1759
N900_RS09560,N900_RS09560,Observed,3h,SI5,-0.70936
N900_RS09560,N900_RS09560,Observed,3h,SI6,-0.76382
N900_RS09560,N900_RS09560,Observed,3h,SI7,1.5996
N900_RS09560,N900_RS09560,Observed,3h,SI8,2.5507
N900_RS09560,N900_RS09560,Observed,3h,SI9,1.4409
N900_RS09560,N900_RS09560,Observed,3h,ce,0.4613
N900_RS09560,N900_RS09560,Observed,3h,co,0.29356
N900_RS09560,N900_RS09560,Observed,6h,st,-0.1906399999999999
N900_RS09560,N900_RS09560,Observed,6h,SI1,1.4834
N900_RS09560,N900_RS09560,Observed,6h,SI2,-0.39987
N900_RS09560,N900_RS09560,Observed,6h,SI3,2.3444
N900_RS09560,N900_RS09560,Observed,6h,SI4,-0.71752
N900_RS09560,N900_RS09560,Observed,6h,SI5,-0.71993
N900_RS09560,N900_RS09560,Observed,6h,SI6,0.4001
N900_RS09560,N900_RS09560,Observed,6h,SI7,-1.4121
N900_RS09560,N900_RS09560,Observed,6h,SI8,0.3831
N900_RS09560,N900_RS09560,Observed,6h,SI9,0.84903
N900_RS09560,N900_RS09560,Observed,6h,ce,0.28239
N900_RS09560,N900_RS09560,Observed,6h,co,-0.33532
N900_RS09560,N900_RS09560,Observed,12h,st,-0.38672
N900_RS09560,N900_RS09560,Observed,12h,SI1,-0.4063699999999999
N900_RS09560,N900_RS09560,Observed,12h,SI2,1.039
N900_RS09560,N900_RS09560,Observed,12h,SI3,2.2634
N900_RS09560,N900_RS09560,Observed,12h,SI4,-0.39353
N900_RS09560,N900_RS09560,Observed,12h,SI5,0.038544
N900_RS09560,N900_RS09560,Observed,12h,SI6,-0.8577199999999999
N900_RS09560,N900_RS09560,Observed,12h,SI7,-0.4160599999999999
N900_RS09560,N900_RS09560,Observed,12h,SI8,-0.31061
N900_RS09560,N900_RS09560,Observed,12h,SI9,-0.1756399999999999
N900_RS09560,N900_RS09560,Observed,12h,ce,0.6543
N900_RS09560,N900_RS09560,Observed,12h,co,0.16539
N900_RS09560,N900_RS09560,Observed,24h,st,-1.1853
N900_RS09560,N900_RS09560,Observed,24h,SI1,0.14673
N900_RS09560,N900_RS09560,Observed,24h,SI2,0.35747
N900_RS09560,N900_RS09560,Observed,24h,SI3,-0.79237
N900_RS09560,N900_RS09560,Observed,24h,SI4,-0.1292399999999999
N900_RS09560,N900_RS09560,Observed,24h,SI5,-0.3398
N900_RS09560,N900_RS09560,Observed,24h,SI6,-0.066089
N900_RS09560,N900_RS09560,Observed,24h,SI7,0.060435
N900_RS09560,N900_RS09560,Observed,24h,SI8,0.21291
N900_RS09560,N900_RS09560,Observed,24h,SI9,-0.75166
N900_RS09560,N900_RS09560,Observed,24h,ce,-0.4082299999999999
N900_RS09560,N900_RS09560,Observed,24h,co,-0.45486
N900_RS09560,N900_RS09560,PCA,1h,st,0.010892975446238
N900_RS09560,N900_RS09560,PCA,1h,SI1,0.2470841678996358
N900_RS09560,N900_RS09560,PCA,1h,SI2,0.6589471782193852
N900_RS09560,N900_RS09560,PCA,1h,SI3,0.2680155293843347
N900_RS09560,N900_RS09560,PCA,1h,SI4,0.0463680164271163
N900_RS09560,N900_RS09560,PCA,1h,SI5,0.0373337332546406
N900_RS09560,N900_RS09560,PCA,1h,SI6,0.0442356545713252
N900_RS09560,N900_RS09560,PCA,1h,SI7,0.0792738001234874
N900_RS09560,N900_RS09560,PCA,1h,SI8,0.0877964125261261
N900_RS09560,N900_RS09560,PCA,1h,SI9,0.224720189522978
N900_RS09560,N900_RS09560,PCA,1h,ce,0.9481930773531718
N900_RS09560,N900_RS09560,PCA,1h,co,1.3332941902639153
N900_RS09560,N900_RS09560,PCA,3h,st,-0.9714250015575162
N900_RS09560,N900_RS09560,PCA,3h,SI1,-0.0881876569725693
N900_RS09560,N900_RS09560,PCA,3h,SI2,-0.5118882497852821
N900_RS09560,N900_RS09560,PCA,3h,SI3,0.3483030522591408
N900_RS09560,N900_RS09560,PCA,3h,SI4,-1.2987376534128388
N900_RS09560,N900_RS09560,PCA,3h,SI5,-0.4439013329310385
N900_RS09560,N900_RS09560,PCA,3h,SI6,-0.0800482269374713
N900_RS09560,N900_RS09560,PCA,3h,SI7,0.5280546376424297
N900_RS09560,N900_RS09560,PCA,3h,SI8,0.8778458302515348
N900_RS09560,N900_RS09560,PCA,3h,SI9,1.0323868769089344
N900_RS09560,N900_RS09560,PCA,3h,ce,0.3609373557791646
N900_RS09560,N900_RS09560,PCA,3h,co,0.315716079604872
N900_RS09560,N900_RS09560,PCA,6h,st,-0.4669743863953984
N900_RS09560,N900_RS09560,PCA,6h,SI1,0.2949205652762511
N900_RS09560,N900_RS09560,PCA,6h,SI2,0.4870055132583639
N900_RS09560,N900_RS09560,PCA,6h,SI3,0.9788713022197308
N900_RS09560,N900_RS09560,PCA,6h,SI4,-0.923191158143923
N900_RS09560,N900_RS09560,PCA,6h,SI5,-0.2327306822784546
N900_RS09560,N900_RS09560,PCA,6h,SI6,-0.3685965034297977
N900_RS09560,N900_RS09560,PCA,6h,SI7,-0.3375012109208888
N900_RS09560,N900_RS09560,PCA,6h,SI8,-0.0238176636924567
N900_RS09560,N900_RS09560,PCA,6h,SI9,0.0215796651403613
N900_RS09560,N900_RS09560,PCA,6h,ce,-0.3457280232833311
N900_RS09560,N900_RS09560,PCA,6h,co,0.1570988594023566
N900_RS09560,N900_RS09560,PCA,12h,st,1.1380315968839771
N900_RS09560,N900_RS09560,PCA,12h,SI1,0.961456172406342
N900_RS09560,N900_RS09560,PCA,12h,SI2,1.062173456208272
N900_RS09560,N900_RS09560,PCA,12h,SI3,1.2225727990259347
N900_RS09560,N900_RS09560,PCA,12h,SI4,0.1294220413985265
N900_RS09560,N900_RS09560,PCA,12h,SI5,-0.1087048903614605
N900_RS09560,N900_RS09560,PCA,12h,SI6,-0.2154869536696363
N900_RS09560,N900_RS09560,PCA,12h,SI7,-0.1188127529545464
N900_RS09560,N900_RS09560,PCA,12h,SI8,-0.2939378746999323
N900_RS09560,N900_RS09560,PCA,12h,SI9,-0.2111939224679946
N900_RS09560,N900_RS09560,PCA,12h,ce,0.079862914984538
N900_RS09560,N900_RS09560,PCA,12h,co,0.2512510241755847
N900_RS09560,N900_RS09560,PCA,24h,st,-0.0414080367869623
N900_RS09560,N900_RS09560,PCA,24h,SI1,0.0885299666073075
N900_RS09560,N900_RS09560,PCA,24h,SI2,0.0349397512091362
N900_RS09560,N900_RS09560,PCA,24h,SI3,-0.0303305656946201
N900_RS09560,N900_RS09560,PCA,24h,SI4,-0.104047043757999
N900_RS09560,N900_RS09560,PCA,24h,SI5,-0.0685278014848603
N900_RS09560,N900_RS09560,PCA,24h,SI6,-0.0416439973663474
N900_RS09560,N900_RS09560,PCA,24h,SI7,-0.0636732128982176
N900_RS09560,N900_RS09560,PCA,24h,SI8,-0.0795430054641815
N900_RS09560,N900_RS09560,PCA,24h,SI9,-0.2760853990343268
N900_RS09560,N900_RS09560,PCA,24h,ce,-0.2569622274074501
N900_RS09560,N900_RS09560,PCA,24h,co,-0.2842699518456262
N900_RS09560,N900_RS09560,CP,1h,st,1.0290076465015725
N900_RS09560,N900_RS09560,CP,1h,SI1,0.2605321625924064
N900_RS09560,N900_RS09560,CP,1h,SI2,0.3462001534816313
N900_RS09560,N900_RS09560,CP,1h,SI3,0.1652069807728456
N900_RS09560,N900_RS09560,CP,1h,SI4,-0.0708065540404371
N900_RS09560,N900_RS09560,CP,1h,SI5,-0.1507490816662306
N900_RS09560,N900_RS09560,CP,1h,SI6,0.0085456012192413
N900_RS09560,N900_RS09560,CP,1h,SI7,0.0488109598521225
N900_RS09560,N900_RS09560,CP,1h,SI8,0.1087911455521974
N900_RS09560,N900_RS09560,CP,1h,SI9,0.24055251266532
N900_RS09560,N900_RS09560,CP,1h,ce,0.5820639048612303
N900_RS09560,N900_RS09560,CP,1h,co,0.6803666036874619
N900_RS09560,N900_RS09560,CP,3h,st,-0.7600735509866345
N900_RS09560,N900_RS09560,CP,3h,SI1,-0.0766015748606759
N900_RS09560,N900_RS09560,CP,3h,SI2,-0.6002650344480653
N900_RS09560,N900_RS09560,CP,3h,SI3,0.1798946292513558
N900_RS09560,N900_RS09560,CP,3h,SI4,-0.6300883476670245
N900_RS09560,N900_RS09560,CP,3h,SI5,-0.3658606102148096
N900_RS09560,N900_RS09560,CP,3h,SI6,0.3356058054728026
N900_RS09560,N900_RS09560,CP,3h,SI7,0.4434792297988367
N900_RS09560,N900_RS09560,CP,3h,SI8,0.9018143851497826
N900_RS09560,N900_RS09560,CP,3h,SI9,1.237419585917831
N900_RS09560,N900_RS09560,CP,3h,ce,0.3982223149966549
N900_RS09560,N900_RS09560,CP,3h,co,0.3743151435692414
N900_RS09560,N900_RS09560,CP,6h,st,-0.8604287481425938
N900_RS09560,N900_RS09560,CP,6h,SI1,0.4686049832328276
N900_RS09560,N900_RS09560,CP,6h,SI2,0.907356797724926
N900_RS09560,N900_RS09560,CP,6h,SI3,0.9655016045800212
N900_RS09560,N900_RS09560,CP,6h,SI4,-0.3216058600669247
N900_RS09560,N900_RS09560,CP,6h,SI5,-0.409961335705496
N900_RS09560,N900_RS09560,CP,6h,SI6,-0.0641917622453965
N900_RS09560,N900_RS09560,CP,6h,SI7,-0.0614115579980369
N900_RS09560,N900_RS09560,CP,6h,SI8,0.1325674591907937
N900_RS09560,N900_RS09560,CP,6h,SI9,0.157615223982817
N900_RS09560,N900_RS09560,CP,6h,ce,-0.055037492921052
N900_RS09560,N900_RS09560,CP,6h,co,-0.0189005029547496
N900_RS09560,N900_RS09560,CP,12h,st,0.8964049421028376
N900_RS09560,N900_RS09560,CP,12h,SI1,0.8170800013595699
N900_RS09560,N900_RS09560,CP,12h,SI2,0.8511398108895682
N900_RS09560,N900_RS09560,CP,12h,SI3,0.5890004530629698
N900_RS09560,N900_RS09560,CP,12h,SI4,0.3517956311226837
N900_RS09560,N900_RS09560,CP,12h,SI5,-0.0836501067201389
N900_RS09560,N900_RS09560,CP,12h,SI6,-0.1501252476168162
N900_RS09560,N900_RS09560,CP,12h,SI7,-0.2049053889990957
N900_RS09560,N900_RS09560,CP,12h,SI8,-0.1726883623334515
N900_RS09560,N900_RS09560,CP,12h,SI9,-0.1882220682160046
N900_RS09560,N900_RS09560,CP,12h,ce,-0.1362885906733398
N900_RS09560,N900_RS09560,CP,12h,co,-0.0942905121555369
N900_RS09560,N900_RS09560,CP,24h,st,0.0368246078597135
N900_RS09560,N900_RS09560,CP,24h,SI1,-0.3321309208290462
N900_RS09560,N900_RS09560,CP,24h,SI2,-0.1142997906750083
N900_RS09560,N900_RS09560,CP,24h,SI3,-0.0869523107667387
N900_RS09560,N900_RS09560,CP,24h,SI4,-0.2695425544189035
N900_RS09560,N900_RS09560,CP,24h,SI5,-0.3097843703902903
N900_RS09560,N900_RS09560,CP,24h,SI6,-0.2377222550790033
N900_RS09560,N900_RS09560,CP,24h,SI7,-0.2554807907742377
N900_RS09560,N900_RS09560,CP,24h,SI8,-0.2049528138737744
N900_RS09560,N900_RS09560,CP,24h,SI9,-0.2067497809874789
N900_RS09560,N900_RS09560,CP,24h,ce,-0.2609076516608163
N900_RS09560,N900_RS09560,CP,24h,co,-0.2036419248823586
N900_RS09560,N900_RS09560,VAE,1h,st,0.2925258392529605
N900_RS09560,N900_RS09560,VAE,1h,SI1,0.8912169846503399
N900_RS09560,N900_RS09560,VAE,1h,SI2,0.5116454823401948
N900_RS09560,N900_RS09560,VAE,1h,SI3,0.2813417918463723
N900_RS09560,N900_RS09560,VAE,1h,SI4,0.3026637038331337
N900_RS09560,N900_RS09560,VAE,1h,SI5,0.3125654475785592
N900_RS09560,N900_RS09560,VAE,1h,SI6,0.2645594766138134
N900_RS09560,N900_RS09560,VAE,1h,SI7,0.274385400767504
N900_RS09560,N900_RS09560,VAE,1h,SI8,0.2831065137684564
N900_RS09560,N900_RS09560,VAE,1h,SI9,0.358175734667433
N900_RS09560,N900_RS09560,VAE,1h,ce,0.8402951279639237
N900_RS09560,N900_RS09560,VAE,1h,co,0.762953351974111
N900_RS09560,N900_RS09560,VAE,3h,st,0.2535860421365706
N900_RS09560,N900_RS09560,VAE,3h,SI1,0.0598515941556975
N900_RS09560,N900_RS09560,VAE,3h,SI2,0.1009028682113459
N900_RS09560,N900_RS09560,VAE,3h,SI3,0.3179507908212575
N900_RS09560,N900_RS09560,VAE,3h,SI4,0.1757830779029369
N900_RS09560,N900_RS09560,VAE,3h,SI5,0.4523579892282688
N900_RS09560,N900_RS09560,VAE,3h,SI6,0.1810916848635499
N900_RS09560,N900_RS09560,VAE,3h,SI7,0.3870941798757218
N900_RS09560,N900_RS09560,VAE,3h,SI8,0.3723611059934221
N900_RS09560,N900_RS09560,VAE,3h,SI9,0.1954285293059164
N900_RS09560,N900_RS09560,VAE,3h,ce,0.0692869218652313
N900_RS09560,N900_RS09560,VAE,3h,co,0.0805492117824335
N900_RS09560,N900_RS09560,VAE,6h,st,0.1056296127444686
N900_RS09560,N900_RS09560,VAE,6h,SI1,0.0491074418703347
N900_RS09560,N900_RS09560,VAE,6h,SI2,0.0668256514518621
N900_RS09560,N900_RS09560,VAE,6h,SI3,0.2174714315386317
N900_RS09560,N900_RS09560,VAE,6h,SI4,0.0435014452818808
N900_RS09560,N900_RS09560,VAE,6h,SI5,0.1167126776583041
N900_RS09560,N900_RS09560,VAE,6h,SI6,-0.1105067849022179
N900_RS09560,N900_RS09560,VAE,6h,SI7,-0.1159977468157227
N900_RS09560,N900_RS09560,VAE,6h,SI8,-0.0141761004381366
N900_RS09560,N900_RS09560,VAE,6h,SI9,-0.1072561610636114
N900_RS09560,N900_RS09560,VAE,6h,ce,-0.0270848010987394
N900_RS09560,N900_RS09560,VAE,6h,co,0.1503958567780476
N900_RS09560,N900_RS09560,VAE,12h,st,0.2157423675426412
N900_RS09560,N900_RS09560,VAE,12h,SI1,0.0461507202506275
N900_RS09560,N900_RS09560,VAE,12h,SI2,0.1146743103812594
N900_RS09560,N900_RS09560,VAE,12h,SI3,0.1979285298865899
N900_RS09560,N900_RS09560,VAE,12h,SI4,-0.211953132936205
N900_RS09560,N900_RS09560,VAE,12h,SI5,-0.1346258379968551
N900_RS09560,N900_RS09560,VAE,12h,SI6,-0.2029454147043961
N900_RS09560,N900_RS09560,VAE,12h,SI7,-0.1596775238827647
N900_RS09560,N900_RS09560,VAE,12h,SI8,-0.1448417275397511
N900_RS09560,N900_RS09560,VAE,12h,SI9,-0.2070104448498088
N900_RS09560,N900_RS09560,VAE,12h,ce,-0.0561970665319837
N900_RS09560,N900_RS09560,VAE,12h,co,-0.0362652556774446
N900_RS09560,N900_RS09560,VAE,24h,st,-0.0674687309365553
N900_RS09560,N900_RS09560,VAE,24h,SI1,-0.0778351702627947
N900_RS09560,N900_RS09560,VAE,24h,SI2,-0.1430462101360406
N900_RS09560,N900_RS09560,VAE,24h,SI3,-0.1241852928912751
N900_RS09560,N900_RS09560,VAE,24h,SI4,-0.1531552853250644
N900_RS09560,N900_RS09560,VAE,24h,SI5,-0.194331687328114
N900_RS09560,N900_RS09560,VAE,24h,SI6,-0.137840471775183
N900_RS09560,N900_RS09560,VAE,24h,SI7,-0.1390883929055221
N900_RS09560,N900_RS09560,VAE,24h,SI8,-0.1413584636326549
N900_RS09560,N900_RS09560,VAE,24h,SI9,-0.136530587691304
N900_RS09560,N900_RS09560,VAE,24h,ce,-0.042227130723705
N900_RS09560,N900_RS09560,VAE,24h,co,-0.1139229842746938
N900_RS09560,N900_RS09560,CPVAE,1h,st,0.5215469072368029
N900_RS09560,N900_RS09560,CPVAE,1h,SI1,-0.6165631686185368
N900_RS09560,N900_RS09560,CPVAE,1h,SI2,0.6199431209115721
N900_RS09560,N900_RS09560,CPVAE,1h,SI3,0.3050229990877051
N900_RS09560,N900_RS09560,CPVAE,1h,SI4,-0.8018241096333197
N900_RS09560,N900_RS09560,CPVAE,1h,SI5,-0.5412449135077027
N900_RS09560,N900_RS09560,CPVAE,1h,SI6,-0.4105373046451133
N900_RS09560,N900_RS09560,CPVAE,1h,SI7,-0.5579699688067802
N900_RS09560,N900_RS09560,CPVAE,1h,SI8,-0.555730002722169
N900_RS09560,N900_RS09560,CPVAE,1h,SI9,-0.3381590216270406
N900_RS09560,N900_RS09560,CPVAE,1h,ce,1.2370459388551862
N900_RS09560,N900_RS09560,CPVAE,1h,co,2.761495614587421
N900_RS09560,N900_RS09560,CPVAE,3h,st,-0.5384427638163182
N900_RS09560,N900_RS09560,CPVAE,3h,SI1,-0.5108859359125524
N900_RS09560,N900_RS09560,CPVAE,3h,SI2,-1.0211009053314937
N900_RS09560,N900_RS09560,CPVAE,3h,SI3,-0.1159638425581254
N900_RS09560,N900_RS09560,CPVAE,3h,SI4,-0.6851560519041697
N900_RS09560,N900_RS09560,CPVAE,3h,SI5,-1.03493564924114
N900_RS09560,N900_RS09560,CPVAE,3h,SI6,0.207227881860815
N900_RS09560,N900_RS09560,CPVAE,3h,SI7,1.7133038280561013
N900_RS09560,N900_RS09560,CPVAE,3h,SI8,1.9298851821338237
N900_RS09560,N900_RS09560,CPVAE,3h,SI9,1.6963904925302726
N900_RS09560,N900_RS09560,CPVAE,3h,ce,0.9010886503239786
N900_RS09560,N900_RS09560,CPVAE,3h,co,0.655964906647508
N900_RS09560,N900_RS09560,CPVAE,6h,st,0.4288086658290865
N900_RS09560,N900_RS09560,CPVAE,6h,SI1,1.5277296712195654
N900_RS09560,N900_RS09560,CPVAE,6h,SI2,0.2341327037888361
N900_RS09560,N900_RS09560,CPVAE,6h,SI3,1.4844200112028378
N900_RS09560,N900_RS09560,CPVAE,6h,SI4,-0.5899855785748722
N900_RS09560,N900_RS09560,CPVAE,6h,SI5,-0.9677215745254418
N900_RS09560,N900_RS09560,CPVAE,6h,SI6,-0.5681127091167881
N900_RS09560,N900_RS09560,CPVAE,6h,SI7,-1.1665541028924704
N900_RS09560,N900_RS09560,CPVAE,6h,SI8,0.3518576390651557
N900_RS09560,N900_RS09560,CPVAE,6h,SI9,0.2819919644414163
N900_RS09560,N900_RS09560,CPVAE,6h,ce,0.5186463926852106
N900_RS09560,N900_RS09560,CPVAE,6h,co,0.3981487480916584
N900_RS09560,N900_RS09560,CPVAE,12h,st,0.4443876721950255
N900_RS09560,N900_RS09560,CPVAE,12h,SI1,0.028018412410018
N900_RS09560,N900_RS09560,CPVAE,12h,SI2,1.26815676196207
N900_RS09560,N900_RS09560,CPVAE,12h,SI3,0.9006688327142319
N900_RS09560,N900_RS09560,CPVAE,12h,SI4,-0.0424085424155116
N900_RS09560,N900_RS09560,CPVAE,12h,SI5,0.0613586928759019
N900_RS09560,N900_RS09560,CPVAE,12h,SI6,-0.0357067388320729
N900_RS09560,N900_RS09560,CPVAE,12h,SI7,0.0225645698130206
N900_RS09560,N900_RS09560,CPVAE,12h,SI8,-1.1403279373871926
N900_RS09560,N900_RS09560,CPVAE,12h,SI9,0.0880917350034792
N900_RS09560,N900_RS09560,CPVAE,12h,ce,0.4226588958317297
N900_RS09560,N900_RS09560,CPVAE,12h,co,0.9189781415046724
N900_RS09560,N900_RS09560,CPVAE,24h,st,-1.0138729214869275
N900_RS09560,N900_RS09560,CPVAE,24h,SI1,0.4224523615101753
N900_RS09560,N900_RS09560,CPVAE,24h,SI2,0.182503846348335
N900_RS09560,N900_RS09560,CPVAE,24h,SI3,-0.4488316853279875
N900_RS09560,N900_RS09560,CPVAE,24h,SI4,-0.2904589462466118
N900_RS09560,N900_RS09560,CPVAE,24h,SI5,-0.1432392199535849
N900_RS09560,N900_RS09560,CPVAE,24h,SI6,0.1188848518344301
N900_RS09560,N900_RS09560,CPVAE,24h,SI7,0.1049303536230667
N900_RS09560,N900_RS09560,CPVAE,24h,SI8,0.0569605587137431
N900_RS09560,N900_RS09560,CPVAE,24h,SI9,-0.7196730306457773
N900_RS09560,N900_RS09560,CPVAE,24h,ce,-0.5372019105014342
N900_RS09560,N900_RS09560,CPVAE,24h,co,-0.4216418524131977
