Set,GO_ID,GO_term,Ontology,Overlap,Term_size,Input_size,Fold_enrichment,P_value,Genes,FDR_BH,minus_log10_FDR,log10_Fold_enrichment
CPVAE_top100_advantage_genes,GO:0009424,bacterial-type flagellum hook,CC,3,5,69,24.49565217391304,0.00013587107016972767,N900_RS03500/N900_RS03740/N900_RS03800,0.003668518894582647,2.435509239764388,1.3890890066321617
CPVAE_top100_advantage_genes,GO:0071973,bacterial-type flagellum-dependent cell motility,BP,4,18,69,9.072463768115943,0.0007787655511131393,N900_RS03440/N900_RS03740/N900_RS03800/N900_RS03815,0.010513334940027382,1.978259499355982,0.9577252424731745
CPVAE_top100_advantage_genes,GO:0044780,bacterial-type flagellum assembly,BP,3,13,69,9.421404682274247,0.0033740427407544286,N900_RS03440/N900_RS03500/N900_RS03800,0.030366384666789856,1.51760691083862,0.9741156586613436
CPVAE_top100_advantage_genes,GO:0046677,response to antibiotic,BP,2,12,69,6.804347826086956,0.03331024170723989,N900_RS06605/N900_RS11630,0.22484413152386926,0.6481184431196575,0.8327865058648743
CPVAE_top100_advantage_genes,GO:0042910,xenobiotic transmembrane transporter activity,MF,2,15,69,5.443478260869565,0.05055902816256908,N900_RS05560/N900_RS06605,0.273018752077873,0.5638075227604946,0.735876492856818
CPVAE_top100_advantage_genes,GO:0005576,extracellular region,CC,3,39,69,3.140468227424749,0.06867172013233547,N900_RS03500/N900_RS03740/N900_RS07865,0.3090227405955096,0.5100095602135127,0.49699440394168126
CPVAE_top100_advantage_genes,GO:0016887,ATP hydrolysis activity,MF,6,126,69,1.9440993788819876,0.08562491697686382,N900_RS01480/N900_RS02595/N900_RS07075/N900_RS11035/N900_RS14835/N900_RS19305,0.33026753691076044,0.4811341124526841,0.2887184615145988
CPVAE_top100_advantage_genes,GO:0004888,transmembrane signaling receptor activity,MF,2,22,69,3.7114624505928853,0.09977493905384308,N900_RS00510/N900_RS07280,0.3367404193067204,0.4727047516596589,0.569545071090293
CPVAE_top100_advantage_genes,GO:0045893,positive regulation of DNA-templated transcription,BP,2,25,69,3.266086956521739,0.12373764098451041,N900_RS10060/N900_RS18030,0.37121292295353125,0.4303769131920863,0.5140277432404616
CPVAE_top100_advantage_genes,GO:0003723,RNA binding,MF,3,52,69,2.3553511705685617,0.13319897371370099,N900_RS10445/N900_RS11170/N900_RS12875,0.35963722902699263,0.44413535719437003,0.3720556673333813
CPVAE_top100_advantage_genes,GO:0016491,oxidoreductase activity,MF,2,31,69,2.6339410939691446,0.175042325926328,N900_RS13130/N900_RS16415,0.42964934545553235,0.3668858454920488,0.4206060580782266
CPVAE_top100_advantage_genes,GO:0016020,membrane,CC,10,310,69,1.3169705469845723,0.2221442583402164,N900_RS03305/N900_RS03440/N900_RS05165/N900_RS06450/N900_RS06605/N900_RS07280/N900_RS12555/N900_RS13185/N900_RS14120/N900_RS14125,0.4998245812654869,0.30118238917506446,0.11957606241424538
CPVAE_top100_advantage_genes,GO:0006935,chemotaxis,BP,3,69,69,1.775047258979206,0.23800481349968922,N900_RS00510/N900_RS03815/N900_RS07280,0.4943176895762776,0.30599384766606763,0.24920992023092514
CPVAE_top100_advantage_genes,GO:0009055,electron transfer activity,MF,2,44,69,1.8557312252964426,0.29330110669531645,N900_RS06470/N900_RS06860,0.5656521343409674,0.24745056983852026,0.2685150754263118
CPVAE_top100_advantage_genes,GO:0003700,DNA-binding transcription factor activity,MF,4,126,69,1.2960662525879918,0.37260357122725024,N900_RS00360/N900_RS14160/N900_RS17685/N900_RS18030,0.6706864282090504,0.17348048181136072,0.11262720245891755
CPVAE_top100_advantage_genes,GO:0030288,outer membrane-bounded periplasmic space,CC,2,54,69,1.5120772946859904,0.3836236698478098,N900_RS04740/N900_RS11630,0.647364942868179,0.1888508228993727,0.17957399208953076
CPVAE_top100_advantage_genes,GO:0055085,transmembrane transport,BP,2,59,69,1.3839351510685336,0.42706686748243505,N900_RS04740/N900_RS07075,0.6782826718838675,0.16858927773277307,0.14111574027035506
CPVAE_top100_advantage_genes,GO:0006508,proteolysis,BP,2,62,69,1.3169705469845723,0.4523838743476035,N900_RS07075/N900_RS11630,0.6785758115214053,0.16840162525383365,0.11957606241424538
CPVAE_top100_advantage_genes,GO:0006355,regulation of DNA-templated transcription,BP,4,150,69,1.088695652173913,0.5059636614546319,N900_RS00360/N900_RS09255/N900_RS12875/N900_RS17685,0.7190009925934242,0.14327051006558839,0.0369064885207992
CPVAE_top100_advantage_genes,GO:0005524,ATP binding,MF,9,355,69,1.035027556644213,0.5109871643171727,N900_RS01480/N900_RS02595/N900_RS07075/N900_RS10180/N900_RS11035/N900_RS11610/N900_RS14835/N900_RS17625/N900_RS19305,0.6898326718281832,0.16125624044315068,0.01495191263274882
CPVAE_top100_advantage_genes,GO:0007165,signal transduction,BP,2,76,69,1.074370709382151,0.5616748398751359,N900_RS00510/N900_RS07280,0.7221533655537462,0.1413705604073942,0.031154159631707902
CPVAE_top100_advantage_genes,GO:0003677,DNA binding,MF,4,172,69,0.949443882709808,0.6167821042723269,N900_RS09255/N900_RS10060/N900_RS11200/N900_RS14160,0.7569598552433103,0.12092715234750415,-0.022530699331068455
CPVAE_top100_advantage_genes,GO:0022857,transmembrane transporter activity,MF,2,87,69,0.9385307346326837,0.6362766254956089,N900_RS06580/N900_RS10285,0.7469334299296279,0.12671810273951975,-0.027551500706119284
CPVAE_top100_advantage_genes,GO:0005886,plasma membrane,CC,15,661,69,0.9264618825231862,0.6797307193282702,N900_RS00510/N900_RS03815/N900_RS04635/N900_RS05560/N900_RS06470/N900_RS06580/N900_RS06605/N900_RS07075/N900_RS07425/N900_RS08580/N900_RS10060/N900_RS10285/N900_RS11035/N900_RS11630/N900_RS16415,0.764697059244304,0.11651057995155278,-0.03317244418144097
CPVAE_top100_advantage_genes,GO:0005829,cytosol,CC,7,420,69,0.6804347826086956,0.90830429714036,N900_RS01835/N900_RS10445/N900_RS11200/N900_RS11610/N900_RS12875/N900_RS15155/N900_RS15300,0.9809686409115888,0.00834487569521558,-0.16721349413512562
CPVAE_top100_advantage_genes,GO:0046872,metal ion binding,MF,4,290,69,0.5631184407796103,0.9362264515368874,N900_RS07840/N900_RS08725/N900_RS11200/N900_RS15155,0.9722351612113831,0.012228676571547357,-0.2494002503224756
CPVAE_top100_advantage_genes,GO:0005737,cytoplasm,CC,6,433,69,0.5657194497439502,0.9660413715983127,N900_RS04065/N900_RS08555/N900_RS09650/N900_RS10975/N900_RS11035/N900_RS11170,0.9660413715983127,0.015004274130973619,-0.2473988897212038
